ISO-10303-21;
HEADER;
/* Generated by software containing ST-Developer
 * from STEP Tools, Inc. (www.steptools.com) 
 */

FILE_DESCRIPTION(
/* description */ (''),
/* implementation_level */ '2;1');

FILE_NAME(
/* name */ 'BOX KOMPONEN MASTER.step',
/* time_stamp */ '2026-06-07T21:11:23+07:00',
/* author */ (''),
/* organization */ (''),
/* preprocessor_version */ 'ST-DEVELOPER v20.1',
/* originating_system */ 'Autodesk Translation Framework v14.24.0.0',
/* authorisation */ '');

FILE_SCHEMA (('AUTOMOTIVE_DESIGN { 1 0 10303 214 3 1 1 }'));
ENDSEC;

DATA;
#10=MECHANICAL_DESIGN_GEOMETRIC_PRESENTATION_REPRESENTATION('',(#13),#2968);
#11=SHAPE_REPRESENTATION_RELATIONSHIP('SRR','None',#2975,#12);
#12=ADVANCED_BREP_SHAPE_REPRESENTATION('',(#14),#2967);
#13=STYLED_ITEM('',(#2985),#14);
#14=MANIFOLD_SOLID_BREP('Body1',#1832);
#15=FACE_BOUND('',#257,.T.);
#16=FACE_BOUND('',#261,.T.);
#17=FACE_BOUND('',#263,.T.);
#18=FACE_BOUND('',#277,.T.);
#19=FACE_BOUND('',#278,.T.);
#20=FACE_BOUND('',#279,.T.);
#21=FACE_BOUND('',#280,.T.);
#22=FACE_BOUND('',#299,.T.);
#23=FACE_BOUND('',#301,.T.);
#24=FACE_BOUND('',#303,.T.);
#25=FACE_BOUND('',#305,.T.);
#26=FACE_BOUND('',#337,.T.);
#27=FACE_BOUND('',#340,.T.);
#28=FACE_BOUND('',#342,.T.);
#29=FACE_BOUND('',#343,.T.);
#30=FACE_BOUND('',#344,.T.);
#31=FACE_BOUND('',#345,.T.);
#32=FACE_BOUND('',#346,.T.);
#33=FACE_BOUND('',#347,.T.);
#34=CONICAL_SURFACE('',#1853,2.15,0.785398163397448);
#35=CONICAL_SURFACE('',#1859,2.15,0.785398163397448);
#36=CONICAL_SURFACE('',#1865,2.15,0.785398163397448);
#37=CONICAL_SURFACE('',#1871,2.15,0.785398163397448);
#38=CONICAL_SURFACE('',#1916,0.65,1.02974425867665);
#39=CONICAL_SURFACE('',#1920,0.65,1.02974425867665);
#40=CONICAL_SURFACE('',#1924,0.65,1.02974425867665);
#41=CONICAL_SURFACE('',#1928,0.65,1.02974425867665);
#42=PLANE('',#1849);
#43=PLANE('',#1850);
#44=PLANE('',#1851);
#45=PLANE('',#1852);
#46=PLANE('',#1858);
#47=PLANE('',#1864);
#48=PLANE('',#1870);
#49=PLANE('',#1876);
#50=PLANE('',#1877);
#51=PLANE('',#1878);
#52=PLANE('',#1879);
#53=PLANE('',#1880);
#54=PLANE('',#1881);
#55=PLANE('',#1882);
#56=PLANE('',#1883);
#57=PLANE('',#1884);
#58=PLANE('',#1885);
#59=PLANE('',#1886);
#60=PLANE('',#1887);
#61=PLANE('',#1888);
#62=PLANE('',#1889);
#63=PLANE('',#1890);
#64=PLANE('',#1891);
#65=PLANE('',#1892);
#66=PLANE('',#1893);
#67=PLANE('',#1894);
#68=PLANE('',#1895);
#69=PLANE('',#1896);
#70=PLANE('',#1897);
#71=PLANE('',#1898);
#72=PLANE('',#1899);
#73=PLANE('',#1900);
#74=PLANE('',#1901);
#75=PLANE('',#1902);
#76=PLANE('',#1903);
#77=PLANE('',#1904);
#78=PLANE('',#1905);
#79=PLANE('',#1906);
#80=PLANE('',#1907);
#81=PLANE('',#1908);
#82=PLANE('',#1909);
#83=PLANE('',#1910);
#84=PLANE('',#1911);
#85=PLANE('',#1912);
#86=PLANE('',#1913);
#87=PLANE('',#1914);
#88=PLANE('',#1915);
#89=PLANE('',#1932);
#90=PLANE('',#1933);
#91=PLANE('',#1934);
#92=PLANE('',#1935);
#93=PLANE('',#1936);
#94=PLANE('',#1937);
#95=PLANE('',#1941);
#96=PLANE('',#1945);
#97=PLANE('',#1946);
#98=PLANE('',#1947);
#99=PLANE('',#1948);
#100=PLANE('',#1949);
#101=PLANE('',#1950);
#102=PLANE('',#1951);
#103=PLANE('',#1952);
#104=PLANE('',#1953);
#105=PLANE('',#1954);
#106=PLANE('',#1955);
#107=PLANE('',#1956);
#108=PLANE('',#1957);
#109=PLANE('',#1958);
#110=PLANE('',#1959);
#111=PLANE('',#1960);
#112=PLANE('',#1961);
#113=PLANE('',#1962);
#114=PLANE('',#1963);
#115=PLANE('',#1964);
#116=PLANE('',#1965);
#117=PLANE('',#1966);
#118=PLANE('',#1967);
#119=PLANE('',#1968);
#120=PLANE('',#1969);
#121=PLANE('',#1970);
#122=PLANE('',#1971);
#123=PLANE('',#1972);
#124=PLANE('',#1973);
#125=FACE_OUTER_BOUND('',#227,.T.);
#126=FACE_OUTER_BOUND('',#228,.T.);
#127=FACE_OUTER_BOUND('',#229,.T.);
#128=FACE_OUTER_BOUND('',#230,.T.);
#129=FACE_OUTER_BOUND('',#231,.T.);
#130=FACE_OUTER_BOUND('',#232,.T.);
#131=FACE_OUTER_BOUND('',#233,.T.);
#132=FACE_OUTER_BOUND('',#234,.T.);
#133=FACE_OUTER_BOUND('',#235,.T.);
#134=FACE_OUTER_BOUND('',#236,.T.);
#135=FACE_OUTER_BOUND('',#237,.T.);
#136=FACE_OUTER_BOUND('',#238,.T.);
#137=FACE_OUTER_BOUND('',#239,.T.);
#138=FACE_OUTER_BOUND('',#240,.T.);
#139=FACE_OUTER_BOUND('',#241,.T.);
#140=FACE_OUTER_BOUND('',#242,.T.);
#141=FACE_OUTER_BOUND('',#243,.T.);
#142=FACE_OUTER_BOUND('',#244,.T.);
#143=FACE_OUTER_BOUND('',#245,.T.);
#144=FACE_OUTER_BOUND('',#246,.T.);
#145=FACE_OUTER_BOUND('',#247,.T.);
#146=FACE_OUTER_BOUND('',#248,.T.);
#147=FACE_OUTER_BOUND('',#249,.T.);
#148=FACE_OUTER_BOUND('',#250,.T.);
#149=FACE_OUTER_BOUND('',#251,.T.);
#150=FACE_OUTER_BOUND('',#252,.T.);
#151=FACE_OUTER_BOUND('',#253,.T.);
#152=FACE_OUTER_BOUND('',#254,.T.);
#153=FACE_OUTER_BOUND('',#255,.T.);
#154=FACE_OUTER_BOUND('',#256,.T.);
#155=FACE_OUTER_BOUND('',#258,.T.);
#156=FACE_OUTER_BOUND('',#259,.T.);
#157=FACE_OUTER_BOUND('',#260,.T.);
#158=FACE_OUTER_BOUND('',#262,.T.);
#159=FACE_OUTER_BOUND('',#264,.T.);
#160=FACE_OUTER_BOUND('',#265,.T.);
#161=FACE_OUTER_BOUND('',#266,.T.);
#162=FACE_OUTER_BOUND('',#267,.T.);
#163=FACE_OUTER_BOUND('',#268,.T.);
#164=FACE_OUTER_BOUND('',#269,.T.);
#165=FACE_OUTER_BOUND('',#270,.T.);
#166=FACE_OUTER_BOUND('',#271,.T.);
#167=FACE_OUTER_BOUND('',#272,.T.);
#168=FACE_OUTER_BOUND('',#273,.T.);
#169=FACE_OUTER_BOUND('',#274,.T.);
#170=FACE_OUTER_BOUND('',#275,.T.);
#171=FACE_OUTER_BOUND('',#276,.T.);
#172=FACE_OUTER_BOUND('',#281,.T.);
#173=FACE_OUTER_BOUND('',#282,.T.);
#174=FACE_OUTER_BOUND('',#283,.T.);
#175=FACE_OUTER_BOUND('',#284,.T.);
#176=FACE_OUTER_BOUND('',#285,.T.);
#177=FACE_OUTER_BOUND('',#286,.T.);
#178=FACE_OUTER_BOUND('',#287,.T.);
#179=FACE_OUTER_BOUND('',#288,.T.);
#180=FACE_OUTER_BOUND('',#289,.T.);
#181=FACE_OUTER_BOUND('',#290,.T.);
#182=FACE_OUTER_BOUND('',#291,.T.);
#183=FACE_OUTER_BOUND('',#292,.T.);
#184=FACE_OUTER_BOUND('',#293,.T.);
#185=FACE_OUTER_BOUND('',#294,.T.);
#186=FACE_OUTER_BOUND('',#295,.T.);
#187=FACE_OUTER_BOUND('',#296,.T.);
#188=FACE_OUTER_BOUND('',#297,.T.);
#189=FACE_OUTER_BOUND('',#298,.T.);
#190=FACE_OUTER_BOUND('',#300,.T.);
#191=FACE_OUTER_BOUND('',#302,.T.);
#192=FACE_OUTER_BOUND('',#304,.T.);
#193=FACE_OUTER_BOUND('',#306,.T.);
#194=FACE_OUTER_BOUND('',#307,.T.);
#195=FACE_OUTER_BOUND('',#308,.T.);
#196=FACE_OUTER_BOUND('',#309,.T.);
#197=FACE_OUTER_BOUND('',#310,.T.);
#198=FACE_OUTER_BOUND('',#311,.T.);
#199=FACE_OUTER_BOUND('',#312,.T.);
#200=FACE_OUTER_BOUND('',#313,.T.);
#201=FACE_OUTER_BOUND('',#314,.T.);
#202=FACE_OUTER_BOUND('',#315,.T.);
#203=FACE_OUTER_BOUND('',#316,.T.);
#204=FACE_OUTER_BOUND('',#317,.T.);
#205=FACE_OUTER_BOUND('',#318,.T.);
#206=FACE_OUTER_BOUND('',#319,.T.);
#207=FACE_OUTER_BOUND('',#320,.T.);
#208=FACE_OUTER_BOUND('',#321,.T.);
#209=FACE_OUTER_BOUND('',#322,.T.);
#210=FACE_OUTER_BOUND('',#323,.T.);
#211=FACE_OUTER_BOUND('',#324,.T.);
#212=FACE_OUTER_BOUND('',#325,.T.);
#213=FACE_OUTER_BOUND('',#326,.T.);
#214=FACE_OUTER_BOUND('',#327,.T.);
#215=FACE_OUTER_BOUND('',#328,.T.);
#216=FACE_OUTER_BOUND('',#329,.T.);
#217=FACE_OUTER_BOUND('',#330,.T.);
#218=FACE_OUTER_BOUND('',#331,.T.);
#219=FACE_OUTER_BOUND('',#332,.T.);
#220=FACE_OUTER_BOUND('',#333,.T.);
#221=FACE_OUTER_BOUND('',#334,.T.);
#222=FACE_OUTER_BOUND('',#335,.T.);
#223=FACE_OUTER_BOUND('',#336,.T.);
#224=FACE_OUTER_BOUND('',#338,.T.);
#225=FACE_OUTER_BOUND('',#339,.T.);
#226=FACE_OUTER_BOUND('',#341,.T.);
#227=EDGE_LOOP('',(#1225,#1226,#1227,#1228));
#228=EDGE_LOOP('',(#1229,#1230,#1231,#1232));
#229=EDGE_LOOP('',(#1233,#1234,#1235,#1236));
#230=EDGE_LOOP('',(#1237,#1238,#1239,#1240));
#231=EDGE_LOOP('',(#1241,#1242,#1243,#1244));
#232=EDGE_LOOP('',(#1245,#1246,#1247,#1248));
#233=EDGE_LOOP('',(#1249,#1250,#1251,#1252));
#234=EDGE_LOOP('',(#1253));
#235=EDGE_LOOP('',(#1254,#1255,#1256,#1257));
#236=EDGE_LOOP('',(#1258,#1259,#1260,#1261));
#237=EDGE_LOOP('',(#1262));
#238=EDGE_LOOP('',(#1263,#1264,#1265,#1266));
#239=EDGE_LOOP('',(#1267,#1268,#1269,#1270));
#240=EDGE_LOOP('',(#1271));
#241=EDGE_LOOP('',(#1272,#1273,#1274,#1275));
#242=EDGE_LOOP('',(#1276,#1277,#1278,#1279));
#243=EDGE_LOOP('',(#1280));
#244=EDGE_LOOP('',(#1281,#1282,#1283,#1284));
#245=EDGE_LOOP('',(#1285,#1286,#1287,#1288));
#246=EDGE_LOOP('',(#1289,#1290,#1291,#1292));
#247=EDGE_LOOP('',(#1293,#1294,#1295,#1296));
#248=EDGE_LOOP('',(#1297,#1298,#1299,#1300));
#249=EDGE_LOOP('',(#1301,#1302,#1303,#1304));
#250=EDGE_LOOP('',(#1305,#1306,#1307,#1308));
#251=EDGE_LOOP('',(#1309,#1310,#1311,#1312));
#252=EDGE_LOOP('',(#1313,#1314,#1315,#1316));
#253=EDGE_LOOP('',(#1317,#1318,#1319,#1320));
#254=EDGE_LOOP('',(#1321,#1322,#1323,#1324));
#255=EDGE_LOOP('',(#1325,#1326,#1327,#1328));
#256=EDGE_LOOP('',(#1329,#1330,#1331,#1332,#1333,#1334));
#257=EDGE_LOOP('',(#1335,#1336,#1337,#1338));
#258=EDGE_LOOP('',(#1339,#1340,#1341,#1342,#1343,#1344,#1345,#1346));
#259=EDGE_LOOP('',(#1347,#1348,#1349,#1350,#1351,#1352,#1353,#1354));
#260=EDGE_LOOP('',(#1355,#1356,#1357,#1358,#1359,#1360));
#261=EDGE_LOOP('',(#1361));
#262=EDGE_LOOP('',(#1362,#1363,#1364,#1365));
#263=EDGE_LOOP('',(#1366,#1367,#1368,#1369,#1370,#1371,#1372,#1373));
#264=EDGE_LOOP('',(#1374,#1375,#1376,#1377));
#265=EDGE_LOOP('',(#1378,#1379,#1380,#1381));
#266=EDGE_LOOP('',(#1382,#1383,#1384,#1385));
#267=EDGE_LOOP('',(#1386,#1387,#1388,#1389));
#268=EDGE_LOOP('',(#1390,#1391,#1392,#1393));
#269=EDGE_LOOP('',(#1394,#1395,#1396,#1397));
#270=EDGE_LOOP('',(#1398,#1399,#1400,#1401));
#271=EDGE_LOOP('',(#1402,#1403,#1404,#1405,#1406,#1407));
#272=EDGE_LOOP('',(#1408,#1409,#1410,#1411,#1412,#1413));
#273=EDGE_LOOP('',(#1414,#1415,#1416,#1417,#1418,#1419));
#274=EDGE_LOOP('',(#1420,#1421,#1422,#1423,#1424,#1425));
#275=EDGE_LOOP('',(#1426,#1427,#1428,#1429));
#276=EDGE_LOOP('',(#1430,#1431,#1432,#1433,#1434,#1435,#1436,#1437,#1438,
#1439,#1440,#1441));
#277=EDGE_LOOP('',(#1442,#1443,#1444,#1445,#1446));
#278=EDGE_LOOP('',(#1447,#1448,#1449,#1450,#1451));
#279=EDGE_LOOP('',(#1452,#1453,#1454,#1455,#1456));
#280=EDGE_LOOP('',(#1457,#1458,#1459,#1460,#1461));
#281=EDGE_LOOP('',(#1462,#1463,#1464,#1465));
#282=EDGE_LOOP('',(#1466,#1467,#1468,#1469));
#283=EDGE_LOOP('',(#1470,#1471,#1472,#1473));
#284=EDGE_LOOP('',(#1474,#1475,#1476,#1477));
#285=EDGE_LOOP('',(#1478,#1479,#1480,#1481));
#286=EDGE_LOOP('',(#1482,#1483,#1484,#1485));
#287=EDGE_LOOP('',(#1486,#1487,#1488,#1489));
#288=EDGE_LOOP('',(#1490,#1491,#1492,#1493));
#289=EDGE_LOOP('',(#1494,#1495,#1496,#1497));
#290=EDGE_LOOP('',(#1498,#1499,#1500));
#291=EDGE_LOOP('',(#1501,#1502,#1503,#1504));
#292=EDGE_LOOP('',(#1505,#1506,#1507));
#293=EDGE_LOOP('',(#1508,#1509,#1510,#1511));
#294=EDGE_LOOP('',(#1512,#1513,#1514));
#295=EDGE_LOOP('',(#1515,#1516,#1517,#1518));
#296=EDGE_LOOP('',(#1519,#1520,#1521));
#297=EDGE_LOOP('',(#1522,#1523,#1524,#1525));
#298=EDGE_LOOP('',(#1526,#1527,#1528,#1529));
#299=EDGE_LOOP('',(#1530));
#300=EDGE_LOOP('',(#1531,#1532,#1533,#1534));
#301=EDGE_LOOP('',(#1535));
#302=EDGE_LOOP('',(#1536,#1537,#1538,#1539));
#303=EDGE_LOOP('',(#1540));
#304=EDGE_LOOP('',(#1541,#1542,#1543,#1544));
#305=EDGE_LOOP('',(#1545));
#306=EDGE_LOOP('',(#1546,#1547,#1548,#1549));
#307=EDGE_LOOP('',(#1550,#1551,#1552,#1553));
#308=EDGE_LOOP('',(#1554,#1555,#1556,#1557));
#309=EDGE_LOOP('',(#1558,#1559,#1560,#1561,#1562,#1563));
#310=EDGE_LOOP('',(#1564,#1565,#1566,#1567));
#311=EDGE_LOOP('',(#1568,#1569,#1570,#1571,#1572,#1573));
#312=EDGE_LOOP('',(#1574,#1575,#1576,#1577));
#313=EDGE_LOOP('',(#1578,#1579,#1580,#1581,#1582,#1583));
#314=EDGE_LOOP('',(#1584,#1585,#1586,#1587,#1588,#1589));
#315=EDGE_LOOP('',(#1590,#1591,#1592,#1593));
#316=EDGE_LOOP('',(#1594,#1595,#1596,#1597));
#317=EDGE_LOOP('',(#1598,#1599,#1600,#1601));
#318=EDGE_LOOP('',(#1602,#1603,#1604,#1605));
#319=EDGE_LOOP('',(#1606,#1607,#1608,#1609));
#320=EDGE_LOOP('',(#1610,#1611,#1612,#1613));
#321=EDGE_LOOP('',(#1614,#1615,#1616,#1617));
#322=EDGE_LOOP('',(#1618,#1619,#1620,#1621));
#323=EDGE_LOOP('',(#1622,#1623,#1624,#1625));
#324=EDGE_LOOP('',(#1626,#1627,#1628,#1629,#1630));
#325=EDGE_LOOP('',(#1631,#1632,#1633,#1634,#1635));
#326=EDGE_LOOP('',(#1636,#1637,#1638,#1639,#1640,#1641));
#327=EDGE_LOOP('',(#1642,#1643,#1644,#1645,#1646,#1647));
#328=EDGE_LOOP('',(#1648,#1649,#1650,#1651,#1652,#1653));
#329=EDGE_LOOP('',(#1654,#1655,#1656,#1657,#1658,#1659));
#330=EDGE_LOOP('',(#1660,#1661,#1662,#1663,#1664));
#331=EDGE_LOOP('',(#1665,#1666,#1667,#1668,#1669));
#332=EDGE_LOOP('',(#1670,#1671,#1672,#1673));
#333=EDGE_LOOP('',(#1674,#1675,#1676,#1677));
#334=EDGE_LOOP('',(#1678,#1679,#1680,#1681));
#335=EDGE_LOOP('',(#1682,#1683,#1684,#1685));
#336=EDGE_LOOP('',(#1686,#1687,#1688,#1689));
#337=EDGE_LOOP('',(#1690));
#338=EDGE_LOOP('',(#1691,#1692,#1693,#1694));
#339=EDGE_LOOP('',(#1695,#1696,#1697,#1698));
#340=EDGE_LOOP('',(#1699,#1700,#1701,#1702));
#341=EDGE_LOOP('',(#1703,#1704,#1705,#1706));
#342=EDGE_LOOP('',(#1707));
#343=EDGE_LOOP('',(#1708));
#344=EDGE_LOOP('',(#1709));
#345=EDGE_LOOP('',(#1710));
#346=EDGE_LOOP('',(#1711,#1712,#1713,#1714));
#347=EDGE_LOOP('',(#1715,#1716,#1717,#1718));
#348=LINE('',#2458,#569);
#349=LINE('',#2463,#570);
#350=LINE('',#2465,#571);
#351=LINE('',#2467,#572);
#352=LINE('',#2468,#573);
#353=LINE('',#2471,#574);
#354=LINE('',#2473,#575);
#355=LINE('',#2474,#576);
#356=LINE('',#2477,#577);
#357=LINE('',#2479,#578);
#358=LINE('',#2480,#579);
#359=LINE('',#2482,#580);
#360=LINE('',#2483,#581);
#361=LINE('',#2488,#582);
#362=LINE('',#2492,#583);
#363=LINE('',#2499,#584);
#364=LINE('',#2503,#585);
#365=LINE('',#2510,#586);
#366=LINE('',#2514,#587);
#367=LINE('',#2521,#588);
#368=LINE('',#2525,#589);
#369=LINE('',#2531,#590);
#370=LINE('',#2533,#591);
#371=LINE('',#2535,#592);
#372=LINE('',#2536,#593);
#373=LINE('',#2539,#594);
#374=LINE('',#2541,#595);
#375=LINE('',#2542,#596);
#376=LINE('',#2546,#597);
#377=LINE('',#2548,#598);
#378=LINE('',#2550,#599);
#379=LINE('',#2551,#600);
#380=LINE('',#2554,#601);
#381=LINE('',#2556,#602);
#382=LINE('',#2557,#603);
#383=LINE('',#2561,#604);
#384=LINE('',#2563,#605);
#385=LINE('',#2565,#606);
#386=LINE('',#2566,#607);
#387=LINE('',#2569,#608);
#388=LINE('',#2571,#609);
#389=LINE('',#2572,#610);
#390=LINE('',#2576,#611);
#391=LINE('',#2578,#612);
#392=LINE('',#2580,#613);
#393=LINE('',#2581,#614);
#394=LINE('',#2584,#615);
#395=LINE('',#2586,#616);
#396=LINE('',#2587,#617);
#397=LINE('',#2590,#618);
#398=LINE('',#2592,#619);
#399=LINE('',#2593,#620);
#400=LINE('',#2596,#621);
#401=LINE('',#2597,#622);
#402=LINE('',#2600,#623);
#403=LINE('',#2602,#624);
#404=LINE('',#2603,#625);
#405=LINE('',#2606,#626);
#406=LINE('',#2607,#627);
#407=LINE('',#2610,#628);
#408=LINE('',#2611,#629);
#409=LINE('',#2612,#630);
#410=LINE('',#2614,#631);
#411=LINE('',#2616,#632);
#412=LINE('',#2617,#633);
#413=LINE('',#2620,#634);
#414=LINE('',#2621,#635);
#415=LINE('',#2622,#636);
#416=LINE('',#2625,#637);
#417=LINE('',#2626,#638);
#418=LINE('',#2627,#639);
#419=LINE('',#2631,#640);
#420=LINE('',#2633,#641);
#421=LINE('',#2635,#642);
#422=LINE('',#2636,#643);
#423=LINE('',#2640,#644);
#424=LINE('',#2642,#645);
#425=LINE('',#2644,#646);
#426=LINE('',#2645,#647);
#427=LINE('',#2648,#648);
#428=LINE('',#2650,#649);
#429=LINE('',#2651,#650);
#430=LINE('',#2655,#651);
#431=LINE('',#2657,#652);
#432=LINE('',#2659,#653);
#433=LINE('',#2660,#654);
#434=LINE('',#2664,#655);
#435=LINE('',#2666,#656);
#436=LINE('',#2668,#657);
#437=LINE('',#2669,#658);
#438=LINE('',#2672,#659);
#439=LINE('',#2674,#660);
#440=LINE('',#2675,#661);
#441=LINE('',#2679,#662);
#442=LINE('',#2681,#663);
#443=LINE('',#2683,#664);
#444=LINE('',#2684,#665);
#445=LINE('',#2687,#666);
#446=LINE('',#2689,#667);
#447=LINE('',#2690,#668);
#448=LINE('',#2693,#669);
#449=LINE('',#2695,#670);
#450=LINE('',#2697,#671);
#451=LINE('',#2699,#672);
#452=LINE('',#2700,#673);
#453=LINE('',#2704,#674);
#454=LINE('',#2706,#675);
#455=LINE('',#2708,#676);
#456=LINE('',#2710,#677);
#457=LINE('',#2712,#678);
#458=LINE('',#2713,#679);
#459=LINE('',#2717,#680);
#460=LINE('',#2718,#681);
#461=LINE('',#2720,#682);
#462=LINE('',#2722,#683);
#463=LINE('',#2723,#684);
#464=LINE('',#2726,#685);
#465=LINE('',#2728,#686);
#466=LINE('',#2730,#687);
#467=LINE('',#2732,#688);
#468=LINE('',#2733,#689);
#469=LINE('',#2737,#690);
#470=LINE('',#2738,#691);
#471=LINE('',#2739,#692);
#472=LINE('',#2742,#693);
#473=LINE('',#2743,#694);
#474=LINE('',#2745,#695);
#475=LINE('',#2746,#696);
#476=LINE('',#2748,#697);
#477=LINE('',#2750,#698);
#478=LINE('',#2752,#699);
#479=LINE('',#2753,#700);
#480=LINE('',#2756,#701);
#481=LINE('',#2758,#702);
#482=LINE('',#2760,#703);
#483=LINE('',#2762,#704);
#484=LINE('',#2763,#705);
#485=LINE('',#2766,#706);
#486=LINE('',#2768,#707);
#487=LINE('',#2770,#708);
#488=LINE('',#2772,#709);
#489=LINE('',#2773,#710);
#490=LINE('',#2776,#711);
#491=LINE('',#2778,#712);
#492=LINE('',#2780,#713);
#493=LINE('',#2782,#714);
#494=LINE('',#2783,#715);
#495=LINE('',#2785,#716);
#496=LINE('',#2786,#717);
#497=LINE('',#2788,#718);
#498=LINE('',#2791,#719);
#499=LINE('',#2792,#720);
#500=LINE('',#2794,#721);
#501=LINE('',#2797,#722);
#502=LINE('',#2798,#723);
#503=LINE('',#2800,#724);
#504=LINE('',#2801,#725);
#505=LINE('',#2803,#726);
#506=LINE('',#2808,#727);
#507=LINE('',#2812,#728);
#508=LINE('',#2817,#729);
#509=LINE('',#2821,#730);
#510=LINE('',#2826,#731);
#511=LINE('',#2830,#732);
#512=LINE('',#2835,#733);
#513=LINE('',#2839,#734);
#514=LINE('',#2843,#735);
#515=LINE('',#2845,#736);
#516=LINE('',#2847,#737);
#517=LINE('',#2848,#738);
#518=LINE('',#2852,#739);
#519=LINE('',#2854,#740);
#520=LINE('',#2856,#741);
#521=LINE('',#2857,#742);
#522=LINE('',#2861,#743);
#523=LINE('',#2863,#744);
#524=LINE('',#2865,#745);
#525=LINE('',#2866,#746);
#526=LINE('',#2870,#747);
#527=LINE('',#2872,#748);
#528=LINE('',#2874,#749);
#529=LINE('',#2875,#750);
#530=LINE('',#2878,#751);
#531=LINE('',#2880,#752);
#532=LINE('',#2881,#753);
#533=LINE('',#2884,#754);
#534=LINE('',#2886,#755);
#535=LINE('',#2887,#756);
#536=LINE('',#2893,#757);
#537=LINE('',#2894,#758);
#538=LINE('',#2900,#759);
#539=LINE('',#2901,#760);
#540=LINE('',#2904,#761);
#541=LINE('',#2905,#762);
#542=LINE('',#2907,#763);
#543=LINE('',#2910,#764);
#544=LINE('',#2911,#765);
#545=LINE('',#2913,#766);
#546=LINE('',#2915,#767);
#547=LINE('',#2916,#768);
#548=LINE('',#2918,#769);
#549=LINE('',#2920,#770);
#550=LINE('',#2921,#771);
#551=LINE('',#2923,#772);
#552=LINE('',#2925,#773);
#553=LINE('',#2926,#774);
#554=LINE('',#2928,#775);
#555=LINE('',#2930,#776);
#556=LINE('',#2931,#777);
#557=LINE('',#2933,#778);
#558=LINE('',#2935,#779);
#559=LINE('',#2941,#780);
#560=LINE('',#2944,#781);
#561=LINE('',#2951,#782);
#562=LINE('',#2952,#783);
#563=LINE('',#2953,#784);
#564=LINE('',#2956,#785);
#565=LINE('',#2957,#786);
#566=LINE('',#2960,#787);
#567=LINE('',#2961,#788);
#568=LINE('',#2963,#789);
#569=VECTOR('',#1980,3.75);
#570=VECTOR('',#1985,10.);
#571=VECTOR('',#1986,10.);
#572=VECTOR('',#1987,10.);
#573=VECTOR('',#1988,10.);
#574=VECTOR('',#1991,10.);
#575=VECTOR('',#1992,10.);
#576=VECTOR('',#1993,10.);
#577=VECTOR('',#1996,10.);
#578=VECTOR('',#1997,10.);
#579=VECTOR('',#1998,10.);
#580=VECTOR('',#2001,10.);
#581=VECTOR('',#2002,10.);
#582=VECTOR('',#2007,2.15);
#583=VECTOR('',#2012,1.3);
#584=VECTOR('',#2021,2.15);
#585=VECTOR('',#2026,1.3);
#586=VECTOR('',#2035,2.15);
#587=VECTOR('',#2040,1.3);
#588=VECTOR('',#2049,2.15);
#589=VECTOR('',#2054,1.3);
#590=VECTOR('',#2061,10.);
#591=VECTOR('',#2062,10.);
#592=VECTOR('',#2063,10.);
#593=VECTOR('',#2064,10.);
#594=VECTOR('',#2067,10.);
#595=VECTOR('',#2068,10.);
#596=VECTOR('',#2069,10.);
#597=VECTOR('',#2072,10.);
#598=VECTOR('',#2073,10.);
#599=VECTOR('',#2074,10.);
#600=VECTOR('',#2075,10.);
#601=VECTOR('',#2078,10.);
#602=VECTOR('',#2079,10.);
#603=VECTOR('',#2080,10.);
#604=VECTOR('',#2083,10.);
#605=VECTOR('',#2084,10.);
#606=VECTOR('',#2085,10.);
#607=VECTOR('',#2086,10.);
#608=VECTOR('',#2089,10.);
#609=VECTOR('',#2090,10.);
#610=VECTOR('',#2091,10.);
#611=VECTOR('',#2094,10.);
#612=VECTOR('',#2095,10.);
#613=VECTOR('',#2096,10.);
#614=VECTOR('',#2097,10.);
#615=VECTOR('',#2100,10.);
#616=VECTOR('',#2101,10.);
#617=VECTOR('',#2102,10.);
#618=VECTOR('',#2105,10.);
#619=VECTOR('',#2106,10.);
#620=VECTOR('',#2107,10.);
#621=VECTOR('',#2110,10.);
#622=VECTOR('',#2111,10.);
#623=VECTOR('',#2114,10.);
#624=VECTOR('',#2115,10.);
#625=VECTOR('',#2116,10.);
#626=VECTOR('',#2119,10.);
#627=VECTOR('',#2120,10.);
#628=VECTOR('',#2123,10.);
#629=VECTOR('',#2124,10.);
#630=VECTOR('',#2125,10.);
#631=VECTOR('',#2128,10.);
#632=VECTOR('',#2129,10.);
#633=VECTOR('',#2130,10.);
#634=VECTOR('',#2133,10.);
#635=VECTOR('',#2134,10.);
#636=VECTOR('',#2135,10.);
#637=VECTOR('',#2138,10.);
#638=VECTOR('',#2139,10.);
#639=VECTOR('',#2140,10.);
#640=VECTOR('',#2143,10.);
#641=VECTOR('',#2144,10.);
#642=VECTOR('',#2145,10.);
#643=VECTOR('',#2146,10.);
#644=VECTOR('',#2149,10.);
#645=VECTOR('',#2150,10.);
#646=VECTOR('',#2151,10.);
#647=VECTOR('',#2152,10.);
#648=VECTOR('',#2155,10.);
#649=VECTOR('',#2156,10.);
#650=VECTOR('',#2157,10.);
#651=VECTOR('',#2160,10.);
#652=VECTOR('',#2161,10.);
#653=VECTOR('',#2162,10.);
#654=VECTOR('',#2163,10.);
#655=VECTOR('',#2166,10.);
#656=VECTOR('',#2167,10.);
#657=VECTOR('',#2168,10.);
#658=VECTOR('',#2169,10.);
#659=VECTOR('',#2172,10.);
#660=VECTOR('',#2173,10.);
#661=VECTOR('',#2174,10.);
#662=VECTOR('',#2177,10.);
#663=VECTOR('',#2178,10.);
#664=VECTOR('',#2179,10.);
#665=VECTOR('',#2180,10.);
#666=VECTOR('',#2183,10.);
#667=VECTOR('',#2184,10.);
#668=VECTOR('',#2185,10.);
#669=VECTOR('',#2188,10.);
#670=VECTOR('',#2189,10.);
#671=VECTOR('',#2190,10.);
#672=VECTOR('',#2191,10.);
#673=VECTOR('',#2192,10.);
#674=VECTOR('',#2195,10.);
#675=VECTOR('',#2196,10.);
#676=VECTOR('',#2197,10.);
#677=VECTOR('',#2198,10.);
#678=VECTOR('',#2199,10.);
#679=VECTOR('',#2200,10.);
#680=VECTOR('',#2203,10.);
#681=VECTOR('',#2204,10.);
#682=VECTOR('',#2205,10.);
#683=VECTOR('',#2206,10.);
#684=VECTOR('',#2207,10.);
#685=VECTOR('',#2210,10.);
#686=VECTOR('',#2211,10.);
#687=VECTOR('',#2212,10.);
#688=VECTOR('',#2213,10.);
#689=VECTOR('',#2214,10.);
#690=VECTOR('',#2217,10.);
#691=VECTOR('',#2218,10.);
#692=VECTOR('',#2219,10.);
#693=VECTOR('',#2222,10.);
#694=VECTOR('',#2223,10.);
#695=VECTOR('',#2224,10.);
#696=VECTOR('',#2225,10.);
#697=VECTOR('',#2226,10.);
#698=VECTOR('',#2227,10.);
#699=VECTOR('',#2228,10.);
#700=VECTOR('',#2229,10.);
#701=VECTOR('',#2230,10.);
#702=VECTOR('',#2231,10.);
#703=VECTOR('',#2232,10.);
#704=VECTOR('',#2233,10.);
#705=VECTOR('',#2234,10.);
#706=VECTOR('',#2235,10.);
#707=VECTOR('',#2236,10.);
#708=VECTOR('',#2237,10.);
#709=VECTOR('',#2238,10.);
#710=VECTOR('',#2239,10.);
#711=VECTOR('',#2240,10.);
#712=VECTOR('',#2241,10.);
#713=VECTOR('',#2242,10.);
#714=VECTOR('',#2243,10.);
#715=VECTOR('',#2244,10.);
#716=VECTOR('',#2247,10.);
#717=VECTOR('',#2248,10.);
#718=VECTOR('',#2251,10.);
#719=VECTOR('',#2256,10.);
#720=VECTOR('',#2257,10.);
#721=VECTOR('',#2260,10.);
#722=VECTOR('',#2265,10.);
#723=VECTOR('',#2266,10.);
#724=VECTOR('',#2269,10.);
#725=VECTOR('',#2270,10.);
#726=VECTOR('',#2273,10.);
#727=VECTOR('',#2278,0.65);
#728=VECTOR('',#2283,1.3);
#729=VECTOR('',#2288,0.65);
#730=VECTOR('',#2293,1.3);
#731=VECTOR('',#2298,0.65);
#732=VECTOR('',#2303,1.3);
#733=VECTOR('',#2308,0.65);
#734=VECTOR('',#2313,1.3);
#735=VECTOR('',#2316,10.);
#736=VECTOR('',#2317,10.);
#737=VECTOR('',#2318,10.);
#738=VECTOR('',#2319,10.);
#739=VECTOR('',#2322,10.);
#740=VECTOR('',#2323,10.);
#741=VECTOR('',#2324,10.);
#742=VECTOR('',#2325,10.);
#743=VECTOR('',#2328,10.);
#744=VECTOR('',#2329,10.);
#745=VECTOR('',#2330,10.);
#746=VECTOR('',#2331,10.);
#747=VECTOR('',#2334,10.);
#748=VECTOR('',#2335,10.);
#749=VECTOR('',#2336,10.);
#750=VECTOR('',#2337,10.);
#751=VECTOR('',#2340,10.);
#752=VECTOR('',#2341,10.);
#753=VECTOR('',#2342,10.);
#754=VECTOR('',#2345,10.);
#755=VECTOR('',#2346,10.);
#756=VECTOR('',#2347,10.);
#757=VECTOR('',#2356,10.);
#758=VECTOR('',#2357,10.);
#759=VECTOR('',#2366,10.);
#760=VECTOR('',#2367,10.);
#761=VECTOR('',#2370,10.);
#762=VECTOR('',#2371,10.);
#763=VECTOR('',#2374,10.);
#764=VECTOR('',#2377,10.);
#765=VECTOR('',#2378,10.);
#766=VECTOR('',#2381,10.);
#767=VECTOR('',#2384,10.);
#768=VECTOR('',#2385,10.);
#769=VECTOR('',#2388,10.);
#770=VECTOR('',#2391,10.);
#771=VECTOR('',#2392,10.);
#772=VECTOR('',#2395,10.);
#773=VECTOR('',#2398,10.);
#774=VECTOR('',#2399,10.);
#775=VECTOR('',#2402,10.);
#776=VECTOR('',#2405,10.);
#777=VECTOR('',#2406,10.);
#778=VECTOR('',#2409,10.);
#779=VECTOR('',#2412,10.);
#780=VECTOR('',#2423,10.);
#781=VECTOR('',#2428,10.);
#782=VECTOR('',#2437,10.);
#783=VECTOR('',#2438,10.);
#784=VECTOR('',#2439,10.);
#785=VECTOR('',#2442,10.);
#786=VECTOR('',#2443,10.);
#787=VECTOR('',#2446,10.);
#788=VECTOR('',#2447,10.);
#789=VECTOR('',#2450,10.);
#790=CIRCLE('',#1847,3.75);
#791=CIRCLE('',#1848,3.75);
#792=CIRCLE('',#1854,3.);
#793=CIRCLE('',#1855,1.3);
#794=CIRCLE('',#1857,1.3);
#795=CIRCLE('',#1860,3.);
#796=CIRCLE('',#1861,1.3);
#797=CIRCLE('',#1863,1.3);
#798=CIRCLE('',#1866,3.);
#799=CIRCLE('',#1867,1.3);
#800=CIRCLE('',#1869,1.3);
#801=CIRCLE('',#1872,3.);
#802=CIRCLE('',#1873,1.3);
#803=CIRCLE('',#1875,1.3);
#804=CIRCLE('',#1917,1.3);
#805=CIRCLE('',#1919,1.3);
#806=CIRCLE('',#1921,1.3);
#807=CIRCLE('',#1923,1.3);
#808=CIRCLE('',#1925,1.3);
#809=CIRCLE('',#1927,1.3);
#810=CIRCLE('',#1929,1.3);
#811=CIRCLE('',#1931,1.3);
#812=CIRCLE('',#1939,15.);
#813=CIRCLE('',#1940,15.);
#814=CIRCLE('',#1943,15.);
#815=CIRCLE('',#1944,15.);
#816=VERTEX_POINT('',#2455);
#817=VERTEX_POINT('',#2457);
#818=VERTEX_POINT('',#2461);
#819=VERTEX_POINT('',#2462);
#820=VERTEX_POINT('',#2464);
#821=VERTEX_POINT('',#2466);
#822=VERTEX_POINT('',#2470);
#823=VERTEX_POINT('',#2472);
#824=VERTEX_POINT('',#2476);
#825=VERTEX_POINT('',#2478);
#826=VERTEX_POINT('',#2485);
#827=VERTEX_POINT('',#2487);
#828=VERTEX_POINT('',#2491);
#829=VERTEX_POINT('',#2496);
#830=VERTEX_POINT('',#2498);
#831=VERTEX_POINT('',#2502);
#832=VERTEX_POINT('',#2507);
#833=VERTEX_POINT('',#2509);
#834=VERTEX_POINT('',#2513);
#835=VERTEX_POINT('',#2518);
#836=VERTEX_POINT('',#2520);
#837=VERTEX_POINT('',#2524);
#838=VERTEX_POINT('',#2529);
#839=VERTEX_POINT('',#2530);
#840=VERTEX_POINT('',#2532);
#841=VERTEX_POINT('',#2534);
#842=VERTEX_POINT('',#2538);
#843=VERTEX_POINT('',#2540);
#844=VERTEX_POINT('',#2544);
#845=VERTEX_POINT('',#2545);
#846=VERTEX_POINT('',#2547);
#847=VERTEX_POINT('',#2549);
#848=VERTEX_POINT('',#2553);
#849=VERTEX_POINT('',#2555);
#850=VERTEX_POINT('',#2559);
#851=VERTEX_POINT('',#2560);
#852=VERTEX_POINT('',#2562);
#853=VERTEX_POINT('',#2564);
#854=VERTEX_POINT('',#2568);
#855=VERTEX_POINT('',#2570);
#856=VERTEX_POINT('',#2574);
#857=VERTEX_POINT('',#2575);
#858=VERTEX_POINT('',#2577);
#859=VERTEX_POINT('',#2579);
#860=VERTEX_POINT('',#2583);
#861=VERTEX_POINT('',#2585);
#862=VERTEX_POINT('',#2589);
#863=VERTEX_POINT('',#2591);
#864=VERTEX_POINT('',#2595);
#865=VERTEX_POINT('',#2599);
#866=VERTEX_POINT('',#2601);
#867=VERTEX_POINT('',#2605);
#868=VERTEX_POINT('',#2609);
#869=VERTEX_POINT('',#2615);
#870=VERTEX_POINT('',#2619);
#871=VERTEX_POINT('',#2624);
#872=VERTEX_POINT('',#2629);
#873=VERTEX_POINT('',#2630);
#874=VERTEX_POINT('',#2632);
#875=VERTEX_POINT('',#2634);
#876=VERTEX_POINT('',#2638);
#877=VERTEX_POINT('',#2639);
#878=VERTEX_POINT('',#2641);
#879=VERTEX_POINT('',#2643);
#880=VERTEX_POINT('',#2647);
#881=VERTEX_POINT('',#2649);
#882=VERTEX_POINT('',#2653);
#883=VERTEX_POINT('',#2654);
#884=VERTEX_POINT('',#2656);
#885=VERTEX_POINT('',#2658);
#886=VERTEX_POINT('',#2662);
#887=VERTEX_POINT('',#2663);
#888=VERTEX_POINT('',#2665);
#889=VERTEX_POINT('',#2667);
#890=VERTEX_POINT('',#2671);
#891=VERTEX_POINT('',#2673);
#892=VERTEX_POINT('',#2677);
#893=VERTEX_POINT('',#2678);
#894=VERTEX_POINT('',#2680);
#895=VERTEX_POINT('',#2682);
#896=VERTEX_POINT('',#2686);
#897=VERTEX_POINT('',#2688);
#898=VERTEX_POINT('',#2692);
#899=VERTEX_POINT('',#2694);
#900=VERTEX_POINT('',#2696);
#901=VERTEX_POINT('',#2698);
#902=VERTEX_POINT('',#2702);
#903=VERTEX_POINT('',#2703);
#904=VERTEX_POINT('',#2705);
#905=VERTEX_POINT('',#2707);
#906=VERTEX_POINT('',#2709);
#907=VERTEX_POINT('',#2711);
#908=VERTEX_POINT('',#2715);
#909=VERTEX_POINT('',#2716);
#910=VERTEX_POINT('',#2719);
#911=VERTEX_POINT('',#2721);
#912=VERTEX_POINT('',#2725);
#913=VERTEX_POINT('',#2727);
#914=VERTEX_POINT('',#2729);
#915=VERTEX_POINT('',#2731);
#916=VERTEX_POINT('',#2735);
#917=VERTEX_POINT('',#2736);
#918=VERTEX_POINT('',#2741);
#919=VERTEX_POINT('',#2744);
#920=VERTEX_POINT('',#2747);
#921=VERTEX_POINT('',#2749);
#922=VERTEX_POINT('',#2751);
#923=VERTEX_POINT('',#2754);
#924=VERTEX_POINT('',#2755);
#925=VERTEX_POINT('',#2757);
#926=VERTEX_POINT('',#2759);
#927=VERTEX_POINT('',#2761);
#928=VERTEX_POINT('',#2764);
#929=VERTEX_POINT('',#2765);
#930=VERTEX_POINT('',#2767);
#931=VERTEX_POINT('',#2769);
#932=VERTEX_POINT('',#2771);
#933=VERTEX_POINT('',#2774);
#934=VERTEX_POINT('',#2775);
#935=VERTEX_POINT('',#2777);
#936=VERTEX_POINT('',#2779);
#937=VERTEX_POINT('',#2781);
#938=VERTEX_POINT('',#2805);
#939=VERTEX_POINT('',#2807);
#940=VERTEX_POINT('',#2810);
#941=VERTEX_POINT('',#2814);
#942=VERTEX_POINT('',#2816);
#943=VERTEX_POINT('',#2819);
#944=VERTEX_POINT('',#2823);
#945=VERTEX_POINT('',#2825);
#946=VERTEX_POINT('',#2828);
#947=VERTEX_POINT('',#2832);
#948=VERTEX_POINT('',#2834);
#949=VERTEX_POINT('',#2837);
#950=VERTEX_POINT('',#2841);
#951=VERTEX_POINT('',#2842);
#952=VERTEX_POINT('',#2844);
#953=VERTEX_POINT('',#2846);
#954=VERTEX_POINT('',#2850);
#955=VERTEX_POINT('',#2851);
#956=VERTEX_POINT('',#2853);
#957=VERTEX_POINT('',#2855);
#958=VERTEX_POINT('',#2859);
#959=VERTEX_POINT('',#2860);
#960=VERTEX_POINT('',#2862);
#961=VERTEX_POINT('',#2864);
#962=VERTEX_POINT('',#2868);
#963=VERTEX_POINT('',#2869);
#964=VERTEX_POINT('',#2871);
#965=VERTEX_POINT('',#2873);
#966=VERTEX_POINT('',#2877);
#967=VERTEX_POINT('',#2879);
#968=VERTEX_POINT('',#2883);
#969=VERTEX_POINT('',#2885);
#970=VERTEX_POINT('',#2892);
#971=VERTEX_POINT('',#2899);
#972=VERTEX_POINT('',#2903);
#973=VERTEX_POINT('',#2909);
#974=VERTEX_POINT('',#2949);
#975=VERTEX_POINT('',#2950);
#976=VERTEX_POINT('',#2955);
#977=VERTEX_POINT('',#2959);
#978=EDGE_CURVE('',#816,#816,#790,.T.);
#979=EDGE_CURVE('',#816,#817,#348,.T.);
#980=EDGE_CURVE('',#817,#817,#791,.T.);
#981=EDGE_CURVE('',#818,#819,#349,.T.);
#982=EDGE_CURVE('',#820,#818,#350,.T.);
#983=EDGE_CURVE('',#821,#820,#351,.T.);
#984=EDGE_CURVE('',#821,#819,#352,.T.);
#985=EDGE_CURVE('',#819,#822,#353,.T.);
#986=EDGE_CURVE('',#823,#821,#354,.T.);
#987=EDGE_CURVE('',#823,#822,#355,.T.);
#988=EDGE_CURVE('',#822,#824,#356,.T.);
#989=EDGE_CURVE('',#825,#823,#357,.T.);
#990=EDGE_CURVE('',#825,#824,#358,.T.);
#991=EDGE_CURVE('',#824,#818,#359,.T.);
#992=EDGE_CURVE('',#820,#825,#360,.T.);
#993=EDGE_CURVE('',#826,#826,#792,.T.);
#994=EDGE_CURVE('',#826,#827,#361,.T.);
#995=EDGE_CURVE('',#827,#827,#793,.T.);
#996=EDGE_CURVE('',#827,#828,#362,.T.);
#997=EDGE_CURVE('',#828,#828,#794,.T.);
#998=EDGE_CURVE('',#829,#829,#795,.T.);
#999=EDGE_CURVE('',#829,#830,#363,.T.);
#1000=EDGE_CURVE('',#830,#830,#796,.T.);
#1001=EDGE_CURVE('',#830,#831,#364,.T.);
#1002=EDGE_CURVE('',#831,#831,#797,.T.);
#1003=EDGE_CURVE('',#832,#832,#798,.T.);
#1004=EDGE_CURVE('',#832,#833,#365,.T.);
#1005=EDGE_CURVE('',#833,#833,#799,.T.);
#1006=EDGE_CURVE('',#833,#834,#366,.T.);
#1007=EDGE_CURVE('',#834,#834,#800,.T.);
#1008=EDGE_CURVE('',#835,#835,#801,.T.);
#1009=EDGE_CURVE('',#835,#836,#367,.T.);
#1010=EDGE_CURVE('',#836,#836,#802,.T.);
#1011=EDGE_CURVE('',#836,#837,#368,.T.);
#1012=EDGE_CURVE('',#837,#837,#803,.T.);
#1013=EDGE_CURVE('',#838,#839,#369,.T.);
#1014=EDGE_CURVE('',#838,#840,#370,.T.);
#1015=EDGE_CURVE('',#840,#841,#371,.T.);
#1016=EDGE_CURVE('',#839,#841,#372,.T.);
#1017=EDGE_CURVE('',#842,#840,#373,.T.);
#1018=EDGE_CURVE('',#843,#842,#374,.T.);
#1019=EDGE_CURVE('',#841,#843,#375,.T.);
#1020=EDGE_CURVE('',#844,#845,#376,.T.);
#1021=EDGE_CURVE('',#846,#844,#377,.T.);
#1022=EDGE_CURVE('',#846,#847,#378,.T.);
#1023=EDGE_CURVE('',#845,#847,#379,.T.);
#1024=EDGE_CURVE('',#848,#846,#380,.T.);
#1025=EDGE_CURVE('',#849,#848,#381,.T.);
#1026=EDGE_CURVE('',#847,#849,#382,.T.);
#1027=EDGE_CURVE('',#850,#851,#383,.T.);
#1028=EDGE_CURVE('',#850,#852,#384,.T.);
#1029=EDGE_CURVE('',#852,#853,#385,.T.);
#1030=EDGE_CURVE('',#851,#853,#386,.T.);
#1031=EDGE_CURVE('',#854,#852,#387,.T.);
#1032=EDGE_CURVE('',#855,#854,#388,.T.);
#1033=EDGE_CURVE('',#853,#855,#389,.T.);
#1034=EDGE_CURVE('',#856,#857,#390,.T.);
#1035=EDGE_CURVE('',#858,#856,#391,.T.);
#1036=EDGE_CURVE('',#858,#859,#392,.T.);
#1037=EDGE_CURVE('',#857,#859,#393,.T.);
#1038=EDGE_CURVE('',#860,#858,#394,.T.);
#1039=EDGE_CURVE('',#861,#860,#395,.T.);
#1040=EDGE_CURVE('',#859,#861,#396,.T.);
#1041=EDGE_CURVE('',#862,#843,#397,.T.);
#1042=EDGE_CURVE('',#863,#862,#398,.T.);
#1043=EDGE_CURVE('',#841,#863,#399,.T.);
#1044=EDGE_CURVE('',#864,#842,#400,.T.);
#1045=EDGE_CURVE('',#862,#864,#401,.T.);
#1046=EDGE_CURVE('',#865,#855,#402,.T.);
#1047=EDGE_CURVE('',#866,#865,#403,.T.);
#1048=EDGE_CURVE('',#853,#866,#404,.T.);
#1049=EDGE_CURVE('',#867,#854,#405,.T.);
#1050=EDGE_CURVE('',#865,#867,#406,.T.);
#1051=EDGE_CURVE('',#868,#863,#407,.T.);
#1052=EDGE_CURVE('',#868,#846,#408,.T.);
#1053=EDGE_CURVE('',#839,#844,#409,.T.);
#1054=EDGE_CURVE('',#857,#838,#410,.T.);
#1055=EDGE_CURVE('',#861,#869,#411,.T.);
#1056=EDGE_CURVE('',#864,#869,#412,.T.);
#1057=EDGE_CURVE('',#849,#870,#413,.T.);
#1058=EDGE_CURVE('',#867,#870,#414,.T.);
#1059=EDGE_CURVE('',#845,#850,#415,.T.);
#1060=EDGE_CURVE('',#871,#858,#416,.T.);
#1061=EDGE_CURVE('',#851,#856,#417,.T.);
#1062=EDGE_CURVE('',#871,#866,#418,.T.);
#1063=EDGE_CURVE('',#872,#873,#419,.T.);
#1064=EDGE_CURVE('',#873,#874,#420,.T.);
#1065=EDGE_CURVE('',#874,#875,#421,.T.);
#1066=EDGE_CURVE('',#875,#872,#422,.T.);
#1067=EDGE_CURVE('',#876,#877,#423,.T.);
#1068=EDGE_CURVE('',#878,#877,#424,.T.);
#1069=EDGE_CURVE('',#879,#878,#425,.T.);
#1070=EDGE_CURVE('',#879,#876,#426,.T.);
#1071=EDGE_CURVE('',#877,#880,#427,.T.);
#1072=EDGE_CURVE('',#881,#880,#428,.T.);
#1073=EDGE_CURVE('',#878,#881,#429,.T.);
#1074=EDGE_CURVE('',#882,#883,#430,.T.);
#1075=EDGE_CURVE('',#883,#884,#431,.T.);
#1076=EDGE_CURVE('',#885,#884,#432,.T.);
#1077=EDGE_CURVE('',#882,#885,#433,.T.);
#1078=EDGE_CURVE('',#886,#887,#434,.T.);
#1079=EDGE_CURVE('',#888,#887,#435,.T.);
#1080=EDGE_CURVE('',#889,#888,#436,.T.);
#1081=EDGE_CURVE('',#889,#886,#437,.T.);
#1082=EDGE_CURVE('',#887,#890,#438,.T.);
#1083=EDGE_CURVE('',#891,#890,#439,.T.);
#1084=EDGE_CURVE('',#888,#891,#440,.T.);
#1085=EDGE_CURVE('',#892,#893,#441,.T.);
#1086=EDGE_CURVE('',#894,#893,#442,.T.);
#1087=EDGE_CURVE('',#895,#894,#443,.T.);
#1088=EDGE_CURVE('',#895,#892,#444,.T.);
#1089=EDGE_CURVE('',#893,#896,#445,.T.);
#1090=EDGE_CURVE('',#897,#896,#446,.T.);
#1091=EDGE_CURVE('',#894,#897,#447,.T.);
#1092=EDGE_CURVE('',#880,#898,#448,.T.);
#1093=EDGE_CURVE('',#898,#899,#449,.T.);
#1094=EDGE_CURVE('',#899,#900,#450,.T.);
#1095=EDGE_CURVE('',#900,#901,#451,.T.);
#1096=EDGE_CURVE('',#901,#881,#452,.T.);
#1097=EDGE_CURVE('',#902,#903,#453,.T.);
#1098=EDGE_CURVE('',#903,#904,#454,.T.);
#1099=EDGE_CURVE('',#904,#905,#455,.T.);
#1100=EDGE_CURVE('',#905,#906,#456,.T.);
#1101=EDGE_CURVE('',#906,#907,#457,.T.);
#1102=EDGE_CURVE('',#907,#902,#458,.T.);
#1103=EDGE_CURVE('',#908,#909,#459,.T.);
#1104=EDGE_CURVE('',#909,#891,#460,.T.);
#1105=EDGE_CURVE('',#890,#910,#461,.T.);
#1106=EDGE_CURVE('',#910,#911,#462,.T.);
#1107=EDGE_CURVE('',#911,#908,#463,.T.);
#1108=EDGE_CURVE('',#896,#912,#464,.T.);
#1109=EDGE_CURVE('',#912,#913,#465,.T.);
#1110=EDGE_CURVE('',#913,#914,#466,.T.);
#1111=EDGE_CURVE('',#914,#915,#467,.T.);
#1112=EDGE_CURVE('',#915,#897,#468,.T.);
#1113=EDGE_CURVE('',#916,#917,#469,.T.);
#1114=EDGE_CURVE('',#916,#877,#470,.T.);
#1115=EDGE_CURVE('',#917,#876,#471,.T.);
#1116=EDGE_CURVE('',#870,#918,#472,.T.);
#1117=EDGE_CURVE('',#918,#868,#473,.T.);
#1118=EDGE_CURVE('',#869,#919,#474,.T.);
#1119=EDGE_CURVE('',#919,#871,#475,.T.);
#1120=EDGE_CURVE('',#917,#920,#476,.T.);
#1121=EDGE_CURVE('',#920,#921,#477,.T.);
#1122=EDGE_CURVE('',#921,#922,#478,.T.);
#1123=EDGE_CURVE('',#916,#922,#479,.T.);
#1124=EDGE_CURVE('',#923,#924,#480,.T.);
#1125=EDGE_CURVE('',#924,#925,#481,.T.);
#1126=EDGE_CURVE('',#925,#926,#482,.T.);
#1127=EDGE_CURVE('',#926,#927,#483,.T.);
#1128=EDGE_CURVE('',#927,#923,#484,.T.);
#1129=EDGE_CURVE('',#928,#929,#485,.T.);
#1130=EDGE_CURVE('',#929,#930,#486,.T.);
#1131=EDGE_CURVE('',#930,#931,#487,.T.);
#1132=EDGE_CURVE('',#931,#932,#488,.T.);
#1133=EDGE_CURVE('',#932,#928,#489,.T.);
#1134=EDGE_CURVE('',#933,#934,#490,.T.);
#1135=EDGE_CURVE('',#934,#935,#491,.T.);
#1136=EDGE_CURVE('',#935,#936,#492,.T.);
#1137=EDGE_CURVE('',#937,#936,#493,.T.);
#1138=EDGE_CURVE('',#937,#933,#494,.T.);
#1139=EDGE_CURVE('',#929,#892,#495,.T.);
#1140=EDGE_CURVE('',#895,#930,#496,.T.);
#1141=EDGE_CURVE('',#919,#860,#497,.T.);
#1142=EDGE_CURVE('',#924,#886,#498,.T.);
#1143=EDGE_CURVE('',#889,#925,#499,.T.);
#1144=EDGE_CURVE('',#918,#848,#500,.T.);
#1145=EDGE_CURVE('',#937,#884,#501,.T.);
#1146=EDGE_CURVE('',#933,#883,#502,.T.);
#1147=EDGE_CURVE('',#885,#904,#503,.T.);
#1148=EDGE_CURVE('',#903,#882,#504,.T.);
#1149=EDGE_CURVE('',#884,#905,#505,.T.);
#1150=EDGE_CURVE('',#938,#938,#804,.T.);
#1151=EDGE_CURVE('',#938,#939,#506,.T.);
#1152=EDGE_CURVE('',#940,#940,#805,.T.);
#1153=EDGE_CURVE('',#940,#938,#507,.T.);
#1154=EDGE_CURVE('',#941,#941,#806,.T.);
#1155=EDGE_CURVE('',#941,#942,#508,.T.);
#1156=EDGE_CURVE('',#943,#943,#807,.T.);
#1157=EDGE_CURVE('',#943,#941,#509,.T.);
#1158=EDGE_CURVE('',#944,#944,#808,.T.);
#1159=EDGE_CURVE('',#944,#945,#510,.T.);
#1160=EDGE_CURVE('',#946,#946,#809,.T.);
#1161=EDGE_CURVE('',#946,#944,#511,.T.);
#1162=EDGE_CURVE('',#947,#947,#810,.T.);
#1163=EDGE_CURVE('',#947,#948,#512,.T.);
#1164=EDGE_CURVE('',#949,#949,#811,.T.);
#1165=EDGE_CURVE('',#949,#947,#513,.T.);
#1166=EDGE_CURVE('',#950,#951,#514,.T.);
#1167=EDGE_CURVE('',#952,#950,#515,.T.);
#1168=EDGE_CURVE('',#953,#952,#516,.T.);
#1169=EDGE_CURVE('',#951,#953,#517,.T.);
#1170=EDGE_CURVE('',#954,#955,#518,.T.);
#1171=EDGE_CURVE('',#956,#954,#519,.T.);
#1172=EDGE_CURVE('',#957,#956,#520,.T.);
#1173=EDGE_CURVE('',#955,#957,#521,.T.);
#1174=EDGE_CURVE('',#958,#959,#522,.T.);
#1175=EDGE_CURVE('',#960,#958,#523,.T.);
#1176=EDGE_CURVE('',#961,#960,#524,.T.);
#1177=EDGE_CURVE('',#959,#961,#525,.T.);
#1178=EDGE_CURVE('',#962,#963,#526,.T.);
#1179=EDGE_CURVE('',#964,#962,#527,.T.);
#1180=EDGE_CURVE('',#965,#964,#528,.T.);
#1181=EDGE_CURVE('',#963,#965,#529,.T.);
#1182=EDGE_CURVE('',#966,#957,#530,.T.);
#1183=EDGE_CURVE('',#967,#966,#531,.T.);
#1184=EDGE_CURVE('',#967,#955,#532,.T.);
#1185=EDGE_CURVE('',#968,#950,#533,.T.);
#1186=EDGE_CURVE('',#969,#968,#534,.T.);
#1187=EDGE_CURVE('',#969,#952,#535,.T.);
#1188=EDGE_CURVE('',#963,#954,#812,.T.);
#1189=EDGE_CURVE('',#956,#965,#813,.T.);
#1190=EDGE_CURVE('',#970,#964,#536,.T.);
#1191=EDGE_CURVE('',#966,#970,#537,.T.);
#1192=EDGE_CURVE('',#960,#953,#814,.T.);
#1193=EDGE_CURVE('',#951,#958,#815,.T.);
#1194=EDGE_CURVE('',#971,#959,#538,.T.);
#1195=EDGE_CURVE('',#968,#971,#539,.T.);
#1196=EDGE_CURVE('',#972,#961,#540,.T.);
#1197=EDGE_CURVE('',#971,#972,#541,.T.);
#1198=EDGE_CURVE('',#972,#969,#542,.T.);
#1199=EDGE_CURVE('',#973,#967,#543,.T.);
#1200=EDGE_CURVE('',#973,#962,#544,.T.);
#1201=EDGE_CURVE('',#970,#973,#545,.T.);
#1202=EDGE_CURVE('',#928,#912,#546,.T.);
#1203=EDGE_CURVE('',#932,#913,#547,.T.);
#1204=EDGE_CURVE('',#931,#914,#548,.T.);
#1205=EDGE_CURVE('',#936,#906,#549,.T.);
#1206=EDGE_CURVE('',#935,#907,#550,.T.);
#1207=EDGE_CURVE('',#934,#902,#551,.T.);
#1208=EDGE_CURVE('',#926,#908,#552,.T.);
#1209=EDGE_CURVE('',#927,#911,#553,.T.);
#1210=EDGE_CURVE('',#923,#910,#554,.T.);
#1211=EDGE_CURVE('',#922,#898,#555,.T.);
#1212=EDGE_CURVE('',#921,#899,#556,.T.);
#1213=EDGE_CURVE('',#920,#900,#557,.T.);
#1214=EDGE_CURVE('',#909,#889,#558,.T.);
#1215=EDGE_CURVE('',#901,#879,#559,.T.);
#1216=EDGE_CURVE('',#915,#895,#560,.T.);
#1217=EDGE_CURVE('',#974,#975,#561,.T.);
#1218=EDGE_CURVE('',#975,#873,#562,.T.);
#1219=EDGE_CURVE('',#974,#872,#563,.T.);
#1220=EDGE_CURVE('',#976,#974,#564,.T.);
#1221=EDGE_CURVE('',#976,#875,#565,.T.);
#1222=EDGE_CURVE('',#977,#976,#566,.T.);
#1223=EDGE_CURVE('',#977,#874,#567,.T.);
#1224=EDGE_CURVE('',#975,#977,#568,.T.);
#1225=ORIENTED_EDGE('',*,*,#978,.F.);
#1226=ORIENTED_EDGE('',*,*,#979,.T.);
#1227=ORIENTED_EDGE('',*,*,#980,.F.);
#1228=ORIENTED_EDGE('',*,*,#979,.F.);
#1229=ORIENTED_EDGE('',*,*,#981,.F.);
#1230=ORIENTED_EDGE('',*,*,#982,.F.);
#1231=ORIENTED_EDGE('',*,*,#983,.F.);
#1232=ORIENTED_EDGE('',*,*,#984,.T.);
#1233=ORIENTED_EDGE('',*,*,#985,.F.);
#1234=ORIENTED_EDGE('',*,*,#984,.F.);
#1235=ORIENTED_EDGE('',*,*,#986,.F.);
#1236=ORIENTED_EDGE('',*,*,#987,.T.);
#1237=ORIENTED_EDGE('',*,*,#988,.F.);
#1238=ORIENTED_EDGE('',*,*,#987,.F.);
#1239=ORIENTED_EDGE('',*,*,#989,.F.);
#1240=ORIENTED_EDGE('',*,*,#990,.T.);
#1241=ORIENTED_EDGE('',*,*,#991,.F.);
#1242=ORIENTED_EDGE('',*,*,#990,.F.);
#1243=ORIENTED_EDGE('',*,*,#992,.F.);
#1244=ORIENTED_EDGE('',*,*,#982,.T.);
#1245=ORIENTED_EDGE('',*,*,#993,.T.);
#1246=ORIENTED_EDGE('',*,*,#994,.T.);
#1247=ORIENTED_EDGE('',*,*,#995,.T.);
#1248=ORIENTED_EDGE('',*,*,#994,.F.);
#1249=ORIENTED_EDGE('',*,*,#995,.F.);
#1250=ORIENTED_EDGE('',*,*,#996,.T.);
#1251=ORIENTED_EDGE('',*,*,#997,.F.);
#1252=ORIENTED_EDGE('',*,*,#996,.F.);
#1253=ORIENTED_EDGE('',*,*,#993,.F.);
#1254=ORIENTED_EDGE('',*,*,#998,.T.);
#1255=ORIENTED_EDGE('',*,*,#999,.T.);
#1256=ORIENTED_EDGE('',*,*,#1000,.T.);
#1257=ORIENTED_EDGE('',*,*,#999,.F.);
#1258=ORIENTED_EDGE('',*,*,#1000,.F.);
#1259=ORIENTED_EDGE('',*,*,#1001,.T.);
#1260=ORIENTED_EDGE('',*,*,#1002,.F.);
#1261=ORIENTED_EDGE('',*,*,#1001,.F.);
#1262=ORIENTED_EDGE('',*,*,#998,.F.);
#1263=ORIENTED_EDGE('',*,*,#1003,.T.);
#1264=ORIENTED_EDGE('',*,*,#1004,.T.);
#1265=ORIENTED_EDGE('',*,*,#1005,.T.);
#1266=ORIENTED_EDGE('',*,*,#1004,.F.);
#1267=ORIENTED_EDGE('',*,*,#1005,.F.);
#1268=ORIENTED_EDGE('',*,*,#1006,.T.);
#1269=ORIENTED_EDGE('',*,*,#1007,.F.);
#1270=ORIENTED_EDGE('',*,*,#1006,.F.);
#1271=ORIENTED_EDGE('',*,*,#1003,.F.);
#1272=ORIENTED_EDGE('',*,*,#1008,.T.);
#1273=ORIENTED_EDGE('',*,*,#1009,.T.);
#1274=ORIENTED_EDGE('',*,*,#1010,.T.);
#1275=ORIENTED_EDGE('',*,*,#1009,.F.);
#1276=ORIENTED_EDGE('',*,*,#1010,.F.);
#1277=ORIENTED_EDGE('',*,*,#1011,.T.);
#1278=ORIENTED_EDGE('',*,*,#1012,.F.);
#1279=ORIENTED_EDGE('',*,*,#1011,.F.);
#1280=ORIENTED_EDGE('',*,*,#1008,.F.);
#1281=ORIENTED_EDGE('',*,*,#1013,.F.);
#1282=ORIENTED_EDGE('',*,*,#1014,.T.);
#1283=ORIENTED_EDGE('',*,*,#1015,.T.);
#1284=ORIENTED_EDGE('',*,*,#1016,.F.);
#1285=ORIENTED_EDGE('',*,*,#1015,.F.);
#1286=ORIENTED_EDGE('',*,*,#1017,.F.);
#1287=ORIENTED_EDGE('',*,*,#1018,.F.);
#1288=ORIENTED_EDGE('',*,*,#1019,.F.);
#1289=ORIENTED_EDGE('',*,*,#1020,.F.);
#1290=ORIENTED_EDGE('',*,*,#1021,.F.);
#1291=ORIENTED_EDGE('',*,*,#1022,.T.);
#1292=ORIENTED_EDGE('',*,*,#1023,.F.);
#1293=ORIENTED_EDGE('',*,*,#1024,.F.);
#1294=ORIENTED_EDGE('',*,*,#1025,.F.);
#1295=ORIENTED_EDGE('',*,*,#1026,.F.);
#1296=ORIENTED_EDGE('',*,*,#1022,.F.);
#1297=ORIENTED_EDGE('',*,*,#1027,.F.);
#1298=ORIENTED_EDGE('',*,*,#1028,.T.);
#1299=ORIENTED_EDGE('',*,*,#1029,.T.);
#1300=ORIENTED_EDGE('',*,*,#1030,.F.);
#1301=ORIENTED_EDGE('',*,*,#1029,.F.);
#1302=ORIENTED_EDGE('',*,*,#1031,.F.);
#1303=ORIENTED_EDGE('',*,*,#1032,.F.);
#1304=ORIENTED_EDGE('',*,*,#1033,.F.);
#1305=ORIENTED_EDGE('',*,*,#1034,.F.);
#1306=ORIENTED_EDGE('',*,*,#1035,.F.);
#1307=ORIENTED_EDGE('',*,*,#1036,.T.);
#1308=ORIENTED_EDGE('',*,*,#1037,.F.);
#1309=ORIENTED_EDGE('',*,*,#1038,.F.);
#1310=ORIENTED_EDGE('',*,*,#1039,.F.);
#1311=ORIENTED_EDGE('',*,*,#1040,.F.);
#1312=ORIENTED_EDGE('',*,*,#1036,.F.);
#1313=ORIENTED_EDGE('',*,*,#1019,.T.);
#1314=ORIENTED_EDGE('',*,*,#1041,.F.);
#1315=ORIENTED_EDGE('',*,*,#1042,.F.);
#1316=ORIENTED_EDGE('',*,*,#1043,.F.);
#1317=ORIENTED_EDGE('',*,*,#1018,.T.);
#1318=ORIENTED_EDGE('',*,*,#1044,.F.);
#1319=ORIENTED_EDGE('',*,*,#1045,.F.);
#1320=ORIENTED_EDGE('',*,*,#1041,.T.);
#1321=ORIENTED_EDGE('',*,*,#1033,.T.);
#1322=ORIENTED_EDGE('',*,*,#1046,.F.);
#1323=ORIENTED_EDGE('',*,*,#1047,.F.);
#1324=ORIENTED_EDGE('',*,*,#1048,.F.);
#1325=ORIENTED_EDGE('',*,*,#1032,.T.);
#1326=ORIENTED_EDGE('',*,*,#1049,.F.);
#1327=ORIENTED_EDGE('',*,*,#1050,.F.);
#1328=ORIENTED_EDGE('',*,*,#1046,.T.);
#1329=ORIENTED_EDGE('',*,*,#1016,.T.);
#1330=ORIENTED_EDGE('',*,*,#1043,.T.);
#1331=ORIENTED_EDGE('',*,*,#1051,.F.);
#1332=ORIENTED_EDGE('',*,*,#1052,.T.);
#1333=ORIENTED_EDGE('',*,*,#1021,.T.);
#1334=ORIENTED_EDGE('',*,*,#1053,.F.);
#1335=ORIENTED_EDGE('',*,*,#988,.T.);
#1336=ORIENTED_EDGE('',*,*,#991,.T.);
#1337=ORIENTED_EDGE('',*,*,#981,.T.);
#1338=ORIENTED_EDGE('',*,*,#985,.T.);
#1339=ORIENTED_EDGE('',*,*,#1044,.T.);
#1340=ORIENTED_EDGE('',*,*,#1017,.T.);
#1341=ORIENTED_EDGE('',*,*,#1014,.F.);
#1342=ORIENTED_EDGE('',*,*,#1054,.F.);
#1343=ORIENTED_EDGE('',*,*,#1037,.T.);
#1344=ORIENTED_EDGE('',*,*,#1040,.T.);
#1345=ORIENTED_EDGE('',*,*,#1055,.T.);
#1346=ORIENTED_EDGE('',*,*,#1056,.F.);
#1347=ORIENTED_EDGE('',*,*,#1057,.T.);
#1348=ORIENTED_EDGE('',*,*,#1058,.F.);
#1349=ORIENTED_EDGE('',*,*,#1049,.T.);
#1350=ORIENTED_EDGE('',*,*,#1031,.T.);
#1351=ORIENTED_EDGE('',*,*,#1028,.F.);
#1352=ORIENTED_EDGE('',*,*,#1059,.F.);
#1353=ORIENTED_EDGE('',*,*,#1023,.T.);
#1354=ORIENTED_EDGE('',*,*,#1026,.T.);
#1355=ORIENTED_EDGE('',*,*,#1060,.T.);
#1356=ORIENTED_EDGE('',*,*,#1035,.T.);
#1357=ORIENTED_EDGE('',*,*,#1061,.F.);
#1358=ORIENTED_EDGE('',*,*,#1030,.T.);
#1359=ORIENTED_EDGE('',*,*,#1048,.T.);
#1360=ORIENTED_EDGE('',*,*,#1062,.F.);
#1361=ORIENTED_EDGE('',*,*,#980,.T.);
#1362=ORIENTED_EDGE('',*,*,#1063,.T.);
#1363=ORIENTED_EDGE('',*,*,#1064,.T.);
#1364=ORIENTED_EDGE('',*,*,#1065,.T.);
#1365=ORIENTED_EDGE('',*,*,#1066,.T.);
#1366=ORIENTED_EDGE('',*,*,#1059,.T.);
#1367=ORIENTED_EDGE('',*,*,#1027,.T.);
#1368=ORIENTED_EDGE('',*,*,#1061,.T.);
#1369=ORIENTED_EDGE('',*,*,#1034,.T.);
#1370=ORIENTED_EDGE('',*,*,#1054,.T.);
#1371=ORIENTED_EDGE('',*,*,#1013,.T.);
#1372=ORIENTED_EDGE('',*,*,#1053,.T.);
#1373=ORIENTED_EDGE('',*,*,#1020,.T.);
#1374=ORIENTED_EDGE('',*,*,#1067,.T.);
#1375=ORIENTED_EDGE('',*,*,#1068,.F.);
#1376=ORIENTED_EDGE('',*,*,#1069,.F.);
#1377=ORIENTED_EDGE('',*,*,#1070,.T.);
#1378=ORIENTED_EDGE('',*,*,#1068,.T.);
#1379=ORIENTED_EDGE('',*,*,#1071,.T.);
#1380=ORIENTED_EDGE('',*,*,#1072,.F.);
#1381=ORIENTED_EDGE('',*,*,#1073,.F.);
#1382=ORIENTED_EDGE('',*,*,#1074,.T.);
#1383=ORIENTED_EDGE('',*,*,#1075,.T.);
#1384=ORIENTED_EDGE('',*,*,#1076,.F.);
#1385=ORIENTED_EDGE('',*,*,#1077,.F.);
#1386=ORIENTED_EDGE('',*,*,#1078,.T.);
#1387=ORIENTED_EDGE('',*,*,#1079,.F.);
#1388=ORIENTED_EDGE('',*,*,#1080,.F.);
#1389=ORIENTED_EDGE('',*,*,#1081,.T.);
#1390=ORIENTED_EDGE('',*,*,#1079,.T.);
#1391=ORIENTED_EDGE('',*,*,#1082,.T.);
#1392=ORIENTED_EDGE('',*,*,#1083,.F.);
#1393=ORIENTED_EDGE('',*,*,#1084,.F.);
#1394=ORIENTED_EDGE('',*,*,#1085,.T.);
#1395=ORIENTED_EDGE('',*,*,#1086,.F.);
#1396=ORIENTED_EDGE('',*,*,#1087,.F.);
#1397=ORIENTED_EDGE('',*,*,#1088,.T.);
#1398=ORIENTED_EDGE('',*,*,#1086,.T.);
#1399=ORIENTED_EDGE('',*,*,#1089,.T.);
#1400=ORIENTED_EDGE('',*,*,#1090,.F.);
#1401=ORIENTED_EDGE('',*,*,#1091,.F.);
#1402=ORIENTED_EDGE('',*,*,#1092,.T.);
#1403=ORIENTED_EDGE('',*,*,#1093,.T.);
#1404=ORIENTED_EDGE('',*,*,#1094,.T.);
#1405=ORIENTED_EDGE('',*,*,#1095,.T.);
#1406=ORIENTED_EDGE('',*,*,#1096,.T.);
#1407=ORIENTED_EDGE('',*,*,#1072,.T.);
#1408=ORIENTED_EDGE('',*,*,#1097,.T.);
#1409=ORIENTED_EDGE('',*,*,#1098,.T.);
#1410=ORIENTED_EDGE('',*,*,#1099,.T.);
#1411=ORIENTED_EDGE('',*,*,#1100,.T.);
#1412=ORIENTED_EDGE('',*,*,#1101,.T.);
#1413=ORIENTED_EDGE('',*,*,#1102,.T.);
#1414=ORIENTED_EDGE('',*,*,#1103,.T.);
#1415=ORIENTED_EDGE('',*,*,#1104,.T.);
#1416=ORIENTED_EDGE('',*,*,#1083,.T.);
#1417=ORIENTED_EDGE('',*,*,#1105,.T.);
#1418=ORIENTED_EDGE('',*,*,#1106,.T.);
#1419=ORIENTED_EDGE('',*,*,#1107,.T.);
#1420=ORIENTED_EDGE('',*,*,#1108,.T.);
#1421=ORIENTED_EDGE('',*,*,#1109,.T.);
#1422=ORIENTED_EDGE('',*,*,#1110,.T.);
#1423=ORIENTED_EDGE('',*,*,#1111,.T.);
#1424=ORIENTED_EDGE('',*,*,#1112,.T.);
#1425=ORIENTED_EDGE('',*,*,#1090,.T.);
#1426=ORIENTED_EDGE('',*,*,#1113,.F.);
#1427=ORIENTED_EDGE('',*,*,#1114,.T.);
#1428=ORIENTED_EDGE('',*,*,#1067,.F.);
#1429=ORIENTED_EDGE('',*,*,#1115,.F.);
#1430=ORIENTED_EDGE('',*,*,#1050,.T.);
#1431=ORIENTED_EDGE('',*,*,#1058,.T.);
#1432=ORIENTED_EDGE('',*,*,#1116,.T.);
#1433=ORIENTED_EDGE('',*,*,#1117,.T.);
#1434=ORIENTED_EDGE('',*,*,#1051,.T.);
#1435=ORIENTED_EDGE('',*,*,#1042,.T.);
#1436=ORIENTED_EDGE('',*,*,#1045,.T.);
#1437=ORIENTED_EDGE('',*,*,#1056,.T.);
#1438=ORIENTED_EDGE('',*,*,#1118,.T.);
#1439=ORIENTED_EDGE('',*,*,#1119,.T.);
#1440=ORIENTED_EDGE('',*,*,#1062,.T.);
#1441=ORIENTED_EDGE('',*,*,#1047,.T.);
#1442=ORIENTED_EDGE('',*,*,#1113,.T.);
#1443=ORIENTED_EDGE('',*,*,#1120,.T.);
#1444=ORIENTED_EDGE('',*,*,#1121,.T.);
#1445=ORIENTED_EDGE('',*,*,#1122,.T.);
#1446=ORIENTED_EDGE('',*,*,#1123,.F.);
#1447=ORIENTED_EDGE('',*,*,#1124,.T.);
#1448=ORIENTED_EDGE('',*,*,#1125,.T.);
#1449=ORIENTED_EDGE('',*,*,#1126,.T.);
#1450=ORIENTED_EDGE('',*,*,#1127,.T.);
#1451=ORIENTED_EDGE('',*,*,#1128,.T.);
#1452=ORIENTED_EDGE('',*,*,#1129,.T.);
#1453=ORIENTED_EDGE('',*,*,#1130,.T.);
#1454=ORIENTED_EDGE('',*,*,#1131,.T.);
#1455=ORIENTED_EDGE('',*,*,#1132,.T.);
#1456=ORIENTED_EDGE('',*,*,#1133,.T.);
#1457=ORIENTED_EDGE('',*,*,#1134,.T.);
#1458=ORIENTED_EDGE('',*,*,#1135,.T.);
#1459=ORIENTED_EDGE('',*,*,#1136,.T.);
#1460=ORIENTED_EDGE('',*,*,#1137,.F.);
#1461=ORIENTED_EDGE('',*,*,#1138,.T.);
#1462=ORIENTED_EDGE('',*,*,#1130,.F.);
#1463=ORIENTED_EDGE('',*,*,#1139,.T.);
#1464=ORIENTED_EDGE('',*,*,#1088,.F.);
#1465=ORIENTED_EDGE('',*,*,#1140,.T.);
#1466=ORIENTED_EDGE('',*,*,#1039,.T.);
#1467=ORIENTED_EDGE('',*,*,#1141,.F.);
#1468=ORIENTED_EDGE('',*,*,#1118,.F.);
#1469=ORIENTED_EDGE('',*,*,#1055,.F.);
#1470=ORIENTED_EDGE('',*,*,#1038,.T.);
#1471=ORIENTED_EDGE('',*,*,#1060,.F.);
#1472=ORIENTED_EDGE('',*,*,#1119,.F.);
#1473=ORIENTED_EDGE('',*,*,#1141,.T.);
#1474=ORIENTED_EDGE('',*,*,#1125,.F.);
#1475=ORIENTED_EDGE('',*,*,#1142,.T.);
#1476=ORIENTED_EDGE('',*,*,#1081,.F.);
#1477=ORIENTED_EDGE('',*,*,#1143,.T.);
#1478=ORIENTED_EDGE('',*,*,#1025,.T.);
#1479=ORIENTED_EDGE('',*,*,#1144,.F.);
#1480=ORIENTED_EDGE('',*,*,#1116,.F.);
#1481=ORIENTED_EDGE('',*,*,#1057,.F.);
#1482=ORIENTED_EDGE('',*,*,#1024,.T.);
#1483=ORIENTED_EDGE('',*,*,#1052,.F.);
#1484=ORIENTED_EDGE('',*,*,#1117,.F.);
#1485=ORIENTED_EDGE('',*,*,#1144,.T.);
#1486=ORIENTED_EDGE('',*,*,#1138,.F.);
#1487=ORIENTED_EDGE('',*,*,#1145,.T.);
#1488=ORIENTED_EDGE('',*,*,#1075,.F.);
#1489=ORIENTED_EDGE('',*,*,#1146,.F.);
#1490=ORIENTED_EDGE('',*,*,#1077,.T.);
#1491=ORIENTED_EDGE('',*,*,#1147,.T.);
#1492=ORIENTED_EDGE('',*,*,#1098,.F.);
#1493=ORIENTED_EDGE('',*,*,#1148,.T.);
#1494=ORIENTED_EDGE('',*,*,#1076,.T.);
#1495=ORIENTED_EDGE('',*,*,#1149,.T.);
#1496=ORIENTED_EDGE('',*,*,#1099,.F.);
#1497=ORIENTED_EDGE('',*,*,#1147,.F.);
#1498=ORIENTED_EDGE('',*,*,#1150,.F.);
#1499=ORIENTED_EDGE('',*,*,#1151,.T.);
#1500=ORIENTED_EDGE('',*,*,#1151,.F.);
#1501=ORIENTED_EDGE('',*,*,#1152,.F.);
#1502=ORIENTED_EDGE('',*,*,#1153,.T.);
#1503=ORIENTED_EDGE('',*,*,#1150,.T.);
#1504=ORIENTED_EDGE('',*,*,#1153,.F.);
#1505=ORIENTED_EDGE('',*,*,#1154,.F.);
#1506=ORIENTED_EDGE('',*,*,#1155,.T.);
#1507=ORIENTED_EDGE('',*,*,#1155,.F.);
#1508=ORIENTED_EDGE('',*,*,#1156,.F.);
#1509=ORIENTED_EDGE('',*,*,#1157,.T.);
#1510=ORIENTED_EDGE('',*,*,#1154,.T.);
#1511=ORIENTED_EDGE('',*,*,#1157,.F.);
#1512=ORIENTED_EDGE('',*,*,#1158,.F.);
#1513=ORIENTED_EDGE('',*,*,#1159,.T.);
#1514=ORIENTED_EDGE('',*,*,#1159,.F.);
#1515=ORIENTED_EDGE('',*,*,#1160,.F.);
#1516=ORIENTED_EDGE('',*,*,#1161,.T.);
#1517=ORIENTED_EDGE('',*,*,#1158,.T.);
#1518=ORIENTED_EDGE('',*,*,#1161,.F.);
#1519=ORIENTED_EDGE('',*,*,#1162,.F.);
#1520=ORIENTED_EDGE('',*,*,#1163,.T.);
#1521=ORIENTED_EDGE('',*,*,#1163,.F.);
#1522=ORIENTED_EDGE('',*,*,#1164,.F.);
#1523=ORIENTED_EDGE('',*,*,#1165,.T.);
#1524=ORIENTED_EDGE('',*,*,#1162,.T.);
#1525=ORIENTED_EDGE('',*,*,#1165,.F.);
#1526=ORIENTED_EDGE('',*,*,#1166,.F.);
#1527=ORIENTED_EDGE('',*,*,#1167,.F.);
#1528=ORIENTED_EDGE('',*,*,#1168,.F.);
#1529=ORIENTED_EDGE('',*,*,#1169,.F.);
#1530=ORIENTED_EDGE('',*,*,#1164,.T.);
#1531=ORIENTED_EDGE('',*,*,#1170,.F.);
#1532=ORIENTED_EDGE('',*,*,#1171,.F.);
#1533=ORIENTED_EDGE('',*,*,#1172,.F.);
#1534=ORIENTED_EDGE('',*,*,#1173,.F.);
#1535=ORIENTED_EDGE('',*,*,#1160,.T.);
#1536=ORIENTED_EDGE('',*,*,#1174,.F.);
#1537=ORIENTED_EDGE('',*,*,#1175,.F.);
#1538=ORIENTED_EDGE('',*,*,#1176,.F.);
#1539=ORIENTED_EDGE('',*,*,#1177,.F.);
#1540=ORIENTED_EDGE('',*,*,#1156,.T.);
#1541=ORIENTED_EDGE('',*,*,#1178,.F.);
#1542=ORIENTED_EDGE('',*,*,#1179,.F.);
#1543=ORIENTED_EDGE('',*,*,#1180,.F.);
#1544=ORIENTED_EDGE('',*,*,#1181,.F.);
#1545=ORIENTED_EDGE('',*,*,#1152,.T.);
#1546=ORIENTED_EDGE('',*,*,#1173,.T.);
#1547=ORIENTED_EDGE('',*,*,#1182,.F.);
#1548=ORIENTED_EDGE('',*,*,#1183,.F.);
#1549=ORIENTED_EDGE('',*,*,#1184,.T.);
#1550=ORIENTED_EDGE('',*,*,#1167,.T.);
#1551=ORIENTED_EDGE('',*,*,#1185,.F.);
#1552=ORIENTED_EDGE('',*,*,#1186,.F.);
#1553=ORIENTED_EDGE('',*,*,#1187,.T.);
#1554=ORIENTED_EDGE('',*,*,#1171,.T.);
#1555=ORIENTED_EDGE('',*,*,#1188,.F.);
#1556=ORIENTED_EDGE('',*,*,#1181,.T.);
#1557=ORIENTED_EDGE('',*,*,#1189,.F.);
#1558=ORIENTED_EDGE('',*,*,#1172,.T.);
#1559=ORIENTED_EDGE('',*,*,#1189,.T.);
#1560=ORIENTED_EDGE('',*,*,#1180,.T.);
#1561=ORIENTED_EDGE('',*,*,#1190,.F.);
#1562=ORIENTED_EDGE('',*,*,#1191,.F.);
#1563=ORIENTED_EDGE('',*,*,#1182,.T.);
#1564=ORIENTED_EDGE('',*,*,#1169,.T.);
#1565=ORIENTED_EDGE('',*,*,#1192,.F.);
#1566=ORIENTED_EDGE('',*,*,#1175,.T.);
#1567=ORIENTED_EDGE('',*,*,#1193,.F.);
#1568=ORIENTED_EDGE('',*,*,#1166,.T.);
#1569=ORIENTED_EDGE('',*,*,#1193,.T.);
#1570=ORIENTED_EDGE('',*,*,#1174,.T.);
#1571=ORIENTED_EDGE('',*,*,#1194,.F.);
#1572=ORIENTED_EDGE('',*,*,#1195,.F.);
#1573=ORIENTED_EDGE('',*,*,#1185,.T.);
#1574=ORIENTED_EDGE('',*,*,#1177,.T.);
#1575=ORIENTED_EDGE('',*,*,#1196,.F.);
#1576=ORIENTED_EDGE('',*,*,#1197,.F.);
#1577=ORIENTED_EDGE('',*,*,#1194,.T.);
#1578=ORIENTED_EDGE('',*,*,#1168,.T.);
#1579=ORIENTED_EDGE('',*,*,#1187,.F.);
#1580=ORIENTED_EDGE('',*,*,#1198,.F.);
#1581=ORIENTED_EDGE('',*,*,#1196,.T.);
#1582=ORIENTED_EDGE('',*,*,#1176,.T.);
#1583=ORIENTED_EDGE('',*,*,#1192,.T.);
#1584=ORIENTED_EDGE('',*,*,#1170,.T.);
#1585=ORIENTED_EDGE('',*,*,#1184,.F.);
#1586=ORIENTED_EDGE('',*,*,#1199,.F.);
#1587=ORIENTED_EDGE('',*,*,#1200,.T.);
#1588=ORIENTED_EDGE('',*,*,#1178,.T.);
#1589=ORIENTED_EDGE('',*,*,#1188,.T.);
#1590=ORIENTED_EDGE('',*,*,#1179,.T.);
#1591=ORIENTED_EDGE('',*,*,#1200,.F.);
#1592=ORIENTED_EDGE('',*,*,#1201,.F.);
#1593=ORIENTED_EDGE('',*,*,#1190,.T.);
#1594=ORIENTED_EDGE('',*,*,#1202,.F.);
#1595=ORIENTED_EDGE('',*,*,#1133,.F.);
#1596=ORIENTED_EDGE('',*,*,#1203,.T.);
#1597=ORIENTED_EDGE('',*,*,#1109,.F.);
#1598=ORIENTED_EDGE('',*,*,#1204,.T.);
#1599=ORIENTED_EDGE('',*,*,#1110,.F.);
#1600=ORIENTED_EDGE('',*,*,#1203,.F.);
#1601=ORIENTED_EDGE('',*,*,#1132,.F.);
#1602=ORIENTED_EDGE('',*,*,#1205,.F.);
#1603=ORIENTED_EDGE('',*,*,#1136,.F.);
#1604=ORIENTED_EDGE('',*,*,#1206,.T.);
#1605=ORIENTED_EDGE('',*,*,#1101,.F.);
#1606=ORIENTED_EDGE('',*,*,#1207,.T.);
#1607=ORIENTED_EDGE('',*,*,#1102,.F.);
#1608=ORIENTED_EDGE('',*,*,#1206,.F.);
#1609=ORIENTED_EDGE('',*,*,#1135,.F.);
#1610=ORIENTED_EDGE('',*,*,#1208,.T.);
#1611=ORIENTED_EDGE('',*,*,#1107,.F.);
#1612=ORIENTED_EDGE('',*,*,#1209,.F.);
#1613=ORIENTED_EDGE('',*,*,#1127,.F.);
#1614=ORIENTED_EDGE('',*,*,#1210,.F.);
#1615=ORIENTED_EDGE('',*,*,#1128,.F.);
#1616=ORIENTED_EDGE('',*,*,#1209,.T.);
#1617=ORIENTED_EDGE('',*,*,#1106,.F.);
#1618=ORIENTED_EDGE('',*,*,#1211,.F.);
#1619=ORIENTED_EDGE('',*,*,#1122,.F.);
#1620=ORIENTED_EDGE('',*,*,#1212,.T.);
#1621=ORIENTED_EDGE('',*,*,#1093,.F.);
#1622=ORIENTED_EDGE('',*,*,#1213,.T.);
#1623=ORIENTED_EDGE('',*,*,#1094,.F.);
#1624=ORIENTED_EDGE('',*,*,#1212,.F.);
#1625=ORIENTED_EDGE('',*,*,#1121,.F.);
#1626=ORIENTED_EDGE('',*,*,#1208,.F.);
#1627=ORIENTED_EDGE('',*,*,#1126,.F.);
#1628=ORIENTED_EDGE('',*,*,#1143,.F.);
#1629=ORIENTED_EDGE('',*,*,#1214,.F.);
#1630=ORIENTED_EDGE('',*,*,#1103,.F.);
#1631=ORIENTED_EDGE('',*,*,#1114,.F.);
#1632=ORIENTED_EDGE('',*,*,#1123,.T.);
#1633=ORIENTED_EDGE('',*,*,#1211,.T.);
#1634=ORIENTED_EDGE('',*,*,#1092,.F.);
#1635=ORIENTED_EDGE('',*,*,#1071,.F.);
#1636=ORIENTED_EDGE('',*,*,#1078,.F.);
#1637=ORIENTED_EDGE('',*,*,#1142,.F.);
#1638=ORIENTED_EDGE('',*,*,#1124,.F.);
#1639=ORIENTED_EDGE('',*,*,#1210,.T.);
#1640=ORIENTED_EDGE('',*,*,#1105,.F.);
#1641=ORIENTED_EDGE('',*,*,#1082,.F.);
#1642=ORIENTED_EDGE('',*,*,#1207,.F.);
#1643=ORIENTED_EDGE('',*,*,#1134,.F.);
#1644=ORIENTED_EDGE('',*,*,#1146,.T.);
#1645=ORIENTED_EDGE('',*,*,#1074,.F.);
#1646=ORIENTED_EDGE('',*,*,#1148,.F.);
#1647=ORIENTED_EDGE('',*,*,#1097,.F.);
#1648=ORIENTED_EDGE('',*,*,#1085,.F.);
#1649=ORIENTED_EDGE('',*,*,#1139,.F.);
#1650=ORIENTED_EDGE('',*,*,#1129,.F.);
#1651=ORIENTED_EDGE('',*,*,#1202,.T.);
#1652=ORIENTED_EDGE('',*,*,#1108,.F.);
#1653=ORIENTED_EDGE('',*,*,#1089,.F.);
#1654=ORIENTED_EDGE('',*,*,#1213,.F.);
#1655=ORIENTED_EDGE('',*,*,#1120,.F.);
#1656=ORIENTED_EDGE('',*,*,#1115,.T.);
#1657=ORIENTED_EDGE('',*,*,#1070,.F.);
#1658=ORIENTED_EDGE('',*,*,#1215,.F.);
#1659=ORIENTED_EDGE('',*,*,#1095,.F.);
#1660=ORIENTED_EDGE('',*,*,#1145,.F.);
#1661=ORIENTED_EDGE('',*,*,#1137,.T.);
#1662=ORIENTED_EDGE('',*,*,#1205,.T.);
#1663=ORIENTED_EDGE('',*,*,#1100,.F.);
#1664=ORIENTED_EDGE('',*,*,#1149,.F.);
#1665=ORIENTED_EDGE('',*,*,#1204,.F.);
#1666=ORIENTED_EDGE('',*,*,#1131,.F.);
#1667=ORIENTED_EDGE('',*,*,#1140,.F.);
#1668=ORIENTED_EDGE('',*,*,#1216,.F.);
#1669=ORIENTED_EDGE('',*,*,#1111,.F.);
#1670=ORIENTED_EDGE('',*,*,#1080,.T.);
#1671=ORIENTED_EDGE('',*,*,#1084,.T.);
#1672=ORIENTED_EDGE('',*,*,#1104,.F.);
#1673=ORIENTED_EDGE('',*,*,#1214,.T.);
#1674=ORIENTED_EDGE('',*,*,#1069,.T.);
#1675=ORIENTED_EDGE('',*,*,#1073,.T.);
#1676=ORIENTED_EDGE('',*,*,#1096,.F.);
#1677=ORIENTED_EDGE('',*,*,#1215,.T.);
#1678=ORIENTED_EDGE('',*,*,#1087,.T.);
#1679=ORIENTED_EDGE('',*,*,#1091,.T.);
#1680=ORIENTED_EDGE('',*,*,#1112,.F.);
#1681=ORIENTED_EDGE('',*,*,#1216,.T.);
#1682=ORIENTED_EDGE('',*,*,#1217,.T.);
#1683=ORIENTED_EDGE('',*,*,#1218,.T.);
#1684=ORIENTED_EDGE('',*,*,#1063,.F.);
#1685=ORIENTED_EDGE('',*,*,#1219,.F.);
#1686=ORIENTED_EDGE('',*,*,#1220,.T.);
#1687=ORIENTED_EDGE('',*,*,#1219,.T.);
#1688=ORIENTED_EDGE('',*,*,#1066,.F.);
#1689=ORIENTED_EDGE('',*,*,#1221,.F.);
#1690=ORIENTED_EDGE('',*,*,#978,.T.);
#1691=ORIENTED_EDGE('',*,*,#1222,.T.);
#1692=ORIENTED_EDGE('',*,*,#1221,.T.);
#1693=ORIENTED_EDGE('',*,*,#1065,.F.);
#1694=ORIENTED_EDGE('',*,*,#1223,.F.);
#1695=ORIENTED_EDGE('',*,*,#1224,.T.);
#1696=ORIENTED_EDGE('',*,*,#1223,.T.);
#1697=ORIENTED_EDGE('',*,*,#1064,.F.);
#1698=ORIENTED_EDGE('',*,*,#1218,.F.);
#1699=ORIENTED_EDGE('',*,*,#989,.T.);
#1700=ORIENTED_EDGE('',*,*,#986,.T.);
#1701=ORIENTED_EDGE('',*,*,#983,.T.);
#1702=ORIENTED_EDGE('',*,*,#992,.T.);
#1703=ORIENTED_EDGE('',*,*,#1224,.F.);
#1704=ORIENTED_EDGE('',*,*,#1217,.F.);
#1705=ORIENTED_EDGE('',*,*,#1220,.F.);
#1706=ORIENTED_EDGE('',*,*,#1222,.F.);
#1707=ORIENTED_EDGE('',*,*,#997,.T.);
#1708=ORIENTED_EDGE('',*,*,#1002,.T.);
#1709=ORIENTED_EDGE('',*,*,#1007,.T.);
#1710=ORIENTED_EDGE('',*,*,#1012,.T.);
#1711=ORIENTED_EDGE('',*,*,#1199,.T.);
#1712=ORIENTED_EDGE('',*,*,#1183,.T.);
#1713=ORIENTED_EDGE('',*,*,#1191,.T.);
#1714=ORIENTED_EDGE('',*,*,#1201,.T.);
#1715=ORIENTED_EDGE('',*,*,#1197,.T.);
#1716=ORIENTED_EDGE('',*,*,#1198,.T.);
#1717=ORIENTED_EDGE('',*,*,#1186,.T.);
#1718=ORIENTED_EDGE('',*,*,#1195,.T.);
#1719=CYLINDRICAL_SURFACE('',#1846,3.75);
#1720=CYLINDRICAL_SURFACE('',#1856,1.3);
#1721=CYLINDRICAL_SURFACE('',#1862,1.3);
#1722=CYLINDRICAL_SURFACE('',#1868,1.3);
#1723=CYLINDRICAL_SURFACE('',#1874,1.3);
#1724=CYLINDRICAL_SURFACE('',#1918,1.3);
#1725=CYLINDRICAL_SURFACE('',#1922,1.3);
#1726=CYLINDRICAL_SURFACE('',#1926,1.3);
#1727=CYLINDRICAL_SURFACE('',#1930,1.3);
#1728=CYLINDRICAL_SURFACE('',#1938,15.);
#1729=CYLINDRICAL_SURFACE('',#1942,15.);
#1730=ADVANCED_FACE('',(#125),#1719,.F.);
#1731=ADVANCED_FACE('',(#126),#42,.F.);
#1732=ADVANCED_FACE('',(#127),#43,.F.);
#1733=ADVANCED_FACE('',(#128),#44,.F.);
#1734=ADVANCED_FACE('',(#129),#45,.F.);
#1735=ADVANCED_FACE('',(#130),#34,.F.);
#1736=ADVANCED_FACE('',(#131),#1720,.F.);
#1737=ADVANCED_FACE('',(#132),#46,.F.);
#1738=ADVANCED_FACE('',(#133),#35,.F.);
#1739=ADVANCED_FACE('',(#134),#1721,.F.);
#1740=ADVANCED_FACE('',(#135),#47,.F.);
#1741=ADVANCED_FACE('',(#136),#36,.F.);
#1742=ADVANCED_FACE('',(#137),#1722,.F.);
#1743=ADVANCED_FACE('',(#138),#48,.F.);
#1744=ADVANCED_FACE('',(#139),#37,.F.);
#1745=ADVANCED_FACE('',(#140),#1723,.F.);
#1746=ADVANCED_FACE('',(#141),#49,.F.);
#1747=ADVANCED_FACE('',(#142),#50,.F.);
#1748=ADVANCED_FACE('',(#143),#51,.F.);
#1749=ADVANCED_FACE('',(#144),#52,.F.);
#1750=ADVANCED_FACE('',(#145),#53,.F.);
#1751=ADVANCED_FACE('',(#146),#54,.F.);
#1752=ADVANCED_FACE('',(#147),#55,.F.);
#1753=ADVANCED_FACE('',(#148),#56,.F.);
#1754=ADVANCED_FACE('',(#149),#57,.F.);
#1755=ADVANCED_FACE('',(#150),#58,.T.);
#1756=ADVANCED_FACE('',(#151),#59,.T.);
#1757=ADVANCED_FACE('',(#152),#60,.T.);
#1758=ADVANCED_FACE('',(#153),#61,.T.);
#1759=ADVANCED_FACE('',(#154,#15),#62,.T.);
#1760=ADVANCED_FACE('',(#155),#63,.T.);
#1761=ADVANCED_FACE('',(#156),#64,.T.);
#1762=ADVANCED_FACE('',(#157,#16),#65,.T.);
#1763=ADVANCED_FACE('',(#158,#17),#66,.T.);
#1764=ADVANCED_FACE('',(#159),#67,.T.);
#1765=ADVANCED_FACE('',(#160),#68,.T.);
#1766=ADVANCED_FACE('',(#161),#69,.T.);
#1767=ADVANCED_FACE('',(#162),#70,.T.);
#1768=ADVANCED_FACE('',(#163),#71,.T.);
#1769=ADVANCED_FACE('',(#164),#72,.T.);
#1770=ADVANCED_FACE('',(#165),#73,.T.);
#1771=ADVANCED_FACE('',(#166),#74,.T.);
#1772=ADVANCED_FACE('',(#167),#75,.T.);
#1773=ADVANCED_FACE('',(#168),#76,.T.);
#1774=ADVANCED_FACE('',(#169),#77,.T.);
#1775=ADVANCED_FACE('',(#170),#78,.T.);
#1776=ADVANCED_FACE('',(#171,#18,#19,#20,#21),#79,.T.);
#1777=ADVANCED_FACE('',(#172),#80,.T.);
#1778=ADVANCED_FACE('',(#173),#81,.T.);
#1779=ADVANCED_FACE('',(#174),#82,.T.);
#1780=ADVANCED_FACE('',(#175),#83,.T.);
#1781=ADVANCED_FACE('',(#176),#84,.T.);
#1782=ADVANCED_FACE('',(#177),#85,.T.);
#1783=ADVANCED_FACE('',(#178),#86,.T.);
#1784=ADVANCED_FACE('',(#179),#87,.T.);
#1785=ADVANCED_FACE('',(#180),#88,.T.);
#1786=ADVANCED_FACE('',(#181),#38,.F.);
#1787=ADVANCED_FACE('',(#182),#1724,.F.);
#1788=ADVANCED_FACE('',(#183),#39,.F.);
#1789=ADVANCED_FACE('',(#184),#1725,.F.);
#1790=ADVANCED_FACE('',(#185),#40,.F.);
#1791=ADVANCED_FACE('',(#186),#1726,.F.);
#1792=ADVANCED_FACE('',(#187),#41,.F.);
#1793=ADVANCED_FACE('',(#188),#1727,.F.);
#1794=ADVANCED_FACE('',(#189,#22),#89,.F.);
#1795=ADVANCED_FACE('',(#190,#23),#90,.F.);
#1796=ADVANCED_FACE('',(#191,#24),#91,.F.);
#1797=ADVANCED_FACE('',(#192,#25),#92,.F.);
#1798=ADVANCED_FACE('',(#193),#93,.T.);
#1799=ADVANCED_FACE('',(#194),#94,.T.);
#1800=ADVANCED_FACE('',(#195),#1728,.F.);
#1801=ADVANCED_FACE('',(#196),#95,.T.);
#1802=ADVANCED_FACE('',(#197),#1729,.F.);
#1803=ADVANCED_FACE('',(#198),#96,.T.);
#1804=ADVANCED_FACE('',(#199),#97,.T.);
#1805=ADVANCED_FACE('',(#200),#98,.T.);
#1806=ADVANCED_FACE('',(#201),#99,.T.);
#1807=ADVANCED_FACE('',(#202),#100,.T.);
#1808=ADVANCED_FACE('',(#203),#101,.T.);
#1809=ADVANCED_FACE('',(#204),#102,.T.);
#1810=ADVANCED_FACE('',(#205),#103,.T.);
#1811=ADVANCED_FACE('',(#206),#104,.T.);
#1812=ADVANCED_FACE('',(#207),#105,.T.);
#1813=ADVANCED_FACE('',(#208),#106,.T.);
#1814=ADVANCED_FACE('',(#209),#107,.T.);
#1815=ADVANCED_FACE('',(#210),#108,.T.);
#1816=ADVANCED_FACE('',(#211),#109,.F.);
#1817=ADVANCED_FACE('',(#212),#110,.F.);
#1818=ADVANCED_FACE('',(#213),#111,.F.);
#1819=ADVANCED_FACE('',(#214),#112,.F.);
#1820=ADVANCED_FACE('',(#215),#113,.F.);
#1821=ADVANCED_FACE('',(#216),#114,.F.);
#1822=ADVANCED_FACE('',(#217),#115,.F.);
#1823=ADVANCED_FACE('',(#218),#116,.F.);
#1824=ADVANCED_FACE('',(#219),#117,.T.);
#1825=ADVANCED_FACE('',(#220),#118,.T.);
#1826=ADVANCED_FACE('',(#221),#119,.T.);
#1827=ADVANCED_FACE('',(#222),#120,.T.);
#1828=ADVANCED_FACE('',(#223,#26),#121,.T.);
#1829=ADVANCED_FACE('',(#224),#122,.T.);
#1830=ADVANCED_FACE('',(#225,#27),#123,.T.);
#1831=ADVANCED_FACE('',(#226,#28,#29,#30,#31,#32,#33),#124,.F.);
#1832=CLOSED_SHELL('',(#1730,#1731,#1732,#1733,#1734,#1735,#1736,#1737,
#1738,#1739,#1740,#1741,#1742,#1743,#1744,#1745,#1746,#1747,#1748,#1749,
#1750,#1751,#1752,#1753,#1754,#1755,#1756,#1757,#1758,#1759,#1760,#1761,
#1762,#1763,#1764,#1765,#1766,#1767,#1768,#1769,#1770,#1771,#1772,#1773,
#1774,#1775,#1776,#1777,#1778,#1779,#1780,#1781,#1782,#1783,#1784,#1785,
#1786,#1787,#1788,#1789,#1790,#1791,#1792,#1793,#1794,#1795,#1796,#1797,
#1798,#1799,#1800,#1801,#1802,#1803,#1804,#1805,#1806,#1807,#1808,#1809,
#1810,#1811,#1812,#1813,#1814,#1815,#1816,#1817,#1818,#1819,#1820,#1821,
#1822,#1823,#1824,#1825,#1826,#1827,#1828,#1829,#1830,#1831));
#1833=DERIVED_UNIT_ELEMENT(#1835,1.);
#1834=DERIVED_UNIT_ELEMENT(#2970,-3.);
#1835=(
MASS_UNIT()
NAMED_UNIT(*)
SI_UNIT(.KILO.,.GRAM.)
);
#1836=DERIVED_UNIT((#1833,#1834));
#1837=MEASURE_REPRESENTATION_ITEM('density measure',
POSITIVE_RATIO_MEASURE(7850.),#1836);
#1838=PROPERTY_DEFINITION_REPRESENTATION(#1843,#1840);
#1839=PROPERTY_DEFINITION_REPRESENTATION(#1844,#1841);
#1840=REPRESENTATION('material name',(#1842),#2967);
#1841=REPRESENTATION('density',(#1837),#2967);
#1842=DESCRIPTIVE_REPRESENTATION_ITEM('Steel','Steel');
#1843=PROPERTY_DEFINITION('material property','material name',#2977);
#1844=PROPERTY_DEFINITION('material property','density of part',#2977);
#1845=AXIS2_PLACEMENT_3D('',#2453,#1974,#1975);
#1846=AXIS2_PLACEMENT_3D('',#2454,#1976,#1977);
#1847=AXIS2_PLACEMENT_3D('',#2456,#1978,#1979);
#1848=AXIS2_PLACEMENT_3D('',#2459,#1981,#1982);
#1849=AXIS2_PLACEMENT_3D('',#2460,#1983,#1984);
#1850=AXIS2_PLACEMENT_3D('',#2469,#1989,#1990);
#1851=AXIS2_PLACEMENT_3D('',#2475,#1994,#1995);
#1852=AXIS2_PLACEMENT_3D('',#2481,#1999,#2000);
#1853=AXIS2_PLACEMENT_3D('',#2484,#2003,#2004);
#1854=AXIS2_PLACEMENT_3D('',#2486,#2005,#2006);
#1855=AXIS2_PLACEMENT_3D('',#2489,#2008,#2009);
#1856=AXIS2_PLACEMENT_3D('',#2490,#2010,#2011);
#1857=AXIS2_PLACEMENT_3D('',#2493,#2013,#2014);
#1858=AXIS2_PLACEMENT_3D('',#2494,#2015,#2016);
#1859=AXIS2_PLACEMENT_3D('',#2495,#2017,#2018);
#1860=AXIS2_PLACEMENT_3D('',#2497,#2019,#2020);
#1861=AXIS2_PLACEMENT_3D('',#2500,#2022,#2023);
#1862=AXIS2_PLACEMENT_3D('',#2501,#2024,#2025);
#1863=AXIS2_PLACEMENT_3D('',#2504,#2027,#2028);
#1864=AXIS2_PLACEMENT_3D('',#2505,#2029,#2030);
#1865=AXIS2_PLACEMENT_3D('',#2506,#2031,#2032);
#1866=AXIS2_PLACEMENT_3D('',#2508,#2033,#2034);
#1867=AXIS2_PLACEMENT_3D('',#2511,#2036,#2037);
#1868=AXIS2_PLACEMENT_3D('',#2512,#2038,#2039);
#1869=AXIS2_PLACEMENT_3D('',#2515,#2041,#2042);
#1870=AXIS2_PLACEMENT_3D('',#2516,#2043,#2044);
#1871=AXIS2_PLACEMENT_3D('',#2517,#2045,#2046);
#1872=AXIS2_PLACEMENT_3D('',#2519,#2047,#2048);
#1873=AXIS2_PLACEMENT_3D('',#2522,#2050,#2051);
#1874=AXIS2_PLACEMENT_3D('',#2523,#2052,#2053);
#1875=AXIS2_PLACEMENT_3D('',#2526,#2055,#2056);
#1876=AXIS2_PLACEMENT_3D('',#2527,#2057,#2058);
#1877=AXIS2_PLACEMENT_3D('',#2528,#2059,#2060);
#1878=AXIS2_PLACEMENT_3D('',#2537,#2065,#2066);
#1879=AXIS2_PLACEMENT_3D('',#2543,#2070,#2071);
#1880=AXIS2_PLACEMENT_3D('',#2552,#2076,#2077);
#1881=AXIS2_PLACEMENT_3D('',#2558,#2081,#2082);
#1882=AXIS2_PLACEMENT_3D('',#2567,#2087,#2088);
#1883=AXIS2_PLACEMENT_3D('',#2573,#2092,#2093);
#1884=AXIS2_PLACEMENT_3D('',#2582,#2098,#2099);
#1885=AXIS2_PLACEMENT_3D('',#2588,#2103,#2104);
#1886=AXIS2_PLACEMENT_3D('',#2594,#2108,#2109);
#1887=AXIS2_PLACEMENT_3D('',#2598,#2112,#2113);
#1888=AXIS2_PLACEMENT_3D('',#2604,#2117,#2118);
#1889=AXIS2_PLACEMENT_3D('',#2608,#2121,#2122);
#1890=AXIS2_PLACEMENT_3D('',#2613,#2126,#2127);
#1891=AXIS2_PLACEMENT_3D('',#2618,#2131,#2132);
#1892=AXIS2_PLACEMENT_3D('',#2623,#2136,#2137);
#1893=AXIS2_PLACEMENT_3D('',#2628,#2141,#2142);
#1894=AXIS2_PLACEMENT_3D('',#2637,#2147,#2148);
#1895=AXIS2_PLACEMENT_3D('',#2646,#2153,#2154);
#1896=AXIS2_PLACEMENT_3D('',#2652,#2158,#2159);
#1897=AXIS2_PLACEMENT_3D('',#2661,#2164,#2165);
#1898=AXIS2_PLACEMENT_3D('',#2670,#2170,#2171);
#1899=AXIS2_PLACEMENT_3D('',#2676,#2175,#2176);
#1900=AXIS2_PLACEMENT_3D('',#2685,#2181,#2182);
#1901=AXIS2_PLACEMENT_3D('',#2691,#2186,#2187);
#1902=AXIS2_PLACEMENT_3D('',#2701,#2193,#2194);
#1903=AXIS2_PLACEMENT_3D('',#2714,#2201,#2202);
#1904=AXIS2_PLACEMENT_3D('',#2724,#2208,#2209);
#1905=AXIS2_PLACEMENT_3D('',#2734,#2215,#2216);
#1906=AXIS2_PLACEMENT_3D('',#2740,#2220,#2221);
#1907=AXIS2_PLACEMENT_3D('',#2784,#2245,#2246);
#1908=AXIS2_PLACEMENT_3D('',#2787,#2249,#2250);
#1909=AXIS2_PLACEMENT_3D('',#2789,#2252,#2253);
#1910=AXIS2_PLACEMENT_3D('',#2790,#2254,#2255);
#1911=AXIS2_PLACEMENT_3D('',#2793,#2258,#2259);
#1912=AXIS2_PLACEMENT_3D('',#2795,#2261,#2262);
#1913=AXIS2_PLACEMENT_3D('',#2796,#2263,#2264);
#1914=AXIS2_PLACEMENT_3D('',#2799,#2267,#2268);
#1915=AXIS2_PLACEMENT_3D('',#2802,#2271,#2272);
#1916=AXIS2_PLACEMENT_3D('',#2804,#2274,#2275);
#1917=AXIS2_PLACEMENT_3D('',#2806,#2276,#2277);
#1918=AXIS2_PLACEMENT_3D('',#2809,#2279,#2280);
#1919=AXIS2_PLACEMENT_3D('',#2811,#2281,#2282);
#1920=AXIS2_PLACEMENT_3D('',#2813,#2284,#2285);
#1921=AXIS2_PLACEMENT_3D('',#2815,#2286,#2287);
#1922=AXIS2_PLACEMENT_3D('',#2818,#2289,#2290);
#1923=AXIS2_PLACEMENT_3D('',#2820,#2291,#2292);
#1924=AXIS2_PLACEMENT_3D('',#2822,#2294,#2295);
#1925=AXIS2_PLACEMENT_3D('',#2824,#2296,#2297);
#1926=AXIS2_PLACEMENT_3D('',#2827,#2299,#2300);
#1927=AXIS2_PLACEMENT_3D('',#2829,#2301,#2302);
#1928=AXIS2_PLACEMENT_3D('',#2831,#2304,#2305);
#1929=AXIS2_PLACEMENT_3D('',#2833,#2306,#2307);
#1930=AXIS2_PLACEMENT_3D('',#2836,#2309,#2310);
#1931=AXIS2_PLACEMENT_3D('',#2838,#2311,#2312);
#1932=AXIS2_PLACEMENT_3D('',#2840,#2314,#2315);
#1933=AXIS2_PLACEMENT_3D('',#2849,#2320,#2321);
#1934=AXIS2_PLACEMENT_3D('',#2858,#2326,#2327);
#1935=AXIS2_PLACEMENT_3D('',#2867,#2332,#2333);
#1936=AXIS2_PLACEMENT_3D('',#2876,#2338,#2339);
#1937=AXIS2_PLACEMENT_3D('',#2882,#2343,#2344);
#1938=AXIS2_PLACEMENT_3D('',#2888,#2348,#2349);
#1939=AXIS2_PLACEMENT_3D('',#2889,#2350,#2351);
#1940=AXIS2_PLACEMENT_3D('',#2890,#2352,#2353);
#1941=AXIS2_PLACEMENT_3D('',#2891,#2354,#2355);
#1942=AXIS2_PLACEMENT_3D('',#2895,#2358,#2359);
#1943=AXIS2_PLACEMENT_3D('',#2896,#2360,#2361);
#1944=AXIS2_PLACEMENT_3D('',#2897,#2362,#2363);
#1945=AXIS2_PLACEMENT_3D('',#2898,#2364,#2365);
#1946=AXIS2_PLACEMENT_3D('',#2902,#2368,#2369);
#1947=AXIS2_PLACEMENT_3D('',#2906,#2372,#2373);
#1948=AXIS2_PLACEMENT_3D('',#2908,#2375,#2376);
#1949=AXIS2_PLACEMENT_3D('',#2912,#2379,#2380);
#1950=AXIS2_PLACEMENT_3D('',#2914,#2382,#2383);
#1951=AXIS2_PLACEMENT_3D('',#2917,#2386,#2387);
#1952=AXIS2_PLACEMENT_3D('',#2919,#2389,#2390);
#1953=AXIS2_PLACEMENT_3D('',#2922,#2393,#2394);
#1954=AXIS2_PLACEMENT_3D('',#2924,#2396,#2397);
#1955=AXIS2_PLACEMENT_3D('',#2927,#2400,#2401);
#1956=AXIS2_PLACEMENT_3D('',#2929,#2403,#2404);
#1957=AXIS2_PLACEMENT_3D('',#2932,#2407,#2408);
#1958=AXIS2_PLACEMENT_3D('',#2934,#2410,#2411);
#1959=AXIS2_PLACEMENT_3D('',#2936,#2413,#2414);
#1960=AXIS2_PLACEMENT_3D('',#2937,#2415,#2416);
#1961=AXIS2_PLACEMENT_3D('',#2938,#2417,#2418);
#1962=AXIS2_PLACEMENT_3D('',#2939,#2419,#2420);
#1963=AXIS2_PLACEMENT_3D('',#2940,#2421,#2422);
#1964=AXIS2_PLACEMENT_3D('',#2942,#2424,#2425);
#1965=AXIS2_PLACEMENT_3D('',#2943,#2426,#2427);
#1966=AXIS2_PLACEMENT_3D('',#2945,#2429,#2430);
#1967=AXIS2_PLACEMENT_3D('',#2946,#2431,#2432);
#1968=AXIS2_PLACEMENT_3D('',#2947,#2433,#2434);
#1969=AXIS2_PLACEMENT_3D('',#2948,#2435,#2436);
#1970=AXIS2_PLACEMENT_3D('',#2954,#2440,#2441);
#1971=AXIS2_PLACEMENT_3D('',#2958,#2444,#2445);
#1972=AXIS2_PLACEMENT_3D('',#2962,#2448,#2449);
#1973=AXIS2_PLACEMENT_3D('',#2964,#2451,#2452);
#1974=DIRECTION('axis',(0.,0.,1.));
#1975=DIRECTION('refdir',(1.,0.,0.));
#1976=DIRECTION('center_axis',(1.,0.,-4.07683664604974E-9));
#1977=DIRECTION('ref_axis',(0.,-1.,6.28530487257574E-40));
#1978=DIRECTION('center_axis',(1.,0.,0.));
#1979=DIRECTION('ref_axis',(0.,-1.,6.28530487257574E-40));
#1980=DIRECTION('',(1.,0.,-4.07683664604974E-9));
#1981=DIRECTION('center_axis',(-1.,0.,0.));
#1982=DIRECTION('ref_axis',(0.,-1.,6.28530487257574E-40));
#1983=DIRECTION('center_axis',(0.,1.,4.12919380076624E-31));
#1984=DIRECTION('ref_axis',(1.06882110546273E-61,4.12919380076624E-31,-1.));
#1985=DIRECTION('',(0.,-4.12919380076624E-31,1.));
#1986=DIRECTION('',(-1.,0.,0.));
#1987=DIRECTION('',(0.,4.12919380076624E-31,-1.));
#1988=DIRECTION('',(-1.,0.,0.));
#1989=DIRECTION('center_axis',(0.,-4.12919380076624E-31,1.));
#1990=DIRECTION('ref_axis',(2.58844984525644E-31,1.,4.12919380076624E-31));
#1991=DIRECTION('',(0.,-1.,-4.12919380076624E-31));
#1992=DIRECTION('',(0.,1.,4.12919380076624E-31));
#1993=DIRECTION('',(-1.,0.,0.));
#1994=DIRECTION('center_axis',(0.,-1.,-4.12919380076624E-31));
#1995=DIRECTION('ref_axis',(-1.06882110545835E-61,-4.12919380076624E-31,
1.));
#1996=DIRECTION('',(0.,4.12919380076624E-31,-1.));
#1997=DIRECTION('',(0.,-4.12919380076624E-31,1.));
#1998=DIRECTION('',(-1.,0.,0.));
#1999=DIRECTION('center_axis',(0.,4.12919380076624E-31,-1.));
#2000=DIRECTION('ref_axis',(-2.58844984525644E-31,-1.,-4.12919380076624E-31));
#2001=DIRECTION('',(0.,1.,4.12919380076624E-31));
#2002=DIRECTION('',(0.,-1.,-4.12919380076624E-31));
#2003=DIRECTION('center_axis',(5.55111512312578E-17,-7.66335097677634E-47,
1.));
#2004=DIRECTION('ref_axis',(1.,8.75811540203011E-47,-5.55111512312578E-17));
#2005=DIRECTION('center_axis',(5.55111512312578E-17,-7.66335097677634E-47,
1.));
#2006=DIRECTION('ref_axis',(1.,8.75811540203011E-47,-5.55111512312578E-17));
#2007=DIRECTION('',(0.707106781186548,-8.65956056235493E-17,-0.707106781186548));
#2008=DIRECTION('center_axis',(-5.55111512312578E-17,7.66335097677634E-47,
-1.));
#2009=DIRECTION('ref_axis',(1.,8.75811540203011E-47,-5.55111512312578E-17));
#2010=DIRECTION('center_axis',(-5.55111512312578E-17,7.66335097677634E-47,
-1.));
#2011=DIRECTION('ref_axis',(1.,8.75811540203011E-47,-5.55111512312578E-17));
#2012=DIRECTION('',(-5.55111512312578E-17,7.66335097677634E-47,-1.));
#2013=DIRECTION('center_axis',(0.,0.,1.));
#2014=DIRECTION('ref_axis',(1.,8.75811540203011E-47,-5.55111512312578E-17));
#2015=DIRECTION('center_axis',(5.55111512312578E-17,-7.66335097677634E-47,
1.));
#2016=DIRECTION('ref_axis',(-1.,-8.75811540203011E-47,5.55111512312578E-17));
#2017=DIRECTION('center_axis',(5.55111512312578E-17,-7.66335097677634E-47,
1.));
#2018=DIRECTION('ref_axis',(1.,8.75811540203011E-47,-5.55111512312578E-17));
#2019=DIRECTION('center_axis',(5.55111512312578E-17,-7.66335097677634E-47,
1.));
#2020=DIRECTION('ref_axis',(1.,8.75811540203011E-47,-5.55111512312578E-17));
#2021=DIRECTION('',(0.707106781186548,-8.65956056235493E-17,-0.707106781186548));
#2022=DIRECTION('center_axis',(-5.55111512312578E-17,7.66335097677634E-47,
-1.));
#2023=DIRECTION('ref_axis',(1.,8.75811540203011E-47,-5.55111512312578E-17));
#2024=DIRECTION('center_axis',(-5.55111512312578E-17,7.66335097677634E-47,
-1.));
#2025=DIRECTION('ref_axis',(1.,8.75811540203011E-47,-5.55111512312578E-17));
#2026=DIRECTION('',(-5.55111512312578E-17,7.66335097677634E-47,-1.));
#2027=DIRECTION('center_axis',(0.,0.,1.));
#2028=DIRECTION('ref_axis',(1.,8.75811540203011E-47,-5.55111512312578E-17));
#2029=DIRECTION('center_axis',(5.55111512312578E-17,-7.66335097677634E-47,
1.));
#2030=DIRECTION('ref_axis',(-1.,-8.75811540203011E-47,5.55111512312578E-17));
#2031=DIRECTION('center_axis',(5.55111512312578E-17,-7.66335097677634E-47,
1.));
#2032=DIRECTION('ref_axis',(1.,8.75811540203011E-47,-5.55111512312578E-17));
#2033=DIRECTION('center_axis',(5.55111512312578E-17,-7.66335097677634E-47,
1.));
#2034=DIRECTION('ref_axis',(1.,8.75811540203011E-47,-5.55111512312578E-17));
#2035=DIRECTION('',(0.707106781186548,-8.65956056235493E-17,-0.707106781186548));
#2036=DIRECTION('center_axis',(-5.55111512312578E-17,7.66335097677634E-47,
-1.));
#2037=DIRECTION('ref_axis',(1.,8.75811540203011E-47,-5.55111512312578E-17));
#2038=DIRECTION('center_axis',(-5.55111512312578E-17,7.66335097677634E-47,
-1.));
#2039=DIRECTION('ref_axis',(1.,8.75811540203011E-47,-5.55111512312578E-17));
#2040=DIRECTION('',(-5.55111512312578E-17,7.66335097677634E-47,-1.));
#2041=DIRECTION('center_axis',(0.,0.,1.));
#2042=DIRECTION('ref_axis',(1.,8.75811540203011E-47,-5.55111512312578E-17));
#2043=DIRECTION('center_axis',(5.55111512312578E-17,-7.66335097677634E-47,
1.));
#2044=DIRECTION('ref_axis',(-1.,-8.75811540203011E-47,5.55111512312578E-17));
#2045=DIRECTION('center_axis',(5.55111512312578E-17,-7.66335097677634E-47,
1.));
#2046=DIRECTION('ref_axis',(1.,8.75811540203011E-47,-5.55111512312578E-17));
#2047=DIRECTION('center_axis',(5.55111512312578E-17,-7.66335097677634E-47,
1.));
#2048=DIRECTION('ref_axis',(1.,8.75811540203011E-47,-5.55111512312578E-17));
#2049=DIRECTION('',(0.707106781186548,-8.65956056235493E-17,-0.707106781186548));
#2050=DIRECTION('center_axis',(-5.55111512312578E-17,7.66335097677634E-47,
-1.));
#2051=DIRECTION('ref_axis',(1.,8.75811540203011E-47,-5.55111512312578E-17));
#2052=DIRECTION('center_axis',(-5.55111512312578E-17,7.66335097677634E-47,
-1.));
#2053=DIRECTION('ref_axis',(1.,8.75811540203011E-47,-5.55111512312578E-17));
#2054=DIRECTION('',(-5.55111512312578E-17,7.66335097677634E-47,-1.));
#2055=DIRECTION('center_axis',(0.,0.,1.));
#2056=DIRECTION('ref_axis',(1.,8.75811540203011E-47,-5.55111512312578E-17));
#2057=DIRECTION('center_axis',(5.55111512312578E-17,-7.66335097677634E-47,
1.));
#2058=DIRECTION('ref_axis',(-1.,-8.75811540203011E-47,5.55111512312578E-17));
#2059=DIRECTION('center_axis',(1.,0.,-4.07681888248134E-9));
#2060=DIRECTION('ref_axis',(0.,-1.,0.));
#2061=DIRECTION('',(0.,-1.,0.));
#2062=DIRECTION('',(-4.07681888248134E-9,0.,-1.));
#2063=DIRECTION('',(0.,-1.,0.));
#2064=DIRECTION('',(0.,-2.50883177598804E-48,-1.));
#2065=DIRECTION('center_axis',(-4.07681888248134E-9,0.,-1.));
#2066=DIRECTION('ref_axis',(-1.,0.,4.07681888248134E-9));
#2067=DIRECTION('',(1.,0.,0.));
#2068=DIRECTION('',(6.15389407340675E-40,1.,-2.50883115592547E-48));
#2069=DIRECTION('',(-1.,6.15389559435381E-40,4.07681888248134E-9));
#2070=DIRECTION('center_axis',(1.,0.,-4.07681888248134E-9));
#2071=DIRECTION('ref_axis',(0.,-1.,0.));
#2072=DIRECTION('',(0.,-1.,0.));
#2073=DIRECTION('',(0.,2.50883177598804E-48,1.));
#2074=DIRECTION('',(0.,-1.,0.));
#2075=DIRECTION('',(-4.07681888248134E-9,0.,-1.));
#2076=DIRECTION('center_axis',(-4.07681888248134E-9,0.,-1.));
#2077=DIRECTION('ref_axis',(-1.,0.,4.07681888248134E-9));
#2078=DIRECTION('',(1.,-6.15389559435381E-40,-4.07681888248134E-9));
#2079=DIRECTION('',(6.15389407340675E-40,1.,-2.50883115592547E-48));
#2080=DIRECTION('',(-1.,0.,0.));
#2081=DIRECTION('center_axis',(-1.,0.,4.07681888248134E-9));
#2082=DIRECTION('ref_axis',(0.,1.,0.));
#2083=DIRECTION('',(0.,1.,0.));
#2084=DIRECTION('',(-4.07681888248134E-9,0.,-1.));
#2085=DIRECTION('',(0.,1.,0.));
#2086=DIRECTION('',(0.,-2.50883177598804E-48,-1.));
#2087=DIRECTION('center_axis',(-4.07681888248134E-9,0.,-1.));
#2088=DIRECTION('ref_axis',(-1.,0.,4.07681888248134E-9));
#2089=DIRECTION('',(-1.,0.,0.));
#2090=DIRECTION('',(-6.15389418691027E-40,-1.,2.5088312021988E-48));
#2091=DIRECTION('',(1.,-6.15389559435381E-40,-4.07681888248134E-9));
#2092=DIRECTION('center_axis',(-1.,0.,4.07681888248134E-9));
#2093=DIRECTION('ref_axis',(0.,1.,0.));
#2094=DIRECTION('',(0.,1.,0.));
#2095=DIRECTION('',(0.,2.50883177598804E-48,1.));
#2096=DIRECTION('',(0.,1.,0.));
#2097=DIRECTION('',(-4.07681888248134E-9,0.,-1.));
#2098=DIRECTION('center_axis',(-4.07681888248134E-9,0.,-1.));
#2099=DIRECTION('ref_axis',(-1.,0.,4.07681888248134E-9));
#2100=DIRECTION('',(-1.,6.15389559435381E-40,4.07681888248134E-9));
#2101=DIRECTION('',(-6.15389407340675E-40,-1.,2.50883115592547E-48));
#2102=DIRECTION('',(1.,0.,0.));
#2103=DIRECTION('center_axis',(-6.15389559435381E-40,-1.,2.50883177598804E-48));
#2104=DIRECTION('ref_axis',(1.,-6.15389559435381E-40,-4.07681851414139E-9));
#2105=DIRECTION('',(4.07681888248135E-9,0.,1.));
#2106=DIRECTION('',(-1.,6.15389559435381E-40,0.));
#2107=DIRECTION('',(0.,-2.50883177598804E-48,-1.));
#2108=DIRECTION('center_axis',(-1.,6.15389407340675E-40,4.07681888248135E-9));
#2109=DIRECTION('ref_axis',(-2.29878690170121E-39,-1.,-4.12919372404384E-31));
#2110=DIRECTION('',(4.07681888248135E-9,0.,1.));
#2111=DIRECTION('',(6.15389407340675E-40,1.,0.));
#2112=DIRECTION('center_axis',(6.15389559435381E-40,1.,-2.50883177598804E-48));
#2113=DIRECTION('ref_axis',(-1.,6.15389559435381E-40,4.07681851414139E-9));
#2114=DIRECTION('',(4.07681888248135E-9,0.,1.));
#2115=DIRECTION('',(1.,-6.15389559435381E-40,0.));
#2116=DIRECTION('',(0.,-2.50883177598804E-48,-1.));
#2117=DIRECTION('center_axis',(1.,-6.15389418691027E-40,-4.07681888248135E-9));
#2118=DIRECTION('ref_axis',(2.17316023203374E-39,1.,3.82104493294188E-31));
#2119=DIRECTION('',(4.07681888248135E-9,0.,1.));
#2120=DIRECTION('',(-6.15389418691027E-40,-1.,0.));
#2121=DIRECTION('center_axis',(-1.,0.,0.));
#2122=DIRECTION('ref_axis',(0.,-1.,0.));
#2123=DIRECTION('',(0.,1.,0.));
#2124=DIRECTION('',(0.,2.50883177598804E-48,1.));
#2125=DIRECTION('',(0.,-1.,0.));
#2126=DIRECTION('center_axis',(0.,-1.,0.));
#2127=DIRECTION('ref_axis',(1.,0.,0.));
#2128=DIRECTION('',(1.,0.,0.));
#2129=DIRECTION('',(-4.07681888248135E-9,0.,-1.));
#2130=DIRECTION('',(-1.,0.,0.));
#2131=DIRECTION('center_axis',(0.,1.,0.));
#2132=DIRECTION('ref_axis',(-1.,0.,0.));
#2133=DIRECTION('',(-4.07681888248135E-9,0.,-1.));
#2134=DIRECTION('',(1.,0.,0.));
#2135=DIRECTION('',(-1.,0.,0.));
#2136=DIRECTION('center_axis',(1.,0.,0.));
#2137=DIRECTION('ref_axis',(0.,1.,0.));
#2138=DIRECTION('',(0.,2.50883177598804E-48,1.));
#2139=DIRECTION('',(0.,1.,0.));
#2140=DIRECTION('',(0.,-1.,0.));
#2141=DIRECTION('center_axis',(0.,0.,1.));
#2142=DIRECTION('ref_axis',(1.,0.,0.));
#2143=DIRECTION('',(1.,0.,0.));
#2144=DIRECTION('',(0.,1.,0.));
#2145=DIRECTION('',(-1.,0.,0.));
#2146=DIRECTION('',(0.,-1.,0.));
#2147=DIRECTION('center_axis',(4.07681888248135E-9,0.,1.));
#2148=DIRECTION('ref_axis',(1.,0.,-4.07681888248135E-9));
#2149=DIRECTION('',(-2.29878690170121E-39,-1.,-4.12919372404384E-31));
#2150=DIRECTION('',(-1.,0.,4.07681888248135E-9));
#2151=DIRECTION('',(0.,-1.,0.));
#2152=DIRECTION('',(-1.,6.15389559435381E-40,4.07681851414139E-9));
#2153=DIRECTION('center_axis',(0.,1.,0.));
#2154=DIRECTION('ref_axis',(-1.,0.,0.));
#2155=DIRECTION('',(0.,0.,1.));
#2156=DIRECTION('',(-1.,0.,0.));
#2157=DIRECTION('',(0.,0.,1.));
#2158=DIRECTION('center_axis',(4.07681888248135E-9,0.,1.));
#2159=DIRECTION('ref_axis',(1.,0.,-4.07681888248135E-9));
#2160=DIRECTION('',(1.,-6.15389559435381E-40,-4.07681851414139E-9));
#2161=DIRECTION('',(2.29878690170121E-39,1.,4.12919372404384E-31));
#2162=DIRECTION('',(1.,0.,-4.07681888248135E-9));
#2163=DIRECTION('',(0.,1.,0.));
#2164=DIRECTION('center_axis',(4.07681888248135E-9,0.,1.));
#2165=DIRECTION('ref_axis',(1.,0.,-4.07681888248135E-9));
#2166=DIRECTION('',(-1.,6.15389559435381E-40,4.07681851414139E-9));
#2167=DIRECTION('',(0.,1.,0.));
#2168=DIRECTION('',(-1.,0.,4.07681888248135E-9));
#2169=DIRECTION('',(2.29878690170121E-39,1.,4.12919372404384E-31));
#2170=DIRECTION('center_axis',(1.,0.,0.));
#2171=DIRECTION('ref_axis',(0.,1.,0.));
#2172=DIRECTION('',(0.,0.,1.));
#2173=DIRECTION('',(0.,1.,0.));
#2174=DIRECTION('',(0.,0.,1.));
#2175=DIRECTION('center_axis',(4.07681888248135E-9,0.,1.));
#2176=DIRECTION('ref_axis',(1.,0.,-4.07681888248135E-9));
#2177=DIRECTION('',(1.,-6.15389559435381E-40,-4.07681851414139E-9));
#2178=DIRECTION('',(0.,-1.,0.));
#2179=DIRECTION('',(1.,0.,-4.07681888248135E-9));
#2180=DIRECTION('',(-2.8288611135112E-25,-1.,-6.93889390390727E-17));
#2181=DIRECTION('center_axis',(-1.,0.,0.));
#2182=DIRECTION('ref_axis',(0.,-1.,0.));
#2183=DIRECTION('',(0.,0.,1.));
#2184=DIRECTION('',(0.,-1.,0.));
#2185=DIRECTION('',(0.,0.,1.));
#2186=DIRECTION('center_axis',(0.,0.,1.));
#2187=DIRECTION('ref_axis',(1.,0.,0.));
#2188=DIRECTION('',(0.,-1.,0.));
#2189=DIRECTION('',(1.,0.,0.));
#2190=DIRECTION('',(0.,1.,0.));
#2191=DIRECTION('',(-1.,0.,0.));
#2192=DIRECTION('',(0.,-1.,0.));
#2193=DIRECTION('center_axis',(0.,0.,1.));
#2194=DIRECTION('ref_axis',(1.,0.,0.));
#2195=DIRECTION('',(1.,0.,0.));
#2196=DIRECTION('',(0.,1.,0.));
#2197=DIRECTION('',(1.,0.,0.));
#2198=DIRECTION('',(0.,1.,0.));
#2199=DIRECTION('',(-1.,0.,0.));
#2200=DIRECTION('',(0.,-1.,0.));
#2201=DIRECTION('center_axis',(0.,0.,1.));
#2202=DIRECTION('ref_axis',(1.,0.,0.));
#2203=DIRECTION('',(0.,1.,0.));
#2204=DIRECTION('',(-1.,0.,0.));
#2205=DIRECTION('',(-1.,0.,0.));
#2206=DIRECTION('',(0.,-1.,0.));
#2207=DIRECTION('',(1.,0.,0.));
#2208=DIRECTION('center_axis',(0.,0.,1.));
#2209=DIRECTION('ref_axis',(1.,0.,0.));
#2210=DIRECTION('',(1.,0.,0.));
#2211=DIRECTION('',(0.,1.,0.));
#2212=DIRECTION('',(-1.,0.,0.));
#2213=DIRECTION('',(0.,-1.,0.));
#2214=DIRECTION('',(1.,0.,0.));
#2215=DIRECTION('center_axis',(-1.,6.15389407340675E-40,4.07681888248135E-9));
#2216=DIRECTION('ref_axis',(-2.29878690170121E-39,-1.,-4.12919372404384E-31));
#2217=DIRECTION('',(6.15389407340675E-40,1.,0.));
#2218=DIRECTION('',(0.,0.,1.));
#2219=DIRECTION('',(4.07681888248135E-9,0.,1.));
#2220=DIRECTION('center_axis',(0.,0.,1.));
#2221=DIRECTION('ref_axis',(1.,0.,0.));
#2222=DIRECTION('',(6.15389407340675E-40,1.,0.));
#2223=DIRECTION('',(1.,-6.15389559435381E-40,0.));
#2224=DIRECTION('',(-6.15389407340675E-40,-1.,0.));
#2225=DIRECTION('',(-1.,6.15389559435381E-40,0.));
#2226=DIRECTION('',(1.,0.,0.));
#2227=DIRECTION('',(0.,-1.,0.));
#2228=DIRECTION('',(-1.,0.,0.));
#2229=DIRECTION('',(0.,-1.,0.));
#2230=DIRECTION('',(1.,-6.15389559435381E-40,0.));
#2231=DIRECTION('',(-6.15389407340675E-40,-1.,0.));
#2232=DIRECTION('',(0.,-1.,0.));
#2233=DIRECTION('',(-1.,0.,0.));
#2234=DIRECTION('',(0.,1.,0.));
#2235=DIRECTION('',(-1.,6.15389559435381E-40,0.));
#2236=DIRECTION('',(-2.55587185227136E-32,1.,0.));
#2237=DIRECTION('',(0.,1.,0.));
#2238=DIRECTION('',(1.,0.,0.));
#2239=DIRECTION('',(0.,-1.,0.));
#2240=DIRECTION('',(-1.,0.,0.));
#2241=DIRECTION('',(0.,1.,0.));
#2242=DIRECTION('',(1.,0.,0.));
#2243=DIRECTION('',(0.,1.,0.));
#2244=DIRECTION('',(-6.15389407340675E-40,-1.,0.));
#2245=DIRECTION('center_axis',(-1.,-2.55587185227136E-32,4.07681888248135E-9));
#2246=DIRECTION('ref_axis',(-2.8288611135112E-25,-1.,-6.93889390390727E-17));
#2247=DIRECTION('',(4.07681888248135E-9,0.,1.));
#2248=DIRECTION('',(0.,0.,-1.));
#2249=DIRECTION('center_axis',(1.,-6.15389407340675E-40,-4.07681888248135E-9));
#2250=DIRECTION('ref_axis',(2.29878690170121E-39,1.,4.12919372404384E-31));
#2251=DIRECTION('',(4.07681888248135E-9,0.,1.));
#2252=DIRECTION('center_axis',(-6.15389559435381E-40,-1.,2.50883177598804E-48));
#2253=DIRECTION('ref_axis',(1.,-6.15389559435381E-40,-4.07681851414139E-9));
#2254=DIRECTION('center_axis',(1.,-6.15389407340675E-40,-4.07681888248135E-9));
#2255=DIRECTION('ref_axis',(2.29878690170121E-39,1.,4.12919372404384E-31));
#2256=DIRECTION('',(4.07681888248135E-9,0.,1.));
#2257=DIRECTION('',(0.,0.,-1.));
#2258=DIRECTION('center_axis',(-1.,6.15389407340675E-40,4.07681888248135E-9));
#2259=DIRECTION('ref_axis',(-2.29878690170121E-39,-1.,-4.12919372404384E-31));
#2260=DIRECTION('',(4.07681888248135E-9,0.,1.));
#2261=DIRECTION('center_axis',(6.15389559435381E-40,1.,-2.50883177598804E-48));
#2262=DIRECTION('ref_axis',(-1.,6.15389559435381E-40,4.07681851414139E-9));
#2263=DIRECTION('center_axis',(1.,-6.15389407340675E-40,-4.07681888248135E-9));
#2264=DIRECTION('ref_axis',(2.29878690170121E-39,1.,4.12919372404384E-31));
#2265=DIRECTION('',(0.,0.,1.));
#2266=DIRECTION('',(4.07681888248135E-9,0.,1.));
#2267=DIRECTION('center_axis',(1.,0.,0.));
#2268=DIRECTION('ref_axis',(0.,1.,0.));
#2269=DIRECTION('',(0.,0.,1.));
#2270=DIRECTION('',(0.,0.,-1.));
#2271=DIRECTION('center_axis',(0.,-1.,0.));
#2272=DIRECTION('ref_axis',(1.,0.,0.));
#2273=DIRECTION('',(0.,0.,1.));
#2274=DIRECTION('center_axis',(-4.07681843839214E-9,-3.75232030353759E-55,
-1.));
#2275=DIRECTION('ref_axis',(-1.,0.,4.07681843839214E-9));
#2276=DIRECTION('center_axis',(4.07681843839214E-9,3.75232030353759E-55,
1.));
#2277=DIRECTION('ref_axis',(-1.,0.,4.07681843839214E-9));
#2278=DIRECTION('',(-0.857167298602396,-1.04972719113862E-16,0.515038078404569));
#2279=DIRECTION('center_axis',(4.07681843839214E-9,3.75232030353759E-55,
1.));
#2280=DIRECTION('ref_axis',(-1.,0.,4.07681843839214E-9));
#2281=DIRECTION('center_axis',(4.07681852338482E-9,-4.07209209086625E-31,
1.));
#2282=DIRECTION('ref_axis',(-1.,0.,4.07681843839214E-9));
#2283=DIRECTION('',(4.07681843839214E-9,3.75232030353759E-55,1.));
#2284=DIRECTION('center_axis',(-4.07681843839214E-9,-2.48443480864938E-56,
-1.));
#2285=DIRECTION('ref_axis',(-1.,0.,4.07681843839214E-9));
#2286=DIRECTION('center_axis',(4.07681843839214E-9,2.48443480864938E-56,
1.));
#2287=DIRECTION('ref_axis',(-1.,0.,4.07681843839214E-9));
#2288=DIRECTION('',(-0.857167298602396,-1.04972719113862E-16,0.515038078404569));
#2289=DIRECTION('center_axis',(4.07681843839214E-9,2.48443480864938E-56,
1.));
#2290=DIRECTION('ref_axis',(-1.,0.,4.07681843839214E-9));
#2291=DIRECTION('center_axis',(4.07681852338482E-9,-4.07209209086625E-31,
1.));
#2292=DIRECTION('ref_axis',(-1.,0.,4.07681843839214E-9));
#2293=DIRECTION('',(4.07681843839214E-9,2.48443480864938E-56,1.));
#2294=DIRECTION('center_axis',(-4.07681843839214E-9,-3.75232030353759E-55,
-1.));
#2295=DIRECTION('ref_axis',(-1.,0.,4.07681843839214E-9));
#2296=DIRECTION('center_axis',(4.07681843839214E-9,3.75232030353759E-55,
1.));
#2297=DIRECTION('ref_axis',(-1.,0.,4.07681843839214E-9));
#2298=DIRECTION('',(-0.857167298602396,-1.04972719113862E-16,0.515038078404569));
#2299=DIRECTION('center_axis',(4.07681843839214E-9,3.75232030353759E-55,
1.));
#2300=DIRECTION('ref_axis',(-1.,0.,4.07681843839214E-9));
#2301=DIRECTION('center_axis',(4.07681852338482E-9,-4.07209209086625E-31,
1.));
#2302=DIRECTION('ref_axis',(-1.,0.,4.07681843839214E-9));
#2303=DIRECTION('',(4.07681843839214E-9,3.75232030353759E-55,1.));
#2304=DIRECTION('center_axis',(-4.07681843839214E-9,-2.48443480864938E-56,
-1.));
#2305=DIRECTION('ref_axis',(-1.,0.,4.07681843839214E-9));
#2306=DIRECTION('center_axis',(4.07681843839214E-9,2.48443480864938E-56,
1.));
#2307=DIRECTION('ref_axis',(-1.,0.,4.07681843839214E-9));
#2308=DIRECTION('',(-0.857167298602396,-1.04972719113862E-16,0.515038078404569));
#2309=DIRECTION('center_axis',(4.07681843839214E-9,2.48443480864938E-56,
1.));
#2310=DIRECTION('ref_axis',(-1.,0.,4.07681843839214E-9));
#2311=DIRECTION('center_axis',(4.07681852338482E-9,-4.07209209086625E-31,
1.));
#2312=DIRECTION('ref_axis',(-1.,0.,4.07681843839214E-9));
#2313=DIRECTION('',(4.07681843839214E-9,2.48443480864938E-56,1.));
#2314=DIRECTION('center_axis',(4.07681852338482E-9,-4.07209209086625E-31,
1.));
#2315=DIRECTION('ref_axis',(6.1775335876066E-16,-1.,-2.51846874308786E-24));
#2316=DIRECTION('',(2.27550760216401E-39,1.,4.07209209086625E-31));
#2317=DIRECTION('',(1.,-6.15389559435381E-40,-4.07681852338482E-9));
#2318=DIRECTION('',(-2.27550760216401E-39,-1.,-4.07209209086625E-31));
#2319=DIRECTION('',(-1.,2.71793697007485E-11,4.07681819158307E-9));
#2320=DIRECTION('center_axis',(4.07681852338482E-9,-4.07209209086625E-31,
1.));
#2321=DIRECTION('ref_axis',(6.1775335876066E-16,-1.,-2.51846874308786E-24));
#2322=DIRECTION('',(-2.27550760216401E-39,-1.,-4.07209209086625E-31));
#2323=DIRECTION('',(-1.,2.71793695334323E-11,4.07681861057538E-9));
#2324=DIRECTION('',(2.50506545910004E-39,1.,4.07209209086625E-31));
#2325=DIRECTION('',(1.,-6.15389559435381E-40,-4.07681852338482E-9));
#2326=DIRECTION('center_axis',(4.07681852338482E-9,-4.07209209086625E-31,
1.));
#2327=DIRECTION('ref_axis',(6.1775335876066E-16,-1.,-2.51846874308786E-24));
#2328=DIRECTION('',(2.27550760216401E-39,1.,4.07209209086625E-31));
#2329=DIRECTION('',(1.,2.71793697007485E-11,-4.07681819158307E-9));
#2330=DIRECTION('',(-2.27550760216401E-39,-1.,-4.07209209086625E-31));
#2331=DIRECTION('',(-1.,6.15389559435381E-40,4.07681852338482E-9));
#2332=DIRECTION('center_axis',(4.07681852338482E-9,-4.07209209086625E-31,
1.));
#2333=DIRECTION('ref_axis',(6.1775335876066E-16,-1.,-2.51846874308786E-24));
#2334=DIRECTION('',(-2.27550760216401E-39,-1.,-4.07209209086625E-31));
#2335=DIRECTION('',(-1.,6.15389559434792E-40,4.07681852338482E-9));
#2336=DIRECTION('',(2.50506545910004E-39,1.,4.07209209086625E-31));
#2337=DIRECTION('',(1.,2.71793695334323E-11,-4.07681861057538E-9));
#2338=DIRECTION('center_axis',(-6.15389559435381E-40,-1.,2.50883154981038E-48));
#2339=DIRECTION('ref_axis',(-1.,6.15389559435381E-40,4.07681851414139E-9));
#2340=DIRECTION('',(-4.07681888248134E-9,0.,-1.));
#2341=DIRECTION('',(1.,-6.15389559435381E-40,0.));
#2342=DIRECTION('',(-4.07681888248134E-9,0.,-1.));
#2343=DIRECTION('center_axis',(-6.15389559435381E-40,-1.,2.50883154981038E-48));
#2344=DIRECTION('ref_axis',(-1.,6.15389559435381E-40,4.07681851414139E-9));
#2345=DIRECTION('',(-4.0768185149456E-9,0.,-1.));
#2346=DIRECTION('',(1.,-6.15389559435381E-40,0.));
#2347=DIRECTION('',(-4.07681888248134E-9,0.,-1.));
#2348=DIRECTION('center_axis',(-1.,0.,-4.60704194483178E-15));
#2349=DIRECTION('ref_axis',(-4.60704194483178E-15,4.56060210830897E-31,
1.));
#2350=DIRECTION('center_axis',(1.,-6.15389559103307E-40,-4.0768185149456E-9));
#2351=DIRECTION('ref_axis',(4.0768185149456E-9,4.56060210830897E-31,1.));
#2352=DIRECTION('center_axis',(-1.,8.44947416039332E-40,4.0768185149456E-9));
#2353=DIRECTION('ref_axis',(4.0768185149456E-9,4.56060210830897E-31,1.));
#2354=DIRECTION('center_axis',(1.,-8.44947416039332E-40,-4.0768185149456E-9));
#2355=DIRECTION('ref_axis',(1.16370704716623E-30,-1.,2.8544489869859E-22));
#2356=DIRECTION('',(-4.0768185149456E-9,0.,-1.));
#2357=DIRECTION('',(8.44947416039332E-40,1.,0.));
#2358=DIRECTION('center_axis',(-1.,0.,-4.60704194483178E-15));
#2359=DIRECTION('ref_axis',(-4.60704194483178E-15,4.56060210830897E-31,
1.));
#2360=DIRECTION('center_axis',(1.,-6.15389559103307E-40,-4.0768185149456E-9));
#2361=DIRECTION('ref_axis',(4.0768185149456E-9,4.56060210830897E-31,1.));
#2362=DIRECTION('center_axis',(-1.,6.15389559103307E-40,4.0768185149456E-9));
#2363=DIRECTION('ref_axis',(4.0768185149456E-9,4.56060210830897E-31,1.));
#2364=DIRECTION('center_axis',(1.,-6.15389559103307E-40,-4.0768185149456E-9));
#2365=DIRECTION('ref_axis',(-2.29878690170121E-39,-1.,-4.12919372404384E-31));
#2366=DIRECTION('',(-4.0768185149456E-9,0.,-1.));
#2367=DIRECTION('',(6.15389559103307E-40,1.,0.));
#2368=DIRECTION('center_axis',(6.15389559435381E-40,1.,-2.50883154981038E-48));
#2369=DIRECTION('ref_axis',(1.,-6.15389559435381E-40,-4.07681851414139E-9));
#2370=DIRECTION('',(-4.07681888248134E-9,0.,-1.));
#2371=DIRECTION('',(-1.,6.15389559435381E-40,0.));
#2372=DIRECTION('center_axis',(-1.,6.15389559103307E-40,4.0768185149456E-9));
#2373=DIRECTION('ref_axis',(2.29878690170121E-39,1.,4.12919372404384E-31));
#2374=DIRECTION('',(-6.15389559103307E-40,-1.,0.));
#2375=DIRECTION('center_axis',(-1.,6.15389559103307E-40,4.0768185149456E-9));
#2376=DIRECTION('ref_axis',(2.29878690170121E-39,1.,4.12919372404384E-31));
#2377=DIRECTION('',(-6.15389559103307E-40,-1.,0.));
#2378=DIRECTION('',(-4.0768185149456E-9,0.,-1.));
#2379=DIRECTION('center_axis',(6.15389559434792E-40,1.,-2.50883154980797E-48));
#2380=DIRECTION('ref_axis',(1.,-6.15389559434792E-40,-4.07681851414281E-9));
#2381=DIRECTION('',(-1.,6.15389559434792E-40,0.));
#2382=DIRECTION('center_axis',(1.,0.,0.));
#2383=DIRECTION('ref_axis',(0.,0.,-1.));
#2384=DIRECTION('',(0.,0.,1.));
#2385=DIRECTION('',(0.,0.,1.));
#2386=DIRECTION('center_axis',(0.,1.,0.));
#2387=DIRECTION('ref_axis',(0.,0.,1.));
#2388=DIRECTION('',(0.,0.,1.));
#2389=DIRECTION('center_axis',(0.,1.,0.));
#2390=DIRECTION('ref_axis',(0.,0.,1.));
#2391=DIRECTION('',(0.,0.,1.));
#2392=DIRECTION('',(0.,0.,1.));
#2393=DIRECTION('center_axis',(-1.,0.,0.));
#2394=DIRECTION('ref_axis',(0.,0.,1.));
#2395=DIRECTION('',(0.,0.,1.));
#2396=DIRECTION('center_axis',(0.,-1.,0.));
#2397=DIRECTION('ref_axis',(0.,0.,-1.));
#2398=DIRECTION('',(0.,0.,1.));
#2399=DIRECTION('',(0.,0.,1.));
#2400=DIRECTION('center_axis',(-1.,0.,0.));
#2401=DIRECTION('ref_axis',(0.,0.,1.));
#2402=DIRECTION('',(0.,0.,1.));
#2403=DIRECTION('center_axis',(0.,-1.,0.));
#2404=DIRECTION('ref_axis',(0.,0.,-1.));
#2405=DIRECTION('',(0.,0.,1.));
#2406=DIRECTION('',(0.,0.,1.));
#2407=DIRECTION('center_axis',(1.,0.,0.));
#2408=DIRECTION('ref_axis',(0.,0.,-1.));
#2409=DIRECTION('',(0.,0.,1.));
#2410=DIRECTION('center_axis',(-1.,0.,0.));
#2411=DIRECTION('ref_axis',(0.,1.,0.));
#2412=DIRECTION('',(0.,0.,-1.));
#2413=DIRECTION('center_axis',(1.,0.,0.));
#2414=DIRECTION('ref_axis',(0.,-1.,0.));
#2415=DIRECTION('center_axis',(0.,-1.,0.));
#2416=DIRECTION('ref_axis',(-1.,0.,0.));
#2417=DIRECTION('center_axis',(0.,1.,0.));
#2418=DIRECTION('ref_axis',(1.,0.,0.));
#2419=DIRECTION('center_axis',(0.,1.,0.));
#2420=DIRECTION('ref_axis',(1.,0.,0.));
#2421=DIRECTION('center_axis',(0.,-1.,0.));
#2422=DIRECTION('ref_axis',(-1.,0.,0.));
#2423=DIRECTION('',(0.,0.,-1.));
#2424=DIRECTION('center_axis',(-1.,0.,0.));
#2425=DIRECTION('ref_axis',(0.,1.,0.));
#2426=DIRECTION('center_axis',(1.,0.,0.));
#2427=DIRECTION('ref_axis',(0.,-1.,0.));
#2428=DIRECTION('',(0.,0.,-1.));
#2429=DIRECTION('center_axis',(0.,1.,0.));
#2430=DIRECTION('ref_axis',(-1.,0.,0.));
#2431=DIRECTION('center_axis',(-1.,0.,0.));
#2432=DIRECTION('ref_axis',(0.,-1.,0.));
#2433=DIRECTION('center_axis',(0.,-1.,0.));
#2434=DIRECTION('ref_axis',(1.,0.,0.));
#2435=DIRECTION('center_axis',(0.,-1.,0.));
#2436=DIRECTION('ref_axis',(1.,0.,0.));
#2437=DIRECTION('',(1.,0.,0.));
#2438=DIRECTION('',(0.,0.,1.));
#2439=DIRECTION('',(0.,0.,1.));
#2440=DIRECTION('center_axis',(-1.,0.,0.));
#2441=DIRECTION('ref_axis',(0.,-1.,0.));
#2442=DIRECTION('',(0.,-1.,0.));
#2443=DIRECTION('',(0.,0.,1.));
#2444=DIRECTION('center_axis',(0.,1.,0.));
#2445=DIRECTION('ref_axis',(-1.,0.,0.));
#2446=DIRECTION('',(-1.,0.,0.));
#2447=DIRECTION('',(0.,0.,1.));
#2448=DIRECTION('center_axis',(1.,0.,0.));
#2449=DIRECTION('ref_axis',(0.,1.,0.));
#2450=DIRECTION('',(0.,1.,0.));
#2451=DIRECTION('center_axis',(0.,0.,1.));
#2452=DIRECTION('ref_axis',(1.,0.,0.));
#2453=CARTESIAN_POINT('',(0.,0.,0.));
#2454=CARTESIAN_POINT('Origin',(-77.4999999001175,8.47586693237584E-36,
24.5));
#2455=CARTESIAN_POINT('',(-77.4999999001175,3.75,24.5));
#2456=CARTESIAN_POINT('Origin',(-77.5,8.47586693237584E-36,24.5));
#2457=CARTESIAN_POINT('',(-74.5,3.75,24.4999999877695));
#2458=CARTESIAN_POINT('',(-77.4999999001175,3.75,24.5));
#2459=CARTESIAN_POINT('Origin',(-74.5,8.47586693237584E-36,24.4999999877695));
#2460=CARTESIAN_POINT('Origin',(77.5,20.,29.5));
#2461=CARTESIAN_POINT('',(74.5,20.,19.5));
#2462=CARTESIAN_POINT('',(74.5,20.,29.5));
#2463=CARTESIAN_POINT('',(74.5,20.,16.75));
#2464=CARTESIAN_POINT('',(77.5,20.,19.5));
#2465=CARTESIAN_POINT('',(77.5,20.,19.5));
#2466=CARTESIAN_POINT('',(77.5,20.,29.5));
#2467=CARTESIAN_POINT('',(77.5,20.,14.75));
#2468=CARTESIAN_POINT('',(77.5,20.,29.5));
#2469=CARTESIAN_POINT('Origin',(77.5,-20.,29.5));
#2470=CARTESIAN_POINT('',(74.5,-20.,29.5));
#2471=CARTESIAN_POINT('',(74.5,21.,29.5));
#2472=CARTESIAN_POINT('',(77.5,-20.,29.5));
#2473=CARTESIAN_POINT('',(77.5,-42.5,29.5));
#2474=CARTESIAN_POINT('',(77.5,-20.,29.5));
#2475=CARTESIAN_POINT('Origin',(77.5,-20.,19.5));
#2476=CARTESIAN_POINT('',(74.5,-20.,19.5));
#2477=CARTESIAN_POINT('',(74.5,-20.,11.75));
#2478=CARTESIAN_POINT('',(77.5,-20.,19.5));
#2479=CARTESIAN_POINT('',(77.5,-20.,9.75));
#2480=CARTESIAN_POINT('',(77.5,-20.,19.5));
#2481=CARTESIAN_POINT('Origin',(77.5,20.,19.5));
#2482=CARTESIAN_POINT('',(74.5,41.,19.5));
#2483=CARTESIAN_POINT('',(77.5,-22.5,19.5));
#2484=CARTESIAN_POINT('Origin',(70.5,-58.,40.15));
#2485=CARTESIAN_POINT('',(67.5,-58.,41.));
#2486=CARTESIAN_POINT('Origin',(70.5,-58.,41.));
#2487=CARTESIAN_POINT('',(69.2,-58.,39.3));
#2488=CARTESIAN_POINT('',(68.35,-58.,40.15));
#2489=CARTESIAN_POINT('Origin',(70.5,-58.,39.3));
#2490=CARTESIAN_POINT('Origin',(70.5,-58.,18.5));
#2491=CARTESIAN_POINT('',(69.2,-58.,-4.36872760189999E-15));
#2492=CARTESIAN_POINT('',(69.2,-58.,18.5));
#2493=CARTESIAN_POINT('Origin',(70.5,-58.,-4.44089209850063E-15));
#2494=CARTESIAN_POINT('Origin',(70.5,-58.,41.));
#2495=CARTESIAN_POINT('Origin',(70.5,58.,40.15));
#2496=CARTESIAN_POINT('',(67.5,58.,41.));
#2497=CARTESIAN_POINT('Origin',(70.5,58.,41.));
#2498=CARTESIAN_POINT('',(69.2,58.,39.3));
#2499=CARTESIAN_POINT('',(68.35,58.,40.15));
#2500=CARTESIAN_POINT('Origin',(70.5,58.,39.3));
#2501=CARTESIAN_POINT('Origin',(70.5,58.,18.5));
#2502=CARTESIAN_POINT('',(69.2,58.,-4.36872760189999E-15));
#2503=CARTESIAN_POINT('',(69.2,58.,18.5));
#2504=CARTESIAN_POINT('Origin',(70.5,58.,-4.44089209850063E-15));
#2505=CARTESIAN_POINT('Origin',(70.5,58.,41.));
#2506=CARTESIAN_POINT('Origin',(-70.5,-58.,40.15));
#2507=CARTESIAN_POINT('',(-73.5,-58.,41.));
#2508=CARTESIAN_POINT('Origin',(-70.5,-58.,41.));
#2509=CARTESIAN_POINT('',(-71.8,-58.,39.3));
#2510=CARTESIAN_POINT('',(-72.65,-58.,40.15));
#2511=CARTESIAN_POINT('Origin',(-70.5,-58.,39.3));
#2512=CARTESIAN_POINT('Origin',(-70.5,-58.,18.5));
#2513=CARTESIAN_POINT('',(-71.8,-58.,4.51305659510126E-15));
#2514=CARTESIAN_POINT('',(-71.8,-58.,18.5));
#2515=CARTESIAN_POINT('Origin',(-70.5,-58.,4.44089209850063E-15));
#2516=CARTESIAN_POINT('Origin',(-70.5,-58.,41.));
#2517=CARTESIAN_POINT('Origin',(-70.5,58.,40.15));
#2518=CARTESIAN_POINT('',(-73.5,58.,41.));
#2519=CARTESIAN_POINT('Origin',(-70.5,58.,41.));
#2520=CARTESIAN_POINT('',(-71.8,58.,39.3));
#2521=CARTESIAN_POINT('',(-72.65,58.,40.15));
#2522=CARTESIAN_POINT('Origin',(-70.5,58.,39.3));
#2523=CARTESIAN_POINT('Origin',(-70.5,58.,18.5));
#2524=CARTESIAN_POINT('',(-71.8,58.,4.51305659510126E-15));
#2525=CARTESIAN_POINT('',(-71.8,58.,18.5));
#2526=CARTESIAN_POINT('Origin',(-70.5,58.,4.44089209850063E-15));
#2527=CARTESIAN_POINT('Origin',(-70.5,58.,41.));
#2528=CARTESIAN_POINT('Origin',(74.5,62.,49.));
#2529=CARTESIAN_POINT('',(74.5,62.,49.));
#2530=CARTESIAN_POINT('',(74.5000001834568,54.,48.9999996962769));
#2531=CARTESIAN_POINT('',(74.5,62.,49.));
#2532=CARTESIAN_POINT('',(74.4999999918464,62.,47.));
#2533=CARTESIAN_POINT('',(74.5,62.,49.));
#2534=CARTESIAN_POINT('',(74.5000001753032,54.,46.9999996962769));
#2535=CARTESIAN_POINT('',(74.4999999918464,62.,47.));
#2536=CARTESIAN_POINT('',(74.5,54.,3.99999986444575));
#2537=CARTESIAN_POINT('Origin',(70.5000001753032,58.,47.0000000163073));
#2538=CARTESIAN_POINT('',(66.5000001753032,62.,46.9999997288915));
#2539=CARTESIAN_POINT('',(-74.5000000081536,62.,47.));
#2540=CARTESIAN_POINT('',(66.5000001753032,54.,46.9999997288915));
#2541=CARTESIAN_POINT('',(66.5000001753032,60.,47.0000000326146));
#2542=CARTESIAN_POINT('',(68.5000001753032,54.,47.0000000244609));
#2543=CARTESIAN_POINT('Origin',(74.5,-54.,49.));
#2544=CARTESIAN_POINT('',(74.5000001834568,-54.,48.9999996962769));
#2545=CARTESIAN_POINT('',(74.5,-62.,49.));
#2546=CARTESIAN_POINT('',(74.5,62.,49.));
#2547=CARTESIAN_POINT('',(74.5000001753032,-54.,46.9999996962769));
#2548=CARTESIAN_POINT('',(74.5,-54.,3.99999984813848));
#2549=CARTESIAN_POINT('',(74.4999999918464,-62.,47.));
#2550=CARTESIAN_POINT('',(74.4999999918464,62.,47.));
#2551=CARTESIAN_POINT('',(74.5,-62.,49.));
#2552=CARTESIAN_POINT('Origin',(70.5000001753032,-58.,46.9999997125842));
#2553=CARTESIAN_POINT('',(66.5000001753032,-54.,46.9999997288915));
#2554=CARTESIAN_POINT('',(72.5000001753032,-54.,46.9999997044306));
#2555=CARTESIAN_POINT('',(66.5000001753032,-62.,46.9999997288915));
#2556=CARTESIAN_POINT('',(66.5000001753032,-56.,46.9999997288915));
#2557=CARTESIAN_POINT('',(74.4999999918464,-62.,47.));
#2558=CARTESIAN_POINT('Origin',(-74.5,-62.,49.));
#2559=CARTESIAN_POINT('',(-74.5,-62.,49.));
#2560=CARTESIAN_POINT('',(-74.4999998165432,-54.,49.0000003037229));
#2561=CARTESIAN_POINT('',(-74.5,-62.,49.));
#2562=CARTESIAN_POINT('',(-74.5000000081536,-62.,47.));
#2563=CARTESIAN_POINT('',(-74.5,-62.,49.));
#2564=CARTESIAN_POINT('',(-74.4999998246968,-54.,47.0000003037229));
#2565=CARTESIAN_POINT('',(-74.5000000081536,-62.,47.));
#2566=CARTESIAN_POINT('',(-74.5,-54.,4.00000013555418));
#2567=CARTESIAN_POINT('Origin',(-70.4999998246968,-58.,46.9999999836927));
#2568=CARTESIAN_POINT('',(-66.4999998246968,-62.,47.0000002711084));
#2569=CARTESIAN_POINT('',(74.4999999918464,-62.,47.));
#2570=CARTESIAN_POINT('',(-66.4999998246968,-54.,47.0000002711084));
#2571=CARTESIAN_POINT('',(-66.4999998246968,-60.,46.9999999673854));
#2572=CARTESIAN_POINT('',(-68.4999998246968,-54.,46.9999999755391));
#2573=CARTESIAN_POINT('Origin',(-74.5,54.,49.));
#2574=CARTESIAN_POINT('',(-74.4999998165432,54.,49.0000003037229));
#2575=CARTESIAN_POINT('',(-74.5,62.,49.));
#2576=CARTESIAN_POINT('',(-74.5,-62.,49.));
#2577=CARTESIAN_POINT('',(-74.4999998246968,54.,47.0000003037229));
#2578=CARTESIAN_POINT('',(-74.5,54.,4.00000015186146));
#2579=CARTESIAN_POINT('',(-74.5000000081536,62.,47.));
#2580=CARTESIAN_POINT('',(-74.5000000081536,-62.,47.));
#2581=CARTESIAN_POINT('',(-74.5,62.,49.));
#2582=CARTESIAN_POINT('Origin',(-70.4999998246968,58.,47.0000002874156));
#2583=CARTESIAN_POINT('',(-66.4999998246968,54.,47.0000002711084));
#2584=CARTESIAN_POINT('',(-72.4999998246968,54.,47.0000002955693));
#2585=CARTESIAN_POINT('',(-66.4999998246968,62.,47.0000002711084));
#2586=CARTESIAN_POINT('',(-66.4999998246968,56.,47.0000002711084));
#2587=CARTESIAN_POINT('',(-74.5000000081536,62.,47.));
#2588=CARTESIAN_POINT('Origin',(66.5,54.,3.9999997288915));
#2589=CARTESIAN_POINT('',(66.5,54.,3.9999997288915));
#2590=CARTESIAN_POINT('',(66.5,54.,3.9999997288915));
#2591=CARTESIAN_POINT('',(74.5,54.,3.99999969627695));
#2592=CARTESIAN_POINT('',(33.25,54.,4.));
#2593=CARTESIAN_POINT('',(74.5,54.,3.99999986444575));
#2594=CARTESIAN_POINT('Origin',(66.5,62.,3.9999997288915));
#2595=CARTESIAN_POINT('',(66.5,62.,3.9999997288915));
#2596=CARTESIAN_POINT('',(66.5,62.,3.99999957703002));
#2597=CARTESIAN_POINT('',(66.5,31.,4.));
#2598=CARTESIAN_POINT('Origin',(-66.5,-54.,4.00000027110837));
#2599=CARTESIAN_POINT('',(-66.5,-54.,4.00000027110837));
#2600=CARTESIAN_POINT('',(-66.5,-54.,4.00000027110837));
#2601=CARTESIAN_POINT('',(-74.5,-54.,4.00000030372291));
#2602=CARTESIAN_POINT('',(-33.25,-54.,4.));
#2603=CARTESIAN_POINT('',(-74.5,-54.,4.00000013555418));
#2604=CARTESIAN_POINT('Origin',(-66.5,-62.,4.00000027110837));
#2605=CARTESIAN_POINT('',(-66.5,-62.,4.00000027110837));
#2606=CARTESIAN_POINT('',(-66.5,-62.,4.00000042296991));
#2607=CARTESIAN_POINT('',(-66.5,-31.,4.));
#2608=CARTESIAN_POINT('Origin',(74.5,62.,4.));
#2609=CARTESIAN_POINT('',(74.5,-54.,3.99999969627695));
#2610=CARTESIAN_POINT('',(74.5,31.,4.));
#2611=CARTESIAN_POINT('',(74.5,-54.,3.99999984813848));
#2612=CARTESIAN_POINT('',(74.5,62.,49.));
#2613=CARTESIAN_POINT('Origin',(-74.5,62.,4.));
#2614=CARTESIAN_POINT('',(-74.5,62.,49.));
#2615=CARTESIAN_POINT('',(-66.5,62.,4.00000027110836));
#2616=CARTESIAN_POINT('',(-66.5,62.,4.00000011924691));
#2617=CARTESIAN_POINT('',(-37.25,62.,4.));
#2618=CARTESIAN_POINT('Origin',(74.5,-62.,4.));
#2619=CARTESIAN_POINT('',(66.5,-62.,3.9999997288915));
#2620=CARTESIAN_POINT('',(66.5,-62.,3.99999988075303));
#2621=CARTESIAN_POINT('',(37.25,-62.,4.));
#2622=CARTESIAN_POINT('',(74.5,-62.,49.));
#2623=CARTESIAN_POINT('Origin',(-74.5,-62.,4.));
#2624=CARTESIAN_POINT('',(-74.5,54.,4.00000030372291));
#2625=CARTESIAN_POINT('',(-74.5,54.,4.00000015186146));
#2626=CARTESIAN_POINT('',(-74.5,-62.,49.));
#2627=CARTESIAN_POINT('',(-74.5,-31.,4.));
#2628=CARTESIAN_POINT('Origin',(0.,0.,49.));
#2629=CARTESIAN_POINT('',(-77.5,-65.,49.));
#2630=CARTESIAN_POINT('',(77.5,-65.,49.));
#2631=CARTESIAN_POINT('',(-77.5,-65.,49.));
#2632=CARTESIAN_POINT('',(77.5,65.,49.));
#2633=CARTESIAN_POINT('',(77.5,-65.,49.));
#2634=CARTESIAN_POINT('',(-77.5,65.,49.));
#2635=CARTESIAN_POINT('',(77.5,65.,49.));
#2636=CARTESIAN_POINT('',(-77.5,65.,49.));
#2637=CARTESIAN_POINT('Origin',(52.9000000611523,-46.,18.9999997843362));
#2638=CARTESIAN_POINT('',(48.9000000611523,-42.,18.9999998006435));
#2639=CARTESIAN_POINT('',(48.9000000611523,-50.,18.9999998006435));
#2640=CARTESIAN_POINT('',(48.9000000611523,-50.,18.9999998006435));
#2641=CARTESIAN_POINT('',(56.9000000611523,-50.,18.999999768029));
#2642=CARTESIAN_POINT('',(54.9000000611523,-50.,18.9999997761826));
#2643=CARTESIAN_POINT('',(56.9000000611523,-42.,18.999999768029));
#2644=CARTESIAN_POINT('',(56.9,2.,18.999999768029));
#2645=CARTESIAN_POINT('',(48.9000000611523,-42.,18.9999998006435));
#2646=CARTESIAN_POINT('Origin',(56.9,-50.,4.));
#2647=CARTESIAN_POINT('',(48.9,-50.,22.));
#2648=CARTESIAN_POINT('',(48.9,-50.,5.5));
#2649=CARTESIAN_POINT('',(56.9,-50.,22.));
#2650=CARTESIAN_POINT('',(-56.9,-50.,22.));
#2651=CARTESIAN_POINT('',(56.9,-50.,4.));
#2652=CARTESIAN_POINT('Origin',(-52.8999999388477,46.,19.0000002156636));
#2653=CARTESIAN_POINT('',(-56.8999999388477,42.,19.0000002319709));
#2654=CARTESIAN_POINT('',(-48.8999999388477,42.,19.0000001993564));
#2655=CARTESIAN_POINT('',(-48.8999999388477,42.,19.0000001993564));
#2656=CARTESIAN_POINT('',(-48.8999999388477,50.,19.0000001993564));
#2657=CARTESIAN_POINT('',(-48.8999999388477,50.,19.0000001993564));
#2658=CARTESIAN_POINT('',(-56.8999999388477,50.,19.0000002319709));
#2659=CARTESIAN_POINT('',(-54.8999999388477,50.,19.0000002238173));
#2660=CARTESIAN_POINT('',(-56.9,-2.,19.0000002319709));
#2661=CARTESIAN_POINT('Origin',(-52.8999999388477,-46.,19.0000002156636));
#2662=CARTESIAN_POINT('',(-48.8999999388477,-42.,19.0000001993564));
#2663=CARTESIAN_POINT('',(-56.8999999388477,-42.,19.0000002319709));
#2664=CARTESIAN_POINT('',(-48.8999999388477,-42.,19.0000001993564));
#2665=CARTESIAN_POINT('',(-56.8999999388477,-50.,19.0000002319709));
#2666=CARTESIAN_POINT('',(-56.9,-48.,19.0000002319709));
#2667=CARTESIAN_POINT('',(-48.8999999388477,-50.,19.0000001993564));
#2668=CARTESIAN_POINT('',(2.00000006115228,-50.,18.9999999918463));
#2669=CARTESIAN_POINT('',(-48.8999999388477,-50.,19.0000001993564));
#2670=CARTESIAN_POINT('Origin',(-56.9,-50.,4.));
#2671=CARTESIAN_POINT('',(-56.9,-42.,22.));
#2672=CARTESIAN_POINT('',(-56.9,-42.,5.5));
#2673=CARTESIAN_POINT('',(-56.9,-50.,22.));
#2674=CARTESIAN_POINT('',(-56.9,50.,22.));
#2675=CARTESIAN_POINT('',(-56.9,-50.,4.));
#2676=CARTESIAN_POINT('Origin',(52.9000000611523,46.,18.9999997843362));
#2677=CARTESIAN_POINT('',(48.9000000611523,42.,18.9999998006435));
#2678=CARTESIAN_POINT('',(56.9000000611523,42.,18.999999768029));
#2679=CARTESIAN_POINT('',(56.9000000611523,42.,18.999999768029));
#2680=CARTESIAN_POINT('',(56.9000000611523,50.,18.999999768029));
#2681=CARTESIAN_POINT('',(56.9,48.,18.999999768029));
#2682=CARTESIAN_POINT('',(48.9000000611523,50.,18.9999998006435));
#2683=CARTESIAN_POINT('',(-1.99999993884771,50.,19.0000000081536));
#2684=CARTESIAN_POINT('',(48.9000000611523,42.,18.9999998006435));
#2685=CARTESIAN_POINT('Origin',(56.9,50.,4.));
#2686=CARTESIAN_POINT('',(56.9,42.,22.));
#2687=CARTESIAN_POINT('',(56.9,42.,5.5));
#2688=CARTESIAN_POINT('',(56.9,50.,22.));
#2689=CARTESIAN_POINT('',(56.9,-50.,22.));
#2690=CARTESIAN_POINT('',(56.9,50.,4.));
#2691=CARTESIAN_POINT('Origin',(0.,0.,22.));
#2692=CARTESIAN_POINT('',(48.9,-53.0000007599592,22.));
#2693=CARTESIAN_POINT('',(48.9,-51.0000007599592,22.));
#2694=CARTESIAN_POINT('',(59.9,-53.,22.));
#2695=CARTESIAN_POINT('',(57.9,-53.,22.));
#2696=CARTESIAN_POINT('',(59.9,-42.,22.));
#2697=CARTESIAN_POINT('',(59.9,51.,22.));
#2698=CARTESIAN_POINT('',(56.9,-42.,22.));
#2699=CARTESIAN_POINT('',(57.9,-42.,22.));
#2700=CARTESIAN_POINT('',(56.9,-50.,22.));
#2701=CARTESIAN_POINT('Origin',(0.,0.,22.));
#2702=CARTESIAN_POINT('',(-59.9,42.,22.));
#2703=CARTESIAN_POINT('',(-56.9,42.,22.));
#2704=CARTESIAN_POINT('',(-57.9,42.,22.));
#2705=CARTESIAN_POINT('',(-56.9,50.,22.));
#2706=CARTESIAN_POINT('',(-56.9,50.,22.));
#2707=CARTESIAN_POINT('',(-48.9,50.,22.));
#2708=CARTESIAN_POINT('',(56.9,50.,22.));
#2709=CARTESIAN_POINT('',(-48.9,53.0000007599592,22.));
#2710=CARTESIAN_POINT('',(-48.9,51.0000007599592,22.));
#2711=CARTESIAN_POINT('',(-59.9,53.,22.));
#2712=CARTESIAN_POINT('',(-57.9,53.,22.));
#2713=CARTESIAN_POINT('',(-59.9,-51.,22.));
#2714=CARTESIAN_POINT('Origin',(0.,0.,22.));
#2715=CARTESIAN_POINT('',(-48.9,-53.,22.));
#2716=CARTESIAN_POINT('',(-48.9,-50.,22.));
#2717=CARTESIAN_POINT('',(-48.9,-25.5,22.));
#2718=CARTESIAN_POINT('',(-56.9,-50.,22.));
#2719=CARTESIAN_POINT('',(-59.9,-42.,22.));
#2720=CARTESIAN_POINT('',(-57.9,-42.,22.));
#2721=CARTESIAN_POINT('',(-59.9,-53.,22.));
#2722=CARTESIAN_POINT('',(-59.9,-51.,22.));
#2723=CARTESIAN_POINT('',(-57.9,-53.,22.));
#2724=CARTESIAN_POINT('Origin',(0.,0.,22.));
#2725=CARTESIAN_POINT('',(59.8999987058342,42.,22.));
#2726=CARTESIAN_POINT('',(57.8999987058342,42.,22.));
#2727=CARTESIAN_POINT('',(59.9,53.,22.));
#2728=CARTESIAN_POINT('',(59.9,51.,22.));
#2729=CARTESIAN_POINT('',(48.9,53.,22.));
#2730=CARTESIAN_POINT('',(-57.9,53.,22.));
#2731=CARTESIAN_POINT('',(48.9,50.,22.));
#2732=CARTESIAN_POINT('',(48.9,25.5,22.));
#2733=CARTESIAN_POINT('',(56.9,50.,22.));
#2734=CARTESIAN_POINT('Origin',(48.9,-42.,3.99999980064351));
#2735=CARTESIAN_POINT('',(48.9,-50.,4.));
#2736=CARTESIAN_POINT('',(48.9,-42.,3.99999980064351));
#2737=CARTESIAN_POINT('',(48.9,-21.,4.));
#2738=CARTESIAN_POINT('',(48.9,-50.,5.5));
#2739=CARTESIAN_POINT('',(48.9,-42.,3.99999980064351));
#2740=CARTESIAN_POINT('Origin',(0.,0.,4.));
#2741=CARTESIAN_POINT('',(66.5,-54.,3.9999997288915));
#2742=CARTESIAN_POINT('',(66.5,-27.,4.));
#2743=CARTESIAN_POINT('',(37.25,-54.,4.));
#2744=CARTESIAN_POINT('',(-66.5,54.,4.00000027110836));
#2745=CARTESIAN_POINT('',(-66.5,27.,4.));
#2746=CARTESIAN_POINT('',(-37.25,54.,4.));
#2747=CARTESIAN_POINT('',(59.9,-42.,4.));
#2748=CARTESIAN_POINT('',(28.95,-42.,4.));
#2749=CARTESIAN_POINT('',(59.9,-53.,4.));
#2750=CARTESIAN_POINT('',(59.9,-25.5,4.));
#2751=CARTESIAN_POINT('',(48.9,-53.0000007599592,4.));
#2752=CARTESIAN_POINT('',(-28.95,-53.0000007599592,4.));
#2753=CARTESIAN_POINT('',(48.9,-50.,4.));
#2754=CARTESIAN_POINT('',(-59.9,-42.,4.));
#2755=CARTESIAN_POINT('',(-48.9,-42.,4.00000019935636));
#2756=CARTESIAN_POINT('',(-24.45,-42.,4.));
#2757=CARTESIAN_POINT('',(-48.9,-50.,4.));
#2758=CARTESIAN_POINT('',(-48.9,-25.,4.));
#2759=CARTESIAN_POINT('',(-48.9,-53.,4.));
#2760=CARTESIAN_POINT('',(-48.9,-25.5,4.));
#2761=CARTESIAN_POINT('',(-59.9,-53.,4.));
#2762=CARTESIAN_POINT('',(-28.95,-53.,4.));
#2763=CARTESIAN_POINT('',(-59.9,-25.5,4.));
#2764=CARTESIAN_POINT('',(59.8999987058342,42.,4.));
#2765=CARTESIAN_POINT('',(48.9,42.,3.99999980064351));
#2766=CARTESIAN_POINT('',(24.45,42.,4.));
#2767=CARTESIAN_POINT('',(48.9,50.,4.));
#2768=CARTESIAN_POINT('',(48.9,25.,4.));
#2769=CARTESIAN_POINT('',(48.9,53.,4.));
#2770=CARTESIAN_POINT('',(48.9,25.5,4.));
#2771=CARTESIAN_POINT('',(59.9,53.,4.));
#2772=CARTESIAN_POINT('',(28.95,53.,4.));
#2773=CARTESIAN_POINT('',(59.8999987058342,-25.5,4.));
#2774=CARTESIAN_POINT('',(-48.9,42.,4.00000019935636));
#2775=CARTESIAN_POINT('',(-59.9,42.,4.));
#2776=CARTESIAN_POINT('',(-28.95,42.,4.));
#2777=CARTESIAN_POINT('',(-59.9,53.,4.));
#2778=CARTESIAN_POINT('',(-59.9,25.5,4.));
#2779=CARTESIAN_POINT('',(-48.9,53.0000007599592,4.));
#2780=CARTESIAN_POINT('',(28.95,53.0000007599592,4.));
#2781=CARTESIAN_POINT('',(-48.9,50.,4.));
#2782=CARTESIAN_POINT('',(-48.9,50.,4.));
#2783=CARTESIAN_POINT('',(-48.9,21.,4.));
#2784=CARTESIAN_POINT('Origin',(48.9,50.,3.99999980064351));
#2785=CARTESIAN_POINT('',(48.9,42.,3.99999980064351));
#2786=CARTESIAN_POINT('',(48.9,50.,5.5));
#2787=CARTESIAN_POINT('Origin',(-66.5,54.,4.00000027110836));
#2788=CARTESIAN_POINT('',(-66.5,54.,4.00000027110836));
#2789=CARTESIAN_POINT('Origin',(-74.5,54.,4.00000030372291));
#2790=CARTESIAN_POINT('Origin',(-48.9,-50.,4.00000019935636));
#2791=CARTESIAN_POINT('',(-48.9,-42.,4.00000019935636));
#2792=CARTESIAN_POINT('',(-48.9,-50.,5.5));
#2793=CARTESIAN_POINT('Origin',(66.5,-54.,3.9999997288915));
#2794=CARTESIAN_POINT('',(66.5,-54.,3.9999997288915));
#2795=CARTESIAN_POINT('Origin',(74.5,-54.,3.99999969627695));
#2796=CARTESIAN_POINT('Origin',(-48.9,42.,4.00000019935636));
#2797=CARTESIAN_POINT('',(-48.9,50.,5.5));
#2798=CARTESIAN_POINT('',(-48.9,42.,4.00000019935636));
#2799=CARTESIAN_POINT('Origin',(-56.9,-50.,4.));
#2800=CARTESIAN_POINT('',(-56.9,50.,4.));
#2801=CARTESIAN_POINT('',(-56.9,42.,5.5));
#2802=CARTESIAN_POINT('Origin',(-56.9,50.,4.));
#2803=CARTESIAN_POINT('',(-48.9,50.,5.5));
#2804=CARTESIAN_POINT('Origin',(37.5000000045235,20.,1.10955924948716));
#2805=CARTESIAN_POINT('',(38.8000000029312,20.,0.718999841819375));
#2806=CARTESIAN_POINT('Origin',(37.5000000029312,20.,0.718999847119237));
#2807=CARTESIAN_POINT('',(37.5000000061157,20.,1.50011865185507));
#2808=CARTESIAN_POINT('',(38.1500000045235,20.,1.10955924683722));
#2809=CARTESIAN_POINT('Origin',(37.4999999112028,20.,-21.7810001528808));
#2810=CARTESIAN_POINT('',(38.7999999270801,20.,-17.8864670775659));
#2811=CARTESIAN_POINT('Origin',(37.4999999270801,20.,-17.8864670722661));
#2812=CARTESIAN_POINT('',(38.7999999112028,20.,-21.7810001581806));
#2813=CARTESIAN_POINT('Origin',(-37.4999999954765,20.,1.10955955524854));
#2814=CARTESIAN_POINT('',(-36.1999999970688,20.,0.719000147580756));
#2815=CARTESIAN_POINT('Origin',(-37.4999999970688,20.,0.719000152880618));
#2816=CARTESIAN_POINT('',(-37.4999999938843,20.,1.50011895761645));
#2817=CARTESIAN_POINT('',(-36.8499999954765,20.,1.1095595525986));
#2818=CARTESIAN_POINT('Origin',(-37.5000000887972,20.,-21.7809998471194));
#2819=CARTESIAN_POINT('',(-36.2000000729199,20.,-17.8864667718045));
#2820=CARTESIAN_POINT('Origin',(-37.5000000729199,20.,-17.8864667665047));
#2821=CARTESIAN_POINT('',(-36.2000000887972,20.,-21.7809998524192));
#2822=CARTESIAN_POINT('Origin',(37.5000000045235,-20.,1.10955924948716));
#2823=CARTESIAN_POINT('',(38.8000000029312,-20.,0.718999841819375));
#2824=CARTESIAN_POINT('Origin',(37.5000000029312,-20.,0.718999847119237));
#2825=CARTESIAN_POINT('',(37.5000000061157,-20.,1.50011865185507));
#2826=CARTESIAN_POINT('',(38.1500000045235,-20.,1.10955924683722));
#2827=CARTESIAN_POINT('Origin',(37.4999999112028,-20.,-21.7810001528808));
#2828=CARTESIAN_POINT('',(38.7999999270801,-20.,-17.8864670775659));
#2829=CARTESIAN_POINT('Origin',(37.4999999270801,-20.,-17.8864670722661));
#2830=CARTESIAN_POINT('',(38.7999999112028,-20.,-21.7810001581806));
#2831=CARTESIAN_POINT('Origin',(-37.4999999954765,-20.,1.10955955524839));
#2832=CARTESIAN_POINT('',(-36.1999999970688,-20.,0.719000147580614));
#2833=CARTESIAN_POINT('Origin',(-37.4999999970688,-20.,0.719000152880476));
#2834=CARTESIAN_POINT('',(-37.4999999938843,-20.,1.50011895761631));
#2835=CARTESIAN_POINT('',(-36.8499999954765,-20.,1.10955955259846));
#2836=CARTESIAN_POINT('Origin',(-37.5000000887972,-20.,-21.7809998471195));
#2837=CARTESIAN_POINT('',(-36.2000000729199,-20.,-17.8864667718045));
#2838=CARTESIAN_POINT('Origin',(-37.5000000729199,-20.,-17.8864667665047));
#2839=CARTESIAN_POINT('',(-36.2000000887972,-20.,-21.7809998524194));
#2840=CARTESIAN_POINT('Origin',(-42.5000000729199,-14.9996666629629,-17.8864667461206));
#2841=CARTESIAN_POINT('',(-32.5000000729199,-25.,-17.8864667868888));
#2842=CARTESIAN_POINT('',(-32.5000000729199,-14.9996666629629,-17.8864667868888));
#2843=CARTESIAN_POINT('',(-32.5000000729199,5.00016666851856,-17.8864667868888));
#2844=CARTESIAN_POINT('',(-42.5000000729199,-25.,-17.8864667461206));
#2845=CARTESIAN_POINT('',(-37.5000000729199,-25.,-17.8864667665047));
#2846=CARTESIAN_POINT('',(-42.5000000729199,-14.9996666629629,-17.8864667461206));
#2847=CARTESIAN_POINT('',(-42.5000000729199,-19.9998333314814,-17.8864667461206));
#2848=CARTESIAN_POINT('',(-37.5000000425476,-14.9996666630988,-17.8864667665047));
#2849=CARTESIAN_POINT('Origin',(-42.5000000729199,-14.9996666629629,-17.8864667461206));
#2850=CARTESIAN_POINT('',(32.4999999270801,-14.9996666629629,-17.886467051882));
#2851=CARTESIAN_POINT('',(32.4999999270801,-25.,-17.886467051882));
#2852=CARTESIAN_POINT('',(32.4999999270801,-19.9998333314814,-17.886467051882));
#2853=CARTESIAN_POINT('',(42.4999999270801,-14.9996666629629,-17.8864670926502));
#2854=CARTESIAN_POINT('',(37.4999999266724,-14.9996666651372,-17.8864670722661));
#2855=CARTESIAN_POINT('',(42.4999999270801,-25.,-17.8864670926502));
#2856=CARTESIAN_POINT('',(42.4999999270801,5.00016666851856,-17.8864670926502));
#2857=CARTESIAN_POINT('',(-7.29198815598329E-8,-25.,-17.8864669193854));
#2858=CARTESIAN_POINT('Origin',(-42.5000000729199,25.,-17.8864667461206));
#2859=CARTESIAN_POINT('',(-32.5000000729199,14.9996666629629,-17.8864667868888));
#2860=CARTESIAN_POINT('',(-32.5000000729199,25.,-17.8864667868888));
#2861=CARTESIAN_POINT('',(-32.5000000729199,25.,-17.8864667868888));
#2862=CARTESIAN_POINT('',(-42.5000000729199,14.9996666629629,-17.8864667461206));
#2863=CARTESIAN_POINT('',(-37.5000000425476,14.9996666630988,-17.8864667665047));
#2864=CARTESIAN_POINT('',(-42.5000000729199,25.,-17.8864667461206));
#2865=CARTESIAN_POINT('',(-42.5000000729199,3.64176702379849E-30,-17.8864667461206));
#2866=CARTESIAN_POINT('',(-42.5000000729199,25.,-17.8864667461206));
#2867=CARTESIAN_POINT('Origin',(-42.5000000729199,25.,-17.8864667461206));
#2868=CARTESIAN_POINT('',(32.4999999270801,25.,-17.886467051882));
#2869=CARTESIAN_POINT('',(32.4999999270801,14.9996666629629,-17.886467051882));
#2870=CARTESIAN_POINT('',(32.4999999270801,3.64176700072138E-30,-17.886467051882));
#2871=CARTESIAN_POINT('',(42.4999999270801,25.,-17.8864670926502));
#2872=CARTESIAN_POINT('',(-5.00000007291989,25.,-17.8864668990013));
#2873=CARTESIAN_POINT('',(42.4999999270801,14.9996666629629,-17.8864670926502));
#2874=CARTESIAN_POINT('',(42.4999999270801,25.,-17.8864670926502));
#2875=CARTESIAN_POINT('',(37.4999999266724,14.9996666651372,-17.8864670722661));
#2876=CARTESIAN_POINT('Origin',(42.5,-25.,-1.73264854764822E-7));
#2877=CARTESIAN_POINT('',(42.5,-25.,-1.73264854764822E-7));
#2878=CARTESIAN_POINT('',(42.4999998398585,-25.,-39.2810001732649));
#2879=CARTESIAN_POINT('',(32.5,-25.,-1.32496669623408E-7));
#2880=CARTESIAN_POINT('',(21.25,-25.,0.));
#2881=CARTESIAN_POINT('',(32.4999998398585,-25.,-39.2810001324967));
#2882=CARTESIAN_POINT('Origin',(-32.5,-25.,1.32496533795774E-7));
#2883=CARTESIAN_POINT('',(-32.5,-25.,1.32496533795774E-7));
#2884=CARTESIAN_POINT('',(-32.5,-25.,1.32496533795774E-7));
#2885=CARTESIAN_POINT('',(-42.5,-25.,1.73264718937188E-7));
#2886=CARTESIAN_POINT('',(-16.25,-25.,0.));
#2887=CARTESIAN_POINT('',(-42.5000001601415,-25.,-39.2809998267353));
#2888=CARTESIAN_POINT('Origin',(951.259533258652,1.48497161650945E-28,-17.986466746116));
#2889=CARTESIAN_POINT('Origin',(32.4999999266724,1.48497161650945E-28,-17.9864667461202));
#2890=CARTESIAN_POINT('Origin',(42.4999999266724,1.48497161650945E-28,-17.9864667461202));
#2891=CARTESIAN_POINT('Origin',(42.5,25.,-1.73264854764837E-7));
#2892=CARTESIAN_POINT('',(42.5,25.,-1.73264854764837E-7));
#2893=CARTESIAN_POINT('',(42.5,25.,-1.73264854764837E-7));
#2894=CARTESIAN_POINT('',(42.5,12.5,0.));
#2895=CARTESIAN_POINT('Origin',(951.259533258652,1.48497161650945E-28,-17.986466746116));
#2896=CARTESIAN_POINT('Origin',(-42.5000000733276,1.48497161650945E-28,
-17.9864667461206));
#2897=CARTESIAN_POINT('Origin',(-32.5000000733276,1.48497161650945E-28,
-17.9864667461205));
#2898=CARTESIAN_POINT('Origin',(-32.5,25.,1.32496533795774E-7));
#2899=CARTESIAN_POINT('',(-32.5,25.,1.32496533795774E-7));
#2900=CARTESIAN_POINT('',(-32.5,25.,1.32496533795774E-7));
#2901=CARTESIAN_POINT('',(-32.5,12.5,0.));
#2902=CARTESIAN_POINT('Origin',(-42.5,25.,1.73264718937188E-7));
#2903=CARTESIAN_POINT('',(-42.5,25.,1.73264718937188E-7));
#2904=CARTESIAN_POINT('',(-42.5000001601415,25.,-39.2809998267353));
#2905=CARTESIAN_POINT('',(-21.25,25.,0.));
#2906=CARTESIAN_POINT('Origin',(-42.5,-25.,1.73264718937188E-7));
#2907=CARTESIAN_POINT('',(-42.5,-12.5,0.));
#2908=CARTESIAN_POINT('Origin',(32.5,-25.,-1.32496669623408E-7));
#2909=CARTESIAN_POINT('',(32.5,25.,-1.32496669623408E-7));
#2910=CARTESIAN_POINT('',(32.5,-12.5,0.));
#2911=CARTESIAN_POINT('',(32.5,25.,-1.32496669623408E-7));
#2912=CARTESIAN_POINT('Origin',(32.5,25.,-1.32496669623408E-7));
#2913=CARTESIAN_POINT('',(16.25,25.,0.));
#2914=CARTESIAN_POINT('Origin',(59.8999987058342,-51.,4.));
#2915=CARTESIAN_POINT('',(59.8999987058342,42.,7.));
#2916=CARTESIAN_POINT('',(59.9,53.,4.));
#2917=CARTESIAN_POINT('Origin',(57.9,53.,4.));
#2918=CARTESIAN_POINT('',(48.9,53.,5.5));
#2919=CARTESIAN_POINT('Origin',(57.9,53.0000007599592,4.));
#2920=CARTESIAN_POINT('',(-48.9,53.0000007599592,7.));
#2921=CARTESIAN_POINT('',(-59.9,53.,4.));
#2922=CARTESIAN_POINT('Origin',(-59.9,51.,4.));
#2923=CARTESIAN_POINT('',(-59.9,42.,5.5));
#2924=CARTESIAN_POINT('Origin',(-57.9,-53.,4.));
#2925=CARTESIAN_POINT('',(-48.9,-53.,5.5));
#2926=CARTESIAN_POINT('',(-59.9,-53.,7.));
#2927=CARTESIAN_POINT('Origin',(-59.9,51.,4.));
#2928=CARTESIAN_POINT('',(-59.9,-42.,7.));
#2929=CARTESIAN_POINT('Origin',(-57.9,-53.0000007599592,4.));
#2930=CARTESIAN_POINT('',(48.9,-53.0000007599592,7.));
#2931=CARTESIAN_POINT('',(59.9,-53.,4.));
#2932=CARTESIAN_POINT('Origin',(59.9,-51.,4.));
#2933=CARTESIAN_POINT('',(59.9,-42.,5.5));
#2934=CARTESIAN_POINT('Origin',(-48.9,-51.,7.));
#2935=CARTESIAN_POINT('',(-48.9,-50.,5.5));
#2936=CARTESIAN_POINT('Origin',(48.9,-50.,7.));
#2937=CARTESIAN_POINT('Origin',(-56.9,-42.,7.));
#2938=CARTESIAN_POINT('Origin',(-57.9,42.,7.));
#2939=CARTESIAN_POINT('Origin',(56.9,42.,7.));
#2940=CARTESIAN_POINT('Origin',(57.9,-42.,7.));
#2941=CARTESIAN_POINT('',(56.9,-42.,5.5));
#2942=CARTESIAN_POINT('Origin',(-48.9,50.,7.));
#2943=CARTESIAN_POINT('Origin',(48.9,51.,7.));
#2944=CARTESIAN_POINT('',(48.9,50.,5.5));
#2945=CARTESIAN_POINT('Origin',(56.9,-50.,4.));
#2946=CARTESIAN_POINT('Origin',(56.9,50.,4.));
#2947=CARTESIAN_POINT('Origin',(-56.9,50.,4.));
#2948=CARTESIAN_POINT('Origin',(-77.5,-65.,0.));
#2949=CARTESIAN_POINT('',(-77.5,-65.,0.));
#2950=CARTESIAN_POINT('',(77.5,-65.,0.));
#2951=CARTESIAN_POINT('',(-77.5,-65.,0.));
#2952=CARTESIAN_POINT('',(77.5,-65.,0.));
#2953=CARTESIAN_POINT('',(-77.5,-65.,0.));
#2954=CARTESIAN_POINT('Origin',(-77.5,65.,0.));
#2955=CARTESIAN_POINT('',(-77.5,65.,0.));
#2956=CARTESIAN_POINT('',(-77.5,65.,0.));
#2957=CARTESIAN_POINT('',(-77.5,65.,0.));
#2958=CARTESIAN_POINT('Origin',(77.5,65.,0.));
#2959=CARTESIAN_POINT('',(77.5,65.,0.));
#2960=CARTESIAN_POINT('',(77.5,65.,0.));
#2961=CARTESIAN_POINT('',(77.5,65.,0.));
#2962=CARTESIAN_POINT('Origin',(77.5,-65.,0.));
#2963=CARTESIAN_POINT('',(77.5,-65.,0.));
#2964=CARTESIAN_POINT('Origin',(0.,0.,0.));
#2965=UNCERTAINTY_MEASURE_WITH_UNIT(LENGTH_MEASURE(0.01),#2969,
'DISTANCE_ACCURACY_VALUE',
'Maximum model space distance between geometric entities at asserted c
onnectivities');
#2966=UNCERTAINTY_MEASURE_WITH_UNIT(LENGTH_MEASURE(0.01),#2969,
'DISTANCE_ACCURACY_VALUE',
'Maximum model space distance between geometric entities at asserted c
onnectivities');
#2967=(
GEOMETRIC_REPRESENTATION_CONTEXT(3)
GLOBAL_UNCERTAINTY_ASSIGNED_CONTEXT((#2965))
GLOBAL_UNIT_ASSIGNED_CONTEXT((#2969,#2971,#2972))
REPRESENTATION_CONTEXT('','3D')
);
#2968=(
GEOMETRIC_REPRESENTATION_CONTEXT(3)
GLOBAL_UNCERTAINTY_ASSIGNED_CONTEXT((#2966))
GLOBAL_UNIT_ASSIGNED_CONTEXT((#2969,#2971,#2972))
REPRESENTATION_CONTEXT('','3D')
);
#2969=(
LENGTH_UNIT()
NAMED_UNIT(*)
SI_UNIT(.MILLI.,.METRE.)
);
#2970=(
LENGTH_UNIT()
NAMED_UNIT(*)
SI_UNIT($,.METRE.)
);
#2971=(
NAMED_UNIT(*)
PLANE_ANGLE_UNIT()
SI_UNIT($,.RADIAN.)
);
#2972=(
NAMED_UNIT(*)
SI_UNIT($,.STERADIAN.)
SOLID_ANGLE_UNIT()
);
#2973=SHAPE_DEFINITION_REPRESENTATION(#2974,#2975);
#2974=PRODUCT_DEFINITION_SHAPE('',$,#2977);
#2975=SHAPE_REPRESENTATION('',(#1845),#2967);
#2976=PRODUCT_DEFINITION_CONTEXT('part definition',#2981,'design');
#2977=PRODUCT_DEFINITION('BOX KOMPONEN','BOX KOMPONEN',#2978,#2976);
#2978=PRODUCT_DEFINITION_FORMATION('',$,#2983);
#2979=PRODUCT_RELATED_PRODUCT_CATEGORY('BOX KOMPONEN','BOX KOMPONEN',(#2983));
#2980=APPLICATION_PROTOCOL_DEFINITION('international standard',
'automotive_design',2009,#2981);
#2981=APPLICATION_CONTEXT(
'Core Data for Automotive Mechanical Design Process');
#2982=PRODUCT_CONTEXT('part definition',#2981,'mechanical');
#2983=PRODUCT('BOX KOMPONEN','BOX KOMPONEN',$,(#2982));
#2984=PRESENTATION_STYLE_ASSIGNMENT((#2986));
#2985=PRESENTATION_STYLE_ASSIGNMENT((#2987));
#2986=SURFACE_STYLE_USAGE(.BOTH.,#2988);
#2987=SURFACE_STYLE_USAGE(.BOTH.,#2989);
#2988=SURFACE_SIDE_STYLE('',(#2990));
#2989=SURFACE_SIDE_STYLE('',(#2991));
#2990=SURFACE_STYLE_FILL_AREA(#2992);
#2991=SURFACE_STYLE_FILL_AREA(#2993);
#2992=FILL_AREA_STYLE('Steel - Satin',(#2994));
#2993=FILL_AREA_STYLE('ABS (White)',(#2995));
#2994=FILL_AREA_STYLE_COLOUR('Steel - Satin',#2996);
#2995=FILL_AREA_STYLE_COLOUR('ABS (White)',#2997);
#2996=COLOUR_RGB('Steel - Satin',0.627450980392157,0.627450980392157,0.627450980392157);
#2997=COLOUR_RGB('ABS (White)',0.850980392156863,0.0901960784313725,0.0901960784313725);
ENDSEC;
END-ISO-10303-21;
