$version Generated by Wokwi.com $end
$date Tue, 09 Jun 2026 14:54:40 GMT $end
$timescale 1ns $end
$scope module logic $end
$var wire 1 ! D0 $end
$upscope $end
$enddefinitions $end
#0
1!
#1040943437
0!
#1041047441
1!
#1041151445
0!
#1041671465
1!
#1041775469
0!
#1041879473
1!
#1041983687
0!
#1042295699
1!
#1042399703
0!
#1042503707
1!
#1042607711
0!
#1042711715
1!
#1042815719
0!
#1042919723
1!
#1043023937
0!
#1043127941
1!
#1043335949
0!
#1043439953
1!
#1043543957
0!
#1043647961
1!
#1043751965
0!
#1043959973
1!
#1044064187
0!
#1044168191
1!
#1044376199
0!
#1044792215
1!
#1044896219
0!
#1045000223
1!
#1045104437
0!
#1045208441
1!
#1045312445
0!
#1045416449
1!
#1045624457
0!
#1045832465
1!
#1045936469
0!
#1046040473
1!
#1046144687
0!
#1046248691
1!
#1046560703
0!
#1046872715
1!
#1046976719
0!
#1047080723
1!
#1047184937
0!
#1047392945
1!
#1047600953
0!
#1047912965
1!
#1048016969
0!
#1048120973
1!
#1048225187
0!
#1048329191
1!
#1048433195
0!
#1048537199
1!
#1048953215
0!
#1049161223
1!
#1049265437
0!
#1049369441
1!
#1049473445
0!
#1049785457
1!
#1049993465
0!
#1050201473
1!
#1050305687
0!
#1050409691
1!
#1050513695
0!
#1050617699
1!
#1050825707
0!
#1051241723
1!
#1051345937
0!
#1051553945
1!
#1051657949
0!
#1051761953
1!
#1051865957
0!
#1052281973
1!
#1609605062
0!
#1609709066
1!
#1609813070
0!
#1610333090
1!
#1610437094
0!
#1610541098
1!
#1610645562
0!
#1610957574
1!
#1611061578
0!
#1611165582
1!
#1611269586
0!
#1611373590
1!
#1611477594
0!
#1611581598
1!
#1611690500
0!
#1611794504
1!
#1612002512
0!
#1612106515
1!
#1612210519
0!
#1612314523
1!
#1612418527
0!
#1612626535
1!
#1612731000
0!
#1612835004
1!
#1613043012
0!
#1613459027
1!
#1613563031
0!
#1613667035
1!
#1613771500
0!
#1613875504
1!
#1613979508
0!
#1614083512
1!
#1614291519
0!
#1614499527
1!
#1614603531
0!
#1614707535
1!
#1614812000
0!
#1614916004
1!
#1615228015
0!
#1615540027
1!
#1615644031
0!
#1615748035
1!
#1615852500
0!
#1615956504
1!
#1616164512
0!
#1616372519
1!
#1616476523
0!
#1616580527
1!
#1616684531
0!
#1616788535
1!
#1616893000
0!
#1616997004
1!
#1617101008
0!
#1617205012
1!
#1617621027
0!
#1617829035
1!
#1617940437
0!
#1618148445
1!
#1618252449
0!
#1618564461
1!
#1618668465
0!
#1618876473
1!
#1618980937
0!
#1619084941
1!
#1619292949
0!
#1619396953
1!
#1619500957
0!
#1619604961
1!
#1619708965
0!
#1619916973
1!
#1620021437
0!
#1620229445
1!
#1620437453
0!
#1620541457
1!
#1620749465
0!
#1620957473
1!
#1621061937
0!
#1621269945
1!
#1621373949
0!
#1621581957
1!
#1621789965
0!
#1621997973
1!
#1622102437
0!
#1622518453
1!
#1622830465
0!
#1623038473
1!
#1623142937
0!
#1623246941
1!
#1623350945
0!
#1623662957
1!
#1623870965
0!
#1624078973
1!
#1624190375
0!
#1624398383
1!
#1624502387
0!
#1624710394
1!
#1624918402
0!
#1625126410
1!
#1625230875
0!
#1625334879
1!
#1625542887
0!
#1625750894
1!
#1625958902
0!
#1626166910
1!
#1626271375
0!
#1626583387
1!
#1626687391
0!
#1626791394
1!
#1626999402
0!
#1627207410
1!
#1627311875
0!
#1627415879
1!
#1627519883
0!
#1627623887
1!
#1627727891
0!
#1627831894
1!
#1628039902
0!
#1628247910
1!
#1628352375
0!
#1628560383
1!
#1628768391
0!
#1628872394
1!
#1629080402
0!
#1629288410
1!
#1629392875
0!
#1629496879
1!
#1629808891
0!
#1629912894
1!
#1630120902
0!
#1630328910
1!
#1630440625
0!
#1630856640
1!
#1631168652
0!
#1631376660
1!
#1631481125
0!
#1631585128
1!
#1631689132
0!
#1631897140
1!
#1632209152
0!
#1632417160
1!
#1632521625
0!
#1633041644
1!
#1633249652
0!
#1633457660
1!
#1633562125
0!
#1633770132
1!
#1633874136
0!
#1634186148
1!
#1634290152
0!
#1634498160
1!
#1634602625
0!
#1634706628
1!
#1634810632
0!
#1634914636
1!
#1635122644
0!
#1635538660
1!
#1635643125
0!
#1635851132
1!
#1635955136
0!
#1636059140
1!
#1636163144
0!
#1636579160
1!
#2671839000
0!
#2672359020
1!
#2672463024
0!
#2672567028
1!
#2672671032
0!
#2672775036
1!
#2672879500
0!
#2672983504
1!
#2673087508
0!
#2673191512
1!
#2673295516
0!
#2673503524
1!
#2673711532
0!
#2673815536
1!
#2673920000
0!
#2674128008
1!
#2674232012
0!
#2674440020
1!
#2674752032
0!
#2674856036
1!
#2674960250
0!
#2675064254
1!
#2675168258
0!
#2675376266
1!
#2675480270
0!
#2675584274
1!
#2675792282
0!
#2675896286
1!
#2676000750
0!
#2676208758
1!
#2676520770
0!
#2676624774
1!
#2676832782
0!
#2676936786
1!
#2677041250
0!
#2677145254
1!
#2677457266
0!
#2677665274
1!
#2677873282
0!
#2677977286
1!
#2678084375
0!
#2678188379
1!
#2678292383
0!
#2678708399
1!
#2678916407
0!
#2679020411
1!
#2679124875
0!
#2679436887
1!
#2679540891
0!
#2679644895
1!
#2679956907
0!
#2680060911
1!
#2680165375
0!
#2680269379
1!
#2680373383
0!
#2680789399
1!
#2680997407
0!
#2681101411
1!
#2681205625
0!
#2681413633
1!
#2681725645
0!
#2681829649
1!
#2682037657
0!
#2682141661
1!
#2682246125
0!
#2682870149
1!
#2682974153
0!
#2683182161
1!
#2683286625
0!
#2683390629
1!
#2683598637
0!
#2683806645
1!
#2683910649
0!
#2684014653
1!
#2684118657
0!
#2684222661
1!
#2684327125
0!
#2684431129
1!
#2684535133
0!
#2684639137
1!
#2684847145
0!
#2684951149
1!
#2685055153
0!
#2685263161
1!
#2685367625
0!
#2685471629
1!
#2685679637
0!
#2686095653
1!
#2686199657
0!
#2686303661
1!
#2686408125
0!
#2686512129
1!
#2686616133
0!
#2687136153
1!
#2687240157
0!
#2687344161
1!
#2687448375
0!
#2687656383
1!
#2687968395
0!
#2688176403
1!
#2688280407
0!
#2688384411
1!
#2688488875
0!
#2688592879
1!
#2688696883
0!
#2688800887
1!
#2688904891
0!
#2689216903
1!
#2689320907
0!
#2689424911
1!
#2689529375
0!
#2689737383
1!
#2689841387
0!
#2689945391
1!
#2690257403
0!
#2690465411
1!
#2690569875
0!
#2691193899
1!
#2691297903
0!
#2691505911
1!
#2691610375
0!
#2692130395
1!
#2692234399
0!
#2692338403
1!
#2692442407
0!
#2692546411
1!
#2692650875
0!
#2692754879
1!
#2692858883
0!
#2692962887
1!
#2693066891
0!
#2693274899
1!
#2693482907
0!
#2693586911
1!
#2693691125
0!
#2693899133
1!
#2694211145
0!
#2694315149
1!
#2694523157
0!
#2694627161
1!
#2694731625
0!
#2694835629
1!
#2695147641
0!
#2695355649
1!
#2695563657
0!
#2695667661
1!
#2695772125
0!
#2695876129
1!
#2696188141
0!
#2696396149
1!
#2696604157
0!
#2696708161
1!
#2696812625
0!
#2696916629
1!
#2697020633
0!
#2697124637
1!
#2697228641
0!
#2697332645
1!
#2697644657
0!
#2697748661
1!
#2697853125
0!
#2698061133
1!
#2698373145
0!
#2698477149
1!
#2698685157
0!
#2698789161
1!
#2698893625
0!
#2698997629
1!
#2699101633
0!
#2699517649
1!
#2699725657
0!
#2699829661
1!
#2699940437
0!
#2700564461
1!
#2700668465
0!
#2700876473
1!
#2700980937
0!
#2701292949
1!
#2701396953
0!
#2701604961
1!
#2701812969
0!
#2701916973
1!
#2702021437
0!
#2702125441
1!
#2702229445
0!
#2702645461
1!
#2702853469
0!
#2702957473
1!
#2703061937
0!
#2703373949
1!
#2703581957
0!
#2703685961
1!
#2703893969
0!
#2703997973
1!
#2704102437
0!
#2704206441
1!
#2704310445
0!
#2704726461
1!
#2704934469
0!
#2705038473
1!
#2705142937
0!
#2705246941
1!
#2705350945
0!
#2705454949
1!
#2705662957
0!
#2705766961
1!
#2705974969
0!
#2706078973
1!
#2706190375
0!
#2706814399
1!
#2706918403
0!
#2707126411
1!
#2707230875
0!
#2707334879
1!
#2707542887
0!
#2707646891
1!
#2707750895
0!
#2707854899
1!
#2708062907
0!
#2708166911
1!
#2708271375
0!
#2708375379
1!
#2708791395
0!
#2708895399
1!
#2709103407
0!
#2709207411
1!
#2709311875
0!
#2709519883
1!
#2709831895
0!
#2709935899
1!
#2710143907
0!
#2710247911
1!
#2710352375
0!
#2710664387
1!
#2710768391
0!
#2710976399
1!
#2711184407
0!
#2711288411
1!
#2711392875
0!
#2711496879
1!
#2711600883
0!
#2711808891
1!
#2711912895
0!
#2712016899
1!
#2712224907
0!
#2712328911
1!
#2712440625
0!
#2712544629
1!
#2712752637
0!
#2712960645
1!
#2713272657
0!
#2713376661
1!
#2713481125
0!
#2713585129
1!
#2713689133
0!
#2713897141
1!
#2714001145
0!
#2714105149
1!
#2714313157
0!
#2714417161
1!
#2714521625
0!
#2715145649
1!
#2715249653
0!
#2715457661
1!
#2715562125
0!
#2715874137
1!
#2715978141
0!
#2716290153
1!
#2716394157
0!
#2716498161
1!
#2716602625
0!
#2716706629
1!
#2716810633
0!
#2717330653
1!
#2717434657
0!
#2717538661
1!
#2717643125
0!
#2717851133
1!
#2717955137
0!
#2718163145
1!
#2718267149
0!
#2718371153
1!
#2718475157
0!
#2718579161
1!
#2718690562
0!
#2718794566
1!
#2718898570
0!
#2719002574
1!
#2719106578
0!
#2719210582
1!
#2719314586
0!
#2719418590
1!
#2719522594
0!
#2719626598
1!
#2719731062
0!
#2719939070
1!
#2720043074
0!
#2720251082
1!
#2720355086
0!
#2720459090
1!
#2720563094
0!
#2720667098
1!
#2720771562
0!
#2720875566
1!
#2720979570
0!
#2721499590
1!
#2721603594
0!
#2721707598
1!
#2721812062
0!
#2722124074
1!
#2722228078
0!
#2722332082
1!
#2722436086
0!
#2722540090
1!
#2722644094
0!
#2722748098
1!
#2722852562
0!
#2722956566
1!
#2723060570
0!
#2723476586
1!
#2723580590
0!
#2723788598
1!
#2723893062
0!
#2724517086
1!
#2724621090
0!
#2724829098
1!
#2724940375
0!
#2725252387
1!
#2725356391
0!
#2725460395
1!
#2725564399
0!
#2725668403
1!
#2725772407
0!
#2725876411
1!
#2725980875
0!
#2726084879
1!
#2726500895
0!
#2726604899
1!
#2726812907
0!
#2726916911
1!
#2727021375
0!
#2727125379
1!
#2727229383
0!
#2727333387
1!
#2727541395
0!
#2727645399
1!
#2727853407
0!
#2727957411
1!
#2728061875
0!
#2728269883
1!
#2728373887
0!
#2728685899
1!
#2728893907
0!
#2728997911
1!
#2729102375
0!
#2729206379
1!
#2729622395
0!
#2729726399
1!
#2729934407
0!
#2730038411
1!
#2730142875
0!
#2730454887
1!
#2730662895
0!
#2730766899
1!
#2730974907
0!
#2731078911
1!
#2731190625
0!
#2731814649
1!
#2731918653
0!
#2732126661
1!
#2732231125
0!
#2732751145
1!
#2733063157
0!
#2733167161
1!
#2733271625
0!
#2733375629
1!
#2733479633
0!
#2733895649
1!
#2734103657
0!
#2734207661
1!
#2734312125
0!
#2734520133
1!
#2734832145
0!
#2734936149
1!
#2735144157
0!
#2735248161
1!
#2735352625
0!
#2735456629
1!
#2735560633
0!
#2735768641
1!
#2735872645
0!
#2735976649
1!
#2736184657
0!
#2736288661
1!
#2736393125
0!
#2736497129
1!
#2736705137
0!
#2737017149
1!
#2737225157
0!
#2737329161
1!
#2737440562
0!
#2738064586
1!
#2738168590
0!
#2738376598
1!
#2738481062
0!
#2738793074
1!
#2738897078
0!
#2739105086
1!
#2739313094
0!
#2739417098
1!
#2739524187
0!
#2739628191
1!
#2739732195
0!
#2739940203
1!
#2740044207
0!
#2740148211
1!
#2740356219
0!
#2740460223
1!
#2740564687
0!
#2740876699
1!
#2740980703
0!
#2741084707
1!
#2741396719
0!
#2741500723
1!
#2741605187
0!
#2741709191
1!
#2741813195
0!
#2741917199
1!
#2742021203
0!
#2742229211
1!
#2742437219
0!
#2742541223
1!
#2742645687
0!
#2742749691
1!
#2742957699
0!
#2743061703
1!
#2743165707
0!
#2743269711
1!
#2743477719
0!
#2743581723
1!
#2743690625
0!
#2743794629
1!
#2743898633
0!
#2744314649
1!
#2744522657
0!
#2744626661
1!
#2744731125
0!
#2744939133
1!
#2745251145
0!
#2745355149
1!
#2745563157
0!
#2745667161
1!
#2745771625
0!
#2746395649
1!
#2746499653
0!
#2746707661
1!
#2746812125
0!
#2746916129
1!
#2747020133
0!
#2747436149
1!
#2747644157
0!
#2747748161
1!
#2747852625
0!
#2748164637
1!
#2748268641
0!
#2748372645
1!
#2748684657
0!
#2748788661
1!
#2748893125
0!
#2748997129
1!
#2749101133
0!
#2749517149
1!
#2749725157
0!
#2749829161
1!
#2749940562
0!
#2750044566
1!
#2750148570
0!
#2750252574
1!
#2750356578
0!
#2750460582
1!
#2750772594
0!
#2750876598
1!
#2750981062
0!
#2751605086
1!
#2751709090
0!
#2751917098
1!
#2752021562
0!
#2752541582
1!
#2752853594
0!
#2752957598
1!
#2753062062
0!
#2753166066
1!
#2753270070
0!
#2753374074
1!
#2753478078
0!
#2753686086
1!
#2753894094
0!
#2753998098
1!
#2754102562
0!
#2754310570
1!
#2754622582
0!
#2754726586
1!
#2754934594
0!
#2755038598
1!
#2755143062
0!
#2755247066
1!
#2755559078
0!
#2755767086
1!
#2755975094
0!
#2756079098
1!
#2756190500
0!
#2756294504
1!
#2756606516
0!
#2756814524
1!
#2757022532
0!
#2757126536
1!
#2757231000
0!
#2757335004
1!
#2757439008
0!
#2757543012
1!
#2757647016
0!
#2757751020
1!
#2758063032
0!
#2758167036
1!
#2758271500
0!
#2758479508
1!
#2758791520
0!
#2758895524
1!
#2759103532
0!
#2759207536
1!
#2759312000
0!
#2759416004
1!
#2759520008
0!
#2759936024
1!
#2760144032
0!
#2760248036
1!
#2760352500
0!
#2760976524
1!
#2761080528
0!
#2761288536
1!
#2761393000
0!
#2761705012
1!
#2761809016
0!
#2761913020
1!
#2762225032
0!
#2762329036
1!
#2762440437
0!
#2762544441
1!
#2762648445
0!
#2762752449
1!
#2762856453
0!
#2763064461
1!
#2763272469
0!
#2763376473
1!
#2763480937
0!
#2763688945
1!
#2763792949
0!
#2764000957
1!
#2764312969
0!
#2764416973
1!
#2764521437
0!
#2764833449
1!
#2764937453
0!
#2765145461
1!
#2765353469
0!
#2765457473
1!
#2765561937
0!
#2765665941
1!
#2765769945
0!
#2765873949
1!
#2765977953
0!
#2766185961
1!
#2766393969
0!
#2766497973
1!
#2766602437
0!
#2766914449
1!
#2767018453
0!
#2767122457
1!
#2767434469
0!
#2767538473
1!
#2767642937
0!
#2767746941
1!
#2767850945
0!
#2767954949
1!
#2768058953
0!
#2768266961
1!
#2768474969
0!
#2768578973
1!
#2768690375
0!
#2768794379
1!
#2769002387
0!
#2769106391
1!
#2769210395
0!
#2769314399
1!
#2769522407
0!
#2769626411
1!
#2769730875
0!
#2769834879
1!
#2770042887
0!
#2770250895
1!
#2770562907
0!
#2770666911
1!
#2770771375
0!
#2770875379
1!
#2770979383
0!
#2771187391
1!
#2771291395
0!
#2771395399
1!
#2771603407
0!
#2771707411
1!
#2771811875
0!
#2772435899
1!
#2772539903
0!
#2772747911
1!
#2772852375
0!
#2773060383
1!
#2773164387
0!
#2773268391
1!
#2773372395
0!
#2773476399
1!
#2773684407
0!
#2773788411
1!
#2773892875
0!
#2773996879
1!
#2774100883
0!
#2774516899
1!
#2774724907
0!
#2774828911
1!
#2774940625
0!
#2775252637
1!
#2775356641
0!
#2775460645
1!
#2775772657
0!
#2775876661
1!
#2775981125
0!
#2776085129
1!
#2776189133
0!
#2776293137
1!
#2776397141
0!
#2776501145
1!
#2776813157
0!
#2776917161
1!
#2777021625
0!
#2777437641
1!
#2777541645
0!
#2777645649
1!
#2777853657
0!
#2777957661
1!
#2778062125
0!
#2778270133
1!
#2778582145
0!
#2778686149
1!
#2778790153
0!
#2778998161
1!
#2779102437
0!
#2779310445
1!
#2779414449
0!
#2779518453
1!
#2779726461
0!
#2780038473
1!
#5129722062
0!
#5129826066
1!
#5129930070
0!
#5130450090
1!
#5130554094
0!
#5130658098
1!
#5130762562
0!
#5131074574
1!
#5131178578
0!
#5131282582
1!
#5131386586
0!
#5131490590
1!
#5131594594
0!
#5131698598
1!
#5131807812
0!
#5131911816
1!
#5132119824
0!
#5132223828
1!
#5132327832
0!
#5132431836
1!
#5132535840
0!
#5132743848
1!
#5132848312
0!
#5132952316
1!
#5133160324
0!
#5133576340
1!
#5133680344
0!
#5133784348
1!
#5133888812
0!
#5133992816
1!
#5134096820
0!
#5134200824
1!
#5134408832
0!
#5134616840
1!
#5134720844
0!
#5134824848
1!
#5134929312
0!
#5135033316
1!
#5135345328
0!
#5135657340
1!
#5135761344
0!
#5135865348
1!
#5135969812
0!
#5136073816
1!
#5136281824
0!
#5136489832
1!
#5136593836
0!
#5136697840
1!
#5136801844
0!
#5136905848
1!
#5137010312
0!
#5137114316
1!
#5137218320
0!
#5137322324
1!
#5137738340
0!
#5137946348
1!
#5138057750
0!
#5138265757
1!
#5138369761
0!
#5138681773
1!
#5138785777
0!
#5138993785
1!
#5139098250
0!
#5139202254
1!
#5139410261
0!
#5139514265
1!
#5139618269
0!
#5139722273
1!
#5139826277
0!
#5140034285
1!
#5140138750
0!
#5140346758
1!
#5140554765
0!
#5140658769
1!
#5140866777
0!
#5141074785
1!
#5141179250
0!
#5141387257
1!
#5141491261
0!
#5141699269
1!
#5141907277
0!
#5142115285
1!
#5142219750
0!
#5142635765
1!
#5142947777
0!
#5143155785
1!
#5143260250
0!
#5143364254
1!
#5143468257
0!
#5143780269
1!
#5143988277
0!
#5144196285
1!
#5144307687
0!
#5144515695
1!
#5144619699
0!
#5144827707
1!
#5145035715
0!
#5145243723
1!
#5145348187
0!
#5145452191
1!
#5145660199
0!
#5145868207
1!
#5146076215
0!
#5146284223
1!
#5146388687
0!
#5146700699
1!
#5146804703
0!
#5146908707
1!
#5147116715
0!
#5147324723
1!
#5147429187
0!
#5147533191
1!
#5147637195
0!
#5147741199
1!
#5147845203
0!
#5147949207
1!
#5148157215
0!
#5148365223
1!
#5148469687
0!
#5148677695
1!
#5148885703
0!
#5148989707
1!
#5149197715
0!
#5149405723
1!
#5149510187
0!
#5149614191
1!
#5149926203
0!
#5150030207
1!
#5150238215
0!
#5150446223
1!
#5150557625
0!
#5150973640
1!
#5151285652
0!
#5151493660
1!
#5151598125
0!
#5151702128
1!
#5151806132
0!
#5152014140
1!
#5152326152
0!
#5152534160
1!
#5152638625
0!
#5153158644
1!
#5153366652
0!
#5153574660
1!
#5153679125
0!
#5153887133
1!
#5153991136
0!
#5154303148
1!
#5154407152
0!
#5154615160
1!
#5154719625
0!
#5154823629
1!
#5154927633
0!
#5155031637
1!
#5155239644
0!
#5155655660
1!
#5155760125
0!
#5155968132
1!
#5156072136
0!
#5156176140
1!
#5156280144
0!
#5156696160
1!
#6191956312
0!
#6192476332
1!
#6192580336
0!
#6192684340
1!
#6192788344
0!
#6192892348
1!
#6192996812
0!
#6193100816
1!
#6193204820
0!
#6193308824
1!
#6193412828
0!
#6193620836
1!
#6193828844
0!
#6193932848
1!
#6194037312
0!
#6194245320
1!
#6194349324
0!
#6194557332
1!
#6194869344
0!
#6194973348
1!
#6195077562
0!
#6195181566
1!
#6195285570
0!
#6195493578
1!
#6195597582
0!
#6195701586
1!
#6195909594
0!
#6196013598
1!
#6196118062
0!
#6196326070
1!
#6196638082
0!
#6196742086
1!
#6196950094
0!
#6197054098
1!
#6197158562
0!
#6197262566
1!
#6197574578
0!
#6197782586
1!
#6197990594
0!
#6198094598
1!
#6198199062
0!
#6198303066
1!
#6198407070
0!
#6198823086
1!
#6199031094
0!
#6199135098
1!
#6199239562
0!
#6199551574
1!
#6199655578
0!
#6199759582
1!
#6200071594
0!
#6200175598
1!
#6200280062
0!
#6200384066
1!
#6200488070
0!
#6200904086
1!
#6201112094
0!
#6201216098
1!
#6201320312
0!
#6201528320
1!
#6201840332
0!
#6201944336
1!
#6202152344
0!
#6202256348
1!
#6202360812
0!
#6202984836
1!
#6203088840
0!
#6203296848
1!
#6203401312
0!
#6203505316
1!
#6203713324
0!
#6203921332
1!
#6204025336
0!
#6204129340
1!
#6204233344
0!
#6204337348
1!
#6204441812
0!
#6204545816
1!
#6204649820
0!
#6204753824
1!
#6204961832
0!
#6205065836
1!
#6205169840
0!
#6205377848
1!
#6205482312
0!
#6205586316
1!
#6205794324
0!
#6206210340
1!
#6206314344
0!
#6206418348
1!
#6206522812
0!
#6206626816
1!
#6206730820
0!
#6207250840
1!
#6207354844
0!
#6207458848
1!
#6207563062
0!
#6207771070
1!
#6208083082
0!
#6208291090
1!
#6208395094
0!
#6208499098
1!
#6208603562
0!
#6208707566
1!
#6208811570
0!
#6208915574
1!
#6209019578
0!
#6209331590
1!
#6209435594
0!
#6209539598
1!
#6209644062
0!
#6209852070
1!
#6209956074
0!
#6210060078
1!
#6210372090
0!
#6210580098
1!
#6210684562
0!
#6211308586
1!
#6211412590
0!
#6211620598
1!
#6211725062
0!
#6212245082
1!
#6212349086
0!
#6212453090
1!
#6212557094
0!
#6212661098
1!
#6212765562
0!
#6212869566
1!
#6212973570
0!
#6213077574
1!
#6213181578
0!
#6213389586
1!
#6213597594
0!
#6213701598
1!
#6213807687
0!
#6214015695
1!
#6214327707
0!
#6214431711
1!
#6214639719
0!
#6214743723
1!
#6214848187
0!
#6214952191
1!
#6215264203
0!
#6215472211
1!
#6215680219
0!
#6215784223
1!
#6215888687
0!
#6215992691
1!
#6216304703
0!
#6216512711
1!
#6216720719
0!
#6216824723
1!
#6216929187
0!
#6217033191
1!
#6217137195
0!
#6217241199
1!
#6217345203
0!
#6217449207
1!
#6217761219
0!
#6217865223
1!
#6217969687
0!
#6218177695
1!
#6218489707
0!
#6218593711
1!
#6218801719
0!
#6218905723
1!
#6219010187
0!
#6219114191
1!
#6219218195
0!
#6219634211
1!
#6219842219
0!
#6219946223
1!
#6220057625
0!
#6220681648
1!
#6220785652
0!
#6220993660
1!
#6221098125
0!
#6221410136
1!
#6221514140
0!
#6221722148
1!
#6221930156
0!
#6222034160
1!
#6222138625
0!
#6222242629
1!
#6222346632
0!
#6222762648
1!
#6222970656
0!
#6223074660
1!
#6223178937
0!
#6223490949
1!
#6223698957
0!
#6223802961
1!
#6224010969
0!
#6224114973
1!
#6224219437
0!
#6224323441
1!
#6224427445
0!
#6224843461
1!
#6225051469
0!
#6225155473
1!
#6225259937
0!
#6225363941
1!
#6225467945
0!
#6225571949
1!
#6225779957
0!
#6225883961
1!
#6226091969
0!
#6226195973
1!
#6226307687
0!
#6226931711
1!
#6227035715
0!
#6227243723
1!
#6227348187
0!
#6227452191
1!
#6227660199
0!
#6227764203
1!
#6227868207
0!
#6227972211
1!
#6228180219
0!
#6228284223
1!
#6228388687
0!
#6228492691
1!
#6228908707
0!
#6229012711
1!
#6229220719
0!
#6229324723
1!
#6229429187
0!
#6229637195
1!
#6229949207
0!
#6230053211
1!
#6230261219
0!
#6230365223
1!
#6230469687
0!
#6230781699
1!
#6230885703
0!
#6231093711
1!
#6231301719
0!
#6231405723
1!
#6231510187
0!
#6231614191
1!
#6231718195
0!
#6231926203
1!
#6232030207
0!
#6232134211
1!
#6232342219
0!
#6232446223
1!
#6232557625
0!
#6232661629
1!
#6232869636
0!
#6233077644
1!
#6233389656
0!
#6233493660
1!
#6233598125
0!
#6233702129
1!
#6233806133
0!
#6234014140
1!
#6234118144
0!
#6234222148
1!
#6234430156
0!
#6234534160
1!
#6234638625
0!
#6235262648
1!
#6235366652
0!
#6235574660
1!
#6235679125
0!
#6235991136
1!
#6236095140
0!
#6236407152
1!
#6236511156
0!
#6236615160
1!
#6236719625
0!
#6236823629
1!
#6236927633
0!
#6237447652
1!
#6237551656
0!
#6237655660
1!
#6237760125
0!
#6237968133
1!
#6238072136
0!
#6238280144
1!
#6238384148
0!
#6238488152
1!
#6238592156
0!
#6238696160
1!
#6238807562
0!
#6238911566
1!
#6239015570
0!
#6239119574
1!
#6239223578
0!
#6239327582
1!
#6239431586
0!
#6239535590
1!
#6239639594
0!
#6239743598
1!
#6239848062
0!
#6240056070
1!
#6240160074
0!
#6240368082
1!
#6240472086
0!
#6240576090
1!
#6240680094
0!
#6240784098
1!
#6240888562
0!
#6240992566
1!
#6241096570
0!
#6241616590
1!
#6241720594
0!
#6241824598
1!
#6241929062
0!
#6242241074
1!
#6242345078
0!
#6242449082
1!
#6242553086
0!
#6242657090
1!
#6242761094
0!
#6242865098
1!
#6242969562
0!
#6243073566
1!
#6243177570
0!
#6243593586
1!
#6243697590
0!
#6243905598
1!
#6244010062
0!
#6244634086
1!
#6244738090
0!
#6244946098
1!
#6245057687
0!
#6245369699
1!
#6245473703
0!
#6245577707
1!
#6245681711
0!
#6245785715
1!
#6245889719
0!
#6245993723
1!
#6246098187
0!
#6246202191
1!
#6246618207
0!
#6246722211
1!
#6246930219
0!
#6247034223
1!
#6247138687
0!
#6247242691
1!
#6247346695
0!
#6247450699
1!
#6247658707
0!
#6247762711
1!
#6247970719
0!
#6248074723
1!
#6248179187
0!
#6248387195
1!
#6248491199
0!
#6248803211
1!
#6249011219
0!
#6249115223
1!
#6249219687
0!
#6249323691
1!
#6249739707
0!
#6249843711
1!
#6250051719
0!
#6250155723
1!
#6250260187
0!
#6250572199
1!
#6250780207
0!
#6250884211
1!
#6251092219
0!
#6251196223
1!
#6251307625
0!
#6251931648
1!
#6252035652
0!
#6252243660
1!
#6252348125
0!
#6252868144
1!
#6253180156
0!
#6253284160
1!
#6253388625
0!
#6253492629
1!
#6253596632
0!
#6254012648
1!
#6254220656
0!
#6254324660
1!
#6254429125
0!
#6254637132
1!
#6254949144
0!
#6255053148
1!
#6255261156
0!
#6255365160
1!
#6255469625
0!
#6255573629
1!
#6255677632
0!
#6255885640
1!
#6255989644
0!
#6256093648
1!
#6256301656
0!
#6256405660
1!
#6256510125
0!
#6256614129
1!
#6256822136
0!
#6257134148
1!
#6257342156
0!
#6257446160
1!
#6257557562
0!
#6258181586
1!
#6258285590
0!
#6258493598
1!
#6258598062
0!
#6258910074
1!
#6259014078
0!
#6259222086
1!
#6259430094
0!
#6259534098
1!
#6259638562
0!
#6259742566
1!
#6259846570
0!
#6260054578
1!
#6260158582
0!
#6260262586
1!
#6260470594
0!
#6260574598
1!
#6260679062
0!
#6260991074
1!
#6261095078
0!
#6261199082
1!
#6261511094
0!
#6261615098
1!
#6261719562
0!
#6261823566
1!
#6261927570
0!
#6262031574
1!
#6262135578
0!
#6262343586
1!
#6262551594
0!
#6262655598
1!
#6262760062
0!
#6262864066
1!
#6263072074
0!
#6263176078
1!
#6263280082
0!
#6263384086
1!
#6263592094
0!
#6263696098
1!
#6263807812
0!
#6263911816
1!
#6264015820
0!
#6264431836
1!
#6264639844
0!
#6264743848
1!
#6264848312
0!
#6265056320
1!
#6265368332
0!
#6265472336
1!
#6265680344
0!
#6265784348
1!
#6265888812
0!
#6266512836
1!
#6266616840
0!
#6266824848
1!
#6266929312
0!
#6267033316
1!
#6267137320
0!
#6267553336
1!
#6267761344
0!
#6267865348
1!
#6267969812
0!
#6268281824
1!
#6268385828
0!
#6268489832
1!
#6268801844
0!
#6268905848
1!
#6269010312
0!
#6269114316
1!
#6269218320
0!
#6269634336
1!
#6269842344
0!
#6269946348
1!
#6270057750
0!
#6270161754
1!
#6270265758
0!
#6270369761
1!
#6270473765
0!
#6270577769
1!
#6270889781
0!
#6270993785
1!
#6271098250
0!
#6271722273
1!
#6271826277
0!
#6272034285
1!
#6272138750
0!
#6272658769
1!
#6272970781
0!
#6273074785
1!
#6273179250
0!
#6273283254
1!
#6273387258
0!
#6273491261
1!
#6273595265
0!
#6273803273
1!
#6274011281
0!
#6274115285
1!
#6274219750
0!
#6274427758
1!
#6274739769
0!
#6274843773
1!
#6275051781
0!
#6275155785
1!
#6275260250
0!
#6275364253
1!
#6275676265
0!
#6275884273
1!
#6276092281
0!
#6276196285
1!
#6276307687
0!
#6276411691
1!
#6276723703
0!
#6276931711
1!
#6277139719
0!
#6277243723
1!
#6277348187
0!
#6277452191
1!
#6277556195
0!
#6277660199
1!
#6277764203
0!
#6277868207
1!
#6278180219
0!
#6278284223
1!
#6278388687
0!
#6278596695
1!
#6278908707
0!
#6279012711
1!
#6279220719
0!
#6279324723
1!
#6279429187
0!
#6279533191
1!
#6279637195
0!
#6280053211
1!
#6280261219
0!
#6280365223
1!
#6280469687
0!
#6281093711
1!
#6281197715
0!
#6281405723
1!
#6281510187
0!
#6281822199
1!
#6281926203
0!
#6282030207
1!
#6282342219
0!
#6282446223
1!
#6282557625
0!
#6282661629
1!
#6282765632
0!
#6282869636
1!
#6282973640
0!
#6283181648
1!
#6283389656
0!
#6283493660
1!
#6283597937
0!
#6283805945
1!
#6283909949
0!
#6284117957
1!
#6284429969
0!
#6284533973
1!
#6284638437
0!
#6284950449
1!
#6285054453
0!
#6285262461
1!
#6285470469
0!
#6285574473
1!
#6285678937
0!
#6285782941
1!
#6285886945
0!
#6285990949
1!
#6286094953
0!
#6286302961
1!
#6286510969
0!
#6286614973
1!
#6286719437
0!
#6287031449
1!
#6287135453
0!
#6287239457
1!
#6287551469
0!
#6287655473
1!
#6287759937
0!
#6287863941
1!
#6287967945
0!
#6288071949
1!
#6288175953
0!
#6288383961
1!
#6288591969
0!
#6288695973
1!
#6288807687
0!
#6288911691
1!
#6289119699
0!
#6289223703
1!
#6289327707
0!
#6289431711
1!
#6289639719
0!
#6289743723
1!
#6289848187
0!
#6289952191
1!
#6290160199
0!
#6290368207
1!
#6290680219
0!
#6290784223
1!
#6290888687
0!
#6290992691
1!
#6291096695
0!
#6291304703
1!
#6291408707
0!
#6291512711
1!
#6291720719
0!
#6291824723
1!
#6291929187
0!
#6292553211
1!
#6292657215
0!
#6292865223
1!
#6292969687
0!
#6293177695
1!
#6293281699
0!
#6293385703
1!
#6293489707
0!
#6293593711
1!
#6293801719
0!
#6293905723
1!
#6294010187
0!
#6294114191
1!
#6294218195
0!
#6294634211
1!
#6294842219
0!
#6294946223
1!
#6295057625
0!
#6295369636
1!
#6295473640
0!
#6295577644
1!
#6295889656
0!
#6295993660
1!
#6296098125
0!
#6296202129
1!
#6296306133
0!
#6296410136
1!
#6296514140
0!
#6296618144
1!
#6296930156
0!
#6297034160
1!
#6297138625
0!
#6297554640
1!
#6297658644
0!
#6297762648
1!
#6297970656
0!
#6298074660
1!
#6298179125
0!
#6298387132
1!
#6298699144
0!
#6298803148
1!
#6298907152
0!
#6299115160
1!
#6299219437
0!
#6299427445
1!
#6299531449
0!
#6299635453
1!
#6299843461
0!
#6300155473
1!
#8649834687
0!
#8649938691
1!
#8650042695
0!
#8650562715
1!
#8650666719
0!
#8650770723
1!
#8650875187
0!
#8651187199
1!
#8651291203
0!
#8651395207
1!
#8651499211
0!
#8651603215
1!
#8651707219
0!
#8651811223
1!
#8651920125
0!
#8652024129
1!
#8652232137
0!
#8652336141
1!
#8652440145
0!
#8652544149
1!
#8652648153
0!
#8652856161
1!
#8652960625
0!
#8653064629
1!
#8653272637
0!
#8653688653
1!
#8653792657
0!
#8653896661
1!
#8654001125
0!
#8654105129
1!
#8654209133
0!
#8654313137
1!
#8654521145
0!
#8654729153
1!
#8654833157
0!
#8654937161
1!
#8655041625
0!
#8655145629
1!
#8655457641
0!
#8655769653
1!
#8655873657
0!
#8655977661
1!
#8656082125
0!
#8656186129
1!
#8656394137
0!
#8656602145
1!
#8656706149
0!
#8656810153
1!
#8656914157
0!
#8657018161
1!
#8657122625
0!
#8657226629
1!
#8657330633
0!
#8657434637
1!
#8657850653
0!
#8658058661
1!
#8658170062
0!
#8658378070
1!
#8658482074
0!
#8658794086
1!
#8658898090
0!
#8659106098
1!
#8659210562
0!
#8659314566
1!
#8659522574
0!
#8659626578
1!
#8659730582
0!
#8659834586
1!
#8659938590
0!
#8660146598
1!
#8660251062
0!
#8660459070
1!
#8660667078
0!
#8660771082
1!
#8660979090
0!
#8661187098
1!
#8661291562
0!
#8661499570
1!
#8661603574
0!
#8661811582
1!
#8662019590
0!
#8662227598
1!
#8662332062
0!
#8662748078
1!
#8663060090
0!
#8663268098
1!
#8663372375
0!
#8663476379
1!
#8663580383
0!
#8663892395
1!
#8664100403
0!
#8664308411
1!
#8664420125
0!
#8664628133
1!
#8664732137
0!
#8664940145
1!
#8665148153
0!
#8665356161
1!
#8665460625
0!
#8665564629
1!
#8665772637
0!
#8665980645
1!
#8666188653
0!
#8666396661
1!
#8666501125
0!
#8666813137
1!
#8666917141
0!
#8667021145
1!
#8667229153
0!
#8667437161
1!
#8667541625
0!
#8667645629
1!
#8667749633
0!
#8667853637
1!
#8667957641
0!
#8668061645
1!
#8668269653
0!
#8668477661
1!
#8668582125
0!
#8668790133
1!
#8668998141
0!
#8669102145
1!
#8669310153
0!
#8669518161
1!
#8669622625
0!
#8669726629
1!
#8670038641
0!
#8670142645
1!
#8670350653
0!
#8670558661
1!
#8670670062
0!
#8671086078
1!
#8671398090
0!
#8671606098
1!
#8671710562
0!
#8671814566
1!
#8671918570
0!
#8672126578
1!
#8672438590
0!
#8672646598
1!
#8672751062
0!
#8673271082
1!
#8673479090
0!
#8673687098
1!
#8673791562
0!
#8673999570
1!
#8674103574
0!
#8674415586
1!
#8674519590
0!
#8674727598
1!
#8674832062
0!
#8674936066
1!
#8675040070
0!
#8675144074
1!
#8675352082
0!
#8675768098
1!
#8675872562
0!
#8676080570
1!
#8676184574
0!
#8676288578
1!
#8676392582
0!
#8676808598
1!
#9712068437
0!
#9712588457
1!
#9712692461
0!
#9712796465
1!
#9712900469
0!
#9713004473
1!
#9713108937
0!
#9713212941
1!
#9713316945
0!
#9713420949
1!
#9713524953
0!
#9713732961
1!
#9713940969
0!
#9714044973
1!
#9714149437
0!
#9714357445
1!
#9714461449
0!
#9714669457
1!
#9714981469
0!
#9715085473
1!
#9715189687
0!
#9715293691
1!
#9715397695
0!
#9715605703
1!
#9715709707
0!
#9715813711
1!
#9716021719
0!
#9716125723
1!
#9716230187
0!
#9716438195
1!
#9716750207
0!
#9716854211
1!
#9717062219
0!
#9717166223
1!
#9717270687
0!
#9717374691
1!
#9717686703
0!
#9717894711
1!
#9718102719
0!
#9718206723
1!
#9718311187
0!
#9718415191
1!
#9718519195
0!
#9718935211
1!
#9719143219
0!
#9719247223
1!
#9719351687
0!
#9719663699
1!
#9719767703
0!
#9719871707
1!
#9720183719
0!
#9720287723
1!
#9720392187
0!
#9720496191
1!
#9720600195
0!
#9721016211
1!
#9721224219
0!
#9721328223
1!
#9721432437
0!
#9721640445
1!
#9721952457
0!
#9722056461
1!
#9722264469
0!
#9722368473
1!
#9722472937
0!
#9723096961
1!
#9723200965
0!
#9723408973
1!
#9723513437
0!
#9723617441
1!
#9723825449
0!
#9724033457
1!
#9724137461
0!
#9724241465
1!
#9724345469
0!
#9724449473
1!
#9724553937
0!
#9724657941
1!
#9724761945
0!
#9724865949
1!
#9725073957
0!
#9725177961
1!
#9725281965
0!
#9725489973
1!
#9725594437
0!
#9725698441
1!
#9725906449
0!
#9726322465
1!
#9726426469
0!
#9726530473
1!
#9726634937
0!
#9726738941
1!
#9726842945
0!
#9727362965
1!
#9727466969
0!
#9727570973
1!
#9727675187
0!
#9727883195
1!
#9728195207
0!
#9728403215
1!
#9728507219
0!
#9728611223
1!
#9728715687
0!
#9728819691
1!
#9728923695
0!
#9729027699
1!
#9729131703
0!
#9729443715
1!
#9729547719
0!
#9729651723
1!
#9729756187
0!
#9729964195
1!
#9730068199
0!
#9730172203
1!
#9730484215
0!
#9730692223
1!
#9730796687
0!
#9731420711
1!
#9731524715
0!
#9731732723
1!
#9731837187
0!
#9732357207
1!
#9732461211
0!
#9732565215
1!
#9732669219
0!
#9732773223
1!
#9732877687
0!
#9732981691
1!
#9733085695
0!
#9733189699
1!
#9733293703
0!
#9733501711
1!
#9733709719
0!
#9733813723
1!
#9733920125
0!
#9734128133
1!
#9734440145
0!
#9734544149
1!
#9734752157
0!
#9734856161
1!
#9734960625
0!
#9735064629
1!
#9735376641
0!
#9735584649
1!
#9735792657
0!
#9735896661
1!
#9736001125
0!
#9736105129
1!
#9736417141
0!
#9736625149
1!
#9736833157
0!
#9736937161
1!
#9737041625
0!
#9737145629
1!
#9737249633
0!
#9737353637
1!
#9737457641
0!
#9737561645
1!
#9737873657
0!
#9737977661
1!
#9738082125
0!
#9738290133
1!
#9738602145
0!
#9738706149
1!
#9738914157
0!
#9739018161
1!
#9739122625
0!
#9739226629
1!
#9739330633
0!
#9739746649
1!
#9739954657
0!
#9740058661
1!
#9740170062
0!
#9740794086
1!
#9740898090
0!
#9741106098
1!
#9741210562
0!
#9741522574
1!
#9741626578
0!
#9741834586
1!
#9742042594
0!
#9742146598
1!
#9742251062
0!
#9742355066
1!
#9742459070
0!
#9742875086
1!
#9743083094
0!
#9743187098
1!
#9743291562
0!
#9743603574
1!
#9743811582
0!
#9743915586
1!
#9744123594
0!
#9744227598
1!
#9744332062
0!
#9744436066
1!
#9744540070
0!
#9744956086
1!
#9745164094
0!
#9745268098
1!
#9745372562
0!
#9745476566
1!
#9745580570
0!
#9745684574
1!
#9745892582
0!
#9745996586
1!
#9746204594
0!
#9746308598
1!
#9746420000
0!
#9747044024
1!
#9747148028
0!
#9747356036
1!
#9747460500
0!
#9747564504
1!
#9747772512
0!
#9747876516
1!
#9747980520
0!
#9748084524
1!
#9748292532
0!
#9748396536
1!
#9748501000
0!
#9748605004
1!
#9749021020
0!
#9749125024
1!
#9749333032
0!
#9749437036
1!
#9749541500
0!
#9749749508
1!
#9750061520
0!
#9750165524
1!
#9750373532
0!
#9750477536
1!
#9750582000
0!
#9750894012
1!
#9750998016
0!
#9751206024
1!
#9751414032
0!
#9751518036
1!
#9751622500
0!
#9751726504
1!
#9751830508
0!
#9752038516
1!
#9752142520
0!
#9752246524
1!
#9752454532
0!
#9752558536
1!
#9752670250
0!
#9752774254
1!
#9752982262
0!
#9753190270
1!
#9753502282
0!
#9753606286
1!
#9753710750
0!
#9753814754
1!
#9753918758
0!
#9754126766
1!
#9754230770
0!
#9754334774
1!
#9754542782
0!
#9754646786
1!
#9754751250
0!
#9755375274
1!
#9755479278
0!
#9755687286
1!
#9755791750
0!
#9756103762
1!
#9756207766
0!
#9756519778
1!
#9756623782
0!
#9756727786
1!
#9756832250
0!
#9756936254
1!
#9757040258
0!
#9757560278
1!
#9757664282
0!
#9757768286
1!
#9757872750
0!
#9758080758
1!
#9758184762
0!
#9758392770
1!
#9758496774
0!
#9758600778
1!
#9758704782
0!
#9758808786
1!
#9758920187
0!
#9759024191
1!
#9759128195
0!
#9759232199
1!
#9759336203
0!
#9759440207
1!
#9759544211
0!
#9759648215
1!
#9759752219
0!
#9759856223
1!
#9759960687
0!
#9760168695
1!
#9760272699
0!
#9760480707
1!
#9760584711
0!
#9760688715
1!
#9760792719
0!
#9760896723
1!
#9761001187
0!
#9761105191
1!
#9761209195
0!
#9761729215
1!
#9761833219
0!
#9761937223
1!
#9762041687
0!
#9762353699
1!
#9762457703
0!
#9762561707
1!
#9762665711
0!
#9762769715
1!
#9762873719
0!
#9762977723
1!
#9763082187
0!
#9763186191
1!
#9763290195
0!
#9763706211
1!
#9763810215
0!
#9764018223
1!
#9764122687
0!
#9764746711
1!
#9764850715
0!
#9765058723
1!
#9765170000
0!
#9765482012
1!
#9765586016
0!
#9765690020
1!
#9765794024
0!
#9765898028
1!
#9766002032
0!
#9766106036
1!
#9766212187
0!
#9766316191
1!
#9766732207
0!
#9766836211
1!
#9767044219
0!
#9767148223
1!
#9767252687
0!
#9767356691
1!
#9767460695
0!
#9767564699
1!
#9767772707
0!
#9767876711
1!
#9768084719
0!
#9768188723
1!
#9768293187
0!
#9768501195
1!
#9768605199
0!
#9768917211
1!
#9769125219
0!
#9769229223
1!
#9769333687
0!
#9769437691
1!
#9769853707
0!
#9769957711
1!
#9770165719
0!
#9770269723
1!
#9770374187
0!
#9770686199
1!
#9770894207
0!
#9770998211
1!
#9771206219
0!
#9771310223
1!
#9771420062
0!
#9772044086
1!
#9772148090
0!
#9772356098
1!
#9772460562
0!
#9772980582
1!
#9773292594
0!
#9773396598
1!
#9773501062
0!
#9773605066
1!
#9773709070
0!
#9774125086
1!
#9774333094
0!
#9774437098
1!
#9774541562
0!
#9774749570
1!
#9775061582
0!
#9775165586
1!
#9775373594
0!
#9775477598
1!
#9775582062
0!
#9775686066
1!
#9775790070
0!
#9775998078
1!
#9776102082
0!
#9776206086
1!
#9776414094
0!
#9776518098
1!
#9776622562
0!
#9776726566
1!
#9776934574
0!
#9777246586
1!
#9777454594
0!
#9777558598
1!
#9777670000
0!
#9778294024
1!
#9778398028
0!
#9778606036
1!
#9778710500
0!
#9779022512
1!
#9779126516
0!
#9779334524
1!
#9779542532
0!
#9779646536
1!
#9779751000
0!
#9779855004
1!
#9779959008
0!
#9780167016
1!
#9780271020
0!
#9780375024
1!
#9780583032
0!
#9780687036
1!
#9780791500
0!
#9781103512
1!
#9781207516
0!
#9781311520
1!
#9781623532
0!
#9781727536
1!
#9781832000
0!
#9781936004
1!
#9782040008
0!
#9782144012
1!
#9782248016
0!
#9782456024
1!
#9782664032
0!
#9782768036
1!
#9782872500
0!
#9782976504
1!
#9783184512
0!
#9783288516
1!
#9783392520
0!
#9783496524
1!
#9783704532
0!
#9783808536
1!
#9783920250
0!
#9784024254
1!
#9784128258
0!
#9784544274
1!
#9784752282
0!
#9784856286
1!
#9784960750
0!
#9785168758
1!
#9785480770
0!
#9785584774
1!
#9785792782
0!
#9785896786
1!
#9786001250
0!
#9786625274
1!
#9786729278
0!
#9786937286
1!
#9787041750
0!
#9787145754
1!
#9787249758
0!
#9787665774
1!
#9787873782
0!
#9787977786
1!
#9788082250
0!
#9788394262
1!
#9788498266
0!
#9788602270
1!
#9788914282
0!
#9789018286
1!
#9789122750
0!
#9789226754
1!
#9789330758
0!
#9789746774
1!
#9789954782
0!
#9790058786
1!
#9790170187
0!
#9790274191
1!
#9790378195
0!
#9790482199
1!
#9790586203
0!
#9790690207
1!
#9791002219
0!
#9791106223
1!
#9791210687
0!
#9791834711
1!
#9791938715
0!
#9792146723
1!
#9792251187
0!
#9792771207
1!
#9793083219
0!
#9793187223
1!
#9793291687
0!
#9793395691
1!
#9793499695
0!
#9793603699
1!
#9793707703
0!
#9793915711
1!
#9794123719
0!
#9794227723
1!
#9794332187
0!
#9794540195
1!
#9794852207
0!
#9794956211
1!
#9795164219
0!
#9795268223
1!
#9795372687
0!
#9795476691
1!
#9795788703
0!
#9795996711
1!
#9796204719
0!
#9796308723
1!
#9796420125
0!
#9796524129
1!
#9796836141
0!
#9797044149
1!
#9797252157
0!
#9797356161
1!
#9797460625
0!
#9797564629
1!
#9797668633
0!
#9797772637
1!
#9797876641
0!
#9797980645
1!
#9798292657
0!
#9798396661
1!
#9798501125
0!
#9798709133
1!
#9799021145
0!
#9799125149
1!
#9799333157
0!
#9799437161
1!
#9799541625
0!
#9799645629
1!
#9799749633
0!
#9800165649
1!
#9800373657
0!
#9800477661
1!
#9800582125
0!
#9801206149
1!
#9801310153
0!
#9801518161
1!
#9801622625
0!
#9801934637
1!
#9802038641
0!
#9802142645
1!
#9802454657
0!
#9802558661
1!
#9802670062
0!
#9802774066
1!
#9802878070
0!
#9802982074
1!
#9803086078
0!
#9803294086
1!
#9803502094
0!
#9803606098
1!
#9803710562
0!
#9803918570
1!
#9804022574
0!
#9804230582
1!
#9804542594
0!
#9804646598
1!
#9804751062
0!
#9805063074
1!
#9805167078
0!
#9805375086
1!
#9805583094
0!
#9805687098
1!
#9805791562
0!
#9805895566
1!
#9805999570
0!
#9806103574
1!
#9806207578
0!
#9806415586
1!
#9806623594
0!
#9806727598
1!
#9806832062
0!
#9807144074
1!
#9807248078
0!
#9807352082
1!
#9807664094
0!
#9807768098
1!
#9807872562
0!
#9807976566
1!
#9808080570
0!
#9808184574
1!
#9808288578
0!
#9808496586
1!
#9808704594
0!
#9808808598
1!
#9808920000
0!
#9809024004
1!
#9809232012
0!
#9809336016
1!
#9809440020
0!
#9809544024
1!
#9809752032
0!
#9809856036
1!
#9809960500
0!
#9810064504
1!
#9810272512
0!
#9810480520
1!
#9810792532
0!
#9810896536
1!
#9811001000
0!
#9811105004
1!
#9811209008
0!
#9811417016
1!
#9811521020
0!
#9811625024
1!
#9811833032
0!
#9811937036
1!
#9812041500
0!
#9812665524
1!
#9812769528
0!
#9812977536
1!
#9813082000
0!
#9813290008
1!
#9813394012
0!
#9813498016
1!
#9813602020
0!
#9813706024
1!
#9813914032
0!
#9814018036
1!
#9814122500
0!
#9814226504
1!
#9814330508
0!
#9814746524
1!
#9814954532
0!
#9815058536
1!
#9815170250
0!
#9815482262
1!
#9815586266
0!
#9815690270
1!
#9816002282
0!
#9816106286
1!
#9816210750
0!
#9816314754
1!
#9816418758
0!
#9816522762
1!
#9816626766
0!
#9816730770
1!
#9817042782
0!
#9817146786
1!
#9817251250
0!
#9817667266
1!
#9817771270
0!
#9817875274
1!
#9818083282
0!
#9818187286
1!
#9818291750
0!
#9818499758
1!
#9818811770
0!
#9818915774
1!
#9819019778
0!
#9819227786
1!
#9819332062
0!
#9819540070
1!
#9819644074
0!
#9819748078
1!
#9819956086
0!
#9820268098
1!
#12169945750
0!
#12170049754
1!
#12170153758
0!
#12170673778
1!
#12170777782
0!
#12170881786
1!
#12170986250
0!
#12171298262
1!
#12171402266
0!
#12171506270
1!
#12171610274
0!
#12171714278
1!
#12171818282
0!
#12171922286
1!
#12172031500
0!
#12172135504
1!
#12172343512
0!
#12172447516
1!
#12172551520
0!
#12172655524
1!
#12172759528
0!
#12172967536
1!
#12173072000
0!
#12173176004
1!
#12173384012
0!
#12173800028
1!
#12173904032
0!
#12174008036
1!
#12174112500
0!
#12174216504
1!
#12174320508
0!
#12174424512
1!
#12174632520
0!
#12174840528
1!
#12174944532
0!
#12175048536
1!
#12175153000
0!
#12175257004
1!
#12175569016
0!
#12175881028
1!
#12175985032
0!
#12176089036
1!
#12176193500
0!
#12176297504
1!
#12176505512
0!
#12176713520
1!
#12176817524
0!
#12176921528
1!
#12177025532
0!
#12177129536
1!
#12177234000
0!
#12177338004
1!
#12177442008
0!
#12177546012
1!
#12177962028
0!
#12178170036
1!
#12178281437
0!
#12178489445
1!
#12178593449
0!
#12178905461
1!
#12179009465
0!
#12179217473
1!
#12179321937
0!
#12179425941
1!
#12179633949
0!
#12179737953
1!
#12179841957
0!
#12179945961
1!
#12180049965
0!
#12180257973
1!
#12180362437
0!
#12180570445
1!
#12180778453
0!
#12180882457
1!
#12181090465
0!
#12181298473
1!
#12181402937
0!
#12181610945
1!
#12181714949
0!
#12181922957
1!
#12182130965
0!
#12182338973
1!
#12182443437
0!
#12182859453
1!
#12183171465
0!
#12183379473
1!
#12183483937
0!
#12183587941
1!
#12183691945
0!
#12184003957
1!
#12184211965
0!
#12184419973
1!
#12184531375
0!
#12184739383
1!
#12184843387
0!
#12185051395
1!
#12185259403
0!
#12185467411
1!
#12185571875
0!
#12185675879
1!
#12185883887
0!
#12186091895
1!
#12186299903
0!
#12186507911
1!
#12186612375
0!
#12186924387
1!
#12187028391
0!
#12187132395
1!
#12187340403
0!
#12187548411
1!
#12187652875
0!
#12187756879
1!
#12187860883
0!
#12187964887
1!
#12188068891
0!
#12188172895
1!
#12188380903
0!
#12188588911
1!
#12188693375
0!
#12188901383
1!
#12189109391
0!
#12189213395
1!
#12189421403
0!
#12189629411
1!
#12189733875
0!
#12189837879
1!
#12190149891
0!
#12190253895
1!
#12190461903
0!
#12190669911
1!
#12190781312
0!
#12191197328
1!
#12191509340
0!
#12191717348
1!
#12191821812
0!
#12191925816
1!
#12192029820
0!
#12192237828
1!
#12192549840
0!
#12192757848
1!
#12192862312
0!
#12193382332
1!
#12193590340
0!
#12193798348
1!
#12193902812
0!
#12194110820
1!
#12194214824
0!
#12194526836
1!
#12194630840
0!
#12194838848
1!
#12194943312
0!
#12195047316
1!
#12195151320
0!
#12195255324
1!
#12195463332
0!
#12195879348
1!
#12195983812
0!
#12196191820
1!
#12196295824
0!
#12196399828
1!
#12196503832
0!
#12196919848
1!
#13232180000
0!
#13232700020
1!
#13232804024
0!
#13232908028
1!
#13233012032
0!
#13233116036
1!
#13233220500
0!
#13233324504
1!
#13233428508
0!
#13233532512
1!
#13233636516
0!
#13233844524
1!
#13234052532
0!
#13234156536
1!
#13234261000
0!
#13234469008
1!
#13234573012
0!
#13234781020
1!
#13235093032
0!
#13235197036
1!
#13235301250
0!
#13235405254
1!
#13235509258
0!
#13235717266
1!
#13235821270
0!
#13235925274
1!
#13236133282
0!
#13236237286
1!
#13236341750
0!
#13236549758
1!
#13236861770
0!
#13236965774
1!
#13237173782
0!
#13237277786
1!
#13237382250
0!
#13237486254
1!
#13237798266
0!
#13238006274
1!
#13238214282
0!
#13238318286
1!
#13238422750
0!
#13238526754
1!
#13238630758
0!
#13239046774
1!
#13239254782
0!
#13239358786
1!
#13239463250
0!
#13239775262
1!
#13239879266
0!
#13239983270
1!
#13240295282
0!
#13240399286
1!
#13240503750
0!
#13240607754
1!
#13240711758
0!
#13241127774
1!
#13241335782
0!
#13241439786
1!
#13241544000
0!
#13241752008
1!
#13242064020
0!
#13242168024
1!
#13242376032
0!
#13242480036
1!
#13242584500
0!
#13243208524
1!
#13243312528
0!
#13243520536
1!
#13243625000
0!
#13243729004
1!
#13243937012
0!
#13244145020
1!
#13244249024
0!
#13244353028
1!
#13244457032
0!
#13244561036
1!
#13244665500
0!
#13244769504
1!
#13244873508
0!
#13244977512
1!
#13245185520
0!
#13245289524
1!
#13245393528
0!
#13245601536
1!
#13245706000
0!
#13245810004
1!
#13246018012
0!
#13246434028
1!
#13246538032
0!
#13246642036
1!
#13246746500
0!
#13246850504
1!
#13246954508
0!
#13247474528
1!
#13247578532
0!
#13247682536
1!
#13247786750
0!
#13247994758
1!
#13248306770
0!
#13248514778
1!
#13248618782
0!
#13248722786
1!
#13248827250
0!
#13248931254
1!
#13249035258
0!
#13249139262
1!
#13249243266
0!
#13249555278
1!
#13249659282
0!
#13249763286
1!
#13249867562
0!
#13250075570
1!
#13250179574
0!
#13250283578
1!
#13250595590
0!
#13250803598
1!
#13250908062
0!
#13251532086
1!
#13251636090
0!
#13251844098
1!
#13251948562
0!
#13252468582
1!
#13252572586
0!
#13252676590
1!
#13252780594
0!
#13252884598
1!
#13252989062
0!
#13253093066
1!
#13253197070
0!
#13253301074
1!
#13253405078
0!
#13253613086
1!
#13253821094
0!
#13253925098
1!
#13254031500
0!
#13254239508
1!
#13254551520
0!
#13254655524
1!
#13254863532
0!
#13254967536
1!
#13255072000
0!
#13255176004
1!
#13255488016
0!
#13255696024
1!
#13255904032
0!
#13256008036
1!
#13256112500
0!
#13256216504
1!
#13256528516
0!
#13256736524
1!
#13256944532
0!
#13257048536
1!
#13257153000
0!
#13257257004
1!
#13257361008
0!
#13257465012
1!
#13257569016
0!
#13257673020
1!
#13257985032
0!
#13258089036
1!
#13258193500
0!
#13258401508
1!
#13258713520
0!
#13258817524
1!
#13259025532
0!
#13259129536
1!
#13259234000
0!
#13259338004
1!
#13259442008
0!
#13259858024
1!
#13260066032
0!
#13260170036
1!
#13260281437
0!
#13260905461
1!
#13261009465
0!
#13261217473
1!
#13261321937
0!
#13261633949
1!
#13261737953
0!
#13261945961
1!
#13262153969
0!
#13262257973
1!
#13262362437
0!
#13262466441
1!
#13262570445
0!
#13262986461
1!
#13263194469
0!
#13263298473
1!
#13263402937
0!
#13263714949
1!
#13263922957
0!
#13264026961
1!
#13264234969
0!
#13264338973
1!
#13264443437
0!
#13264547441
1!
#13264651445
0!
#13265067461
1!
#13265275469
0!
#13265379473
1!
#13265483937
0!
#13265587941
1!
#13265691945
0!
#13265795949
1!
#13266003957
0!
#13266107961
1!
#13266315969
0!
#13266419973
1!
#13266531375
0!
#13267155399
1!
#13267259403
0!
#13267467411
1!
#13267571875
0!
#13267675879
1!
#13267883887
0!
#13267987891
1!
#13268091895
0!
#13268195899
1!
#13268403907
0!
#13268507911
1!
#13268612375
0!
#13268716379
1!
#13269132395
0!
#13269236399
1!
#13269444407
0!
#13269548411
1!
#13269652875
0!
#13269860883
1!
#13270172895
0!
#13270276899
1!
#13270484907
0!
#13270588911
1!
#13270693375
0!
#13271005387
1!
#13271109391
0!
#13271317399
1!
#13271525407
0!
#13271629411
1!
#13271733875
0!
#13271837879
1!
#13271941883
0!
#13272149891
1!
#13272253895
0!
#13272357899
1!
#13272565907
0!
#13272669911
1!
#13272781312
0!
#13272885316
1!
#13273093324
0!
#13273301332
1!
#13273613344
0!
#13273717348
1!
#13273821812
0!
#13273925816
1!
#13274029820
0!
#13274237828
1!
#13274341832
0!
#13274445836
1!
#13274653844
0!
#13274757848
1!
#13274862312
0!
#13275486336
1!
#13275590340
0!
#13275798348
1!
#13275902812
0!
#13276214824
1!
#13276318828
0!
#13276630840
1!
#13276734844
0!
#13276838848
1!
#13276943312
0!
#13277047316
1!
#13277151320
0!
#13277671340
1!
#13277775344
0!
#13277879348
1!
#13277983812
0!
#13278191820
1!
#13278295824
0!
#13278503832
1!
#13278607836
0!
#13278711840
1!
#13278815844
0!
#13278919848
1!
#13279031250
0!
#13279135254
1!
#13279239258
0!
#13279343262
1!
#13279447266
0!
#13279551270
1!
#13279655274
0!
#13279759278
1!
#13279863282
0!
#13279967286
1!
#13280071750
0!
#13280279758
1!
#13280383762
0!
#13280591770
1!
#13280695774
0!
#13280799778
1!
#13280903782
0!
#13281007786
1!
#13281112250
0!
#13281216254
1!
#13281320258
0!
#13281840278
1!
#13281944282
0!
#13282048286
1!
#13282152750
0!
#13282464762
1!
#13282568766
0!
#13282672770
1!
#13282776774
0!
#13282880778
1!
#13282984782
0!
#13283088786
1!
#13283193250
0!
#13283297254
1!
#13283401258
0!
#13283817274
1!
#13283921278
0!
#13284129286
1!
#13284233750
0!
#13284857774
1!
#13284961778
0!
#13285169786
1!
#13285281375
0!
#13285593387
1!
#13285697391
0!
#13285801395
1!
#13285905399
0!
#13286009403
1!
#13286113407
0!
#13286217411
1!
#13286321875
0!
#13286425879
1!
#13286841895
0!
#13286945899
1!
#13287153907
0!
#13287257911
1!
#13287362375
0!
#13287466379
1!
#13287570383
0!
#13287674387
1!
#13287882395
0!
#13287986399
1!
#13288194407
0!
#13288298411
1!
#13288402875
0!
#13288610883
1!
#13288714887
0!
#13289026899
1!
#13289234907
0!
#13289338911
1!
#13289443375
0!
#13289547379
1!
#13289963395
0!
#13290067399
1!
#13290275407
0!
#13290379411
1!
#13290483875
0!
#13290795887
1!
#13291003895
0!
#13291107899
1!
#13291315907
0!
#13291419911
1!
#13291531312
0!
#13292155336
1!
#13292259340
0!
#13292467348
1!
#13292571812
0!
#13293091832
1!
#13293403844
0!
#13293507848
1!
#13293612312
0!
#13293716316
1!
#13293820320
0!
#13294236336
1!
#13294444344
0!
#13294548348
1!
#13294652812
0!
#13294860820
1!
#13295172832
0!
#13295276836
1!
#13295484844
0!
#13295588848
1!
#13295693312
0!
#13295797316
1!
#13295901320
0!
#13296109328
1!
#13296213332
0!
#13296317336
1!
#13296525344
0!
#13296629348
1!
#13296733812
0!
#13296837816
1!
#13297045824
0!
#13297357836
1!
#13297565844
0!
#13297669848
1!
#13297781250
0!
#13298405274
1!
#13298509278
0!
#13298717286
1!
#13298821750
0!
#13299133762
1!
#13299237766
0!
#13299445774
1!
#13299653782
0!
#13299757786
1!
#13299862250
0!
#13299966254
1!
#13300070258
0!
#13300278266
1!
#13300382270
0!
#13300486274
1!
#13300694282
0!
#13300798286
1!
#13300902750
0!
#13301214762
1!
#13301318766
0!
#13301422770
1!
#13301734782
0!
#13301838786
1!
#13301943250
0!
#13302047254
1!
#13302151258
0!
#13302255262
1!
#13302359266
0!
#13302567274
1!
#13302775282
0!
#13302879286
1!
#13302983750
0!
#13303087754
1!
#13303295762
0!
#13303399766
1!
#13303503770
0!
#13303607774
1!
#13303815782
0!
#13303919786
1!
#13304031500
0!
#13304135504
1!
#13304239508
0!
#13304655524
1!
#13304863532
0!
#13304967536
1!
#13305072000
0!
#13305280008
1!
#13305592020
0!
#13305696024
1!
#13305904032
0!
#13306008036
1!
#13306112500
0!
#13306736524
1!
#13306840528
0!
#13307048536
1!
#13307153000
0!
#13307257004
1!
#13307361008
0!
#13307777024
1!
#13307985032
0!
#13308089036
1!
#13308193500
0!
#13308505512
1!
#13308609516
0!
#13308713520
1!
#13309025532
0!
#13309129536
1!
#13309234000
0!
#13309338004
1!
#13309442008
0!
#13309858024
1!
#13310066032
0!
#13310170036
1!
#13310283437
0!
#13310387441
1!
#13310491445
0!
#13310595449
1!
#13310699453
0!
#13310803457
1!
#13311115469
0!
#13311219473
1!
#13311323937
0!
#13311947961
1!
#13312051965
0!
#13312259973
1!
#13312364437
0!
#13312884457
1!
#13313196469
0!
#13313300473
1!
#13313404937
0!
#13313508941
1!
#13313612945
0!
#13313716949
1!
#13313820953
0!
#13314028961
1!
#13314236969
0!
#13314340973
1!
#13314445437
0!
#13314653445
1!
#13314965457
0!
#13315069461
1!
#13315277469
0!
#13315381473
1!
#13315485937
0!
#13315589941
1!
#13315901953
0!
#13316109961
1!
#13316317969
0!
#13316421973
1!
#13316531500
0!
#13316635504
1!
#13316947516
0!
#13317155524
1!
#13317363532
0!
#13317467536
1!
#13317572000
0!
#13317676004
1!
#13317780008
0!
#13317884012
1!
#13317988016
0!
#13318092020
1!
#13318404032
0!
#13318508036
1!
#13318612500
0!
#13318820508
1!
#13319132520
0!
#13319236524
1!
#13319444532
0!
#13319548536
1!
#13319653000
0!
#13319757004
1!
#13319861008
0!
#13320277024
1!
#13320485032
0!
#13320589036
1!
#13320693500
0!
#13321317524
1!
#13321421528
0!
#13321629536
1!
#13321734000
0!
#13322046012
1!
#13322150016
0!
#13322254020
1!
#13322566032
0!
#13322670036
1!
#13322781437
0!
#13322885441
1!
#13322989445
0!
#13323093449
1!
#13323197453
0!
#13323405461
1!
#13323613469
0!
#13323717473
1!
#13323821937
0!
#13324029945
1!
#13324133949
0!
#13324341957
1!
#13324653969
0!
#13324757973
1!
#13324862437
0!
#13325174449
1!
#13325278453
0!
#13325486461
1!
#13325694469
0!
#13325798473
1!
#13325902937
0!
#13326006941
1!
#13326110945
0!
#13326214949
1!
#13326318953
0!
#13326526961
1!
#13326734969
0!
#13326838973
1!
#13326943437
0!
#13327255449
1!
#13327359453
0!
#13327463457
1!
#13327775469
0!
#13327879473
1!
#13327983937
0!
#13328087941
1!
#13328191945
0!
#13328295949
1!
#13328399953
0!
#13328607961
1!
#13328815969
0!
#13328919973
1!
#13329031375
0!
#13329135379
1!
#13329343387
0!
#13329447391
1!
#13329551395
0!
#13329655399
1!
#13329863407
0!
#13329967411
1!
#13330071875
0!
#13330175879
1!
#13330383887
0!
#13330591895
1!
#13330903907
0!
#13331007911
1!
#13331112375
0!
#13331216379
1!
#13331320383
0!
#13331528391
1!
#13331632395
0!
#13331736399
1!
#13331944407
0!
#13332048411
1!
#13332152875
0!
#13332776899
1!
#13332880903
0!
#13333088911
1!
#13333193375
0!
#13333401383
1!
#13333505387
0!
#13333609391
1!
#13333713395
0!
#13333817399
1!
#13334025407
0!
#13334129411
1!
#13334233875
0!
#13334337879
1!
#13334441883
0!
#13334857899
1!
#13335065907
0!
#13335169911
1!
#13335281312
0!
#13335593324
1!
#13335697328
0!
#13335801332
1!
#13336113344
0!
#13336217348
1!
#13336321812
0!
#13336425816
1!
#13336529820
0!
#13336633824
1!
#13336737828
0!
#13336841832
1!
#13337153844
0!
#13337257848
1!
#13337362312
0!
#13337778328
1!
#13337882332
0!
#13337986336
1!
#13338194344
0!
#13338298348
1!
#13338402812
0!
#13338610820
1!
#13338922832
0!
#13339026836
1!
#13339130840
0!
#13339338848
1!
#13339443125
0!
#13339651133
1!
#13339755137
0!
#13339859141
1!
#13340067149
0!
#13340379161
1!
#15690064375
0!
#15690168379
1!
#15690272383
0!
#15690792403
1!
#15690896407
0!
#15691000411
1!
#15691104875
0!
#15691416887
1!
#15691520891
0!
#15691624895
1!
#15691728899
0!
#15691832903
1!
#15691936907
0!
#15692040911
1!
#15692150125
0!
#15692254129
1!
#15692462137
0!
#15692566141
1!
#15692670145
0!
#15692774149
1!
#15692878153
0!
#15693086161
1!
#15693190625
0!
#15693294629
1!
#15693502637
0!
#15693918653
1!
#15694022657
0!
#15694126661
1!
#15694231125
0!
#15694335129
1!
#15694439133
0!
#15694543137
1!
#15694751145
0!
#15694959153
1!
#15695063157
0!
#15695167161
1!
#15695271625
0!
#15695375629
1!
#15695687641
0!
#15695999653
1!
#15696103657
0!
#15696207661
1!
#15696312125
0!
#15696416129
1!
#15696624137
0!
#15696832145
1!
#15696936149
0!
#15697040153
1!
#15697144157
0!
#15697248161
1!
#15697352625
0!
#15697456629
1!
#15697560633
0!
#15697664637
1!
#15698080653
0!
#15698288661
1!
#15698400062
0!
#15698608070
1!
#15698712074
0!
#15699024086
1!
#15699128090
0!
#15699336098
1!
#15699440562
0!
#15699544566
1!
#15699752574
0!
#15699856578
1!
#15699960582
0!
#15700064586
1!
#15700168590
0!
#15700376598
1!
#15700481062
0!
#15700689070
1!
#15700897078
0!
#15701001082
1!
#15701209090
0!
#15701417098
1!
#15701521562
0!
#15701729570
1!
#15701833574
0!
#15702041582
1!
#15702249590
0!
#15702457598
1!
#15702562062
0!
#15702978078
1!
#15703290090
0!
#15703498098
1!
#15703602562
0!
#15703706566
1!
#15703810570
0!
#15704122582
1!
#15704330590
0!
#15704538598
1!
#15704650000
0!
#15704858008
1!
#15704962012
0!
#15705170020
1!
#15705378028
0!
#15705586036
1!
#15705690500
0!
#15705794504
1!
#15706002512
0!
#15706210520
1!
#15706418528
0!
#15706626536
1!
#15706731000
0!
#15707043012
1!
#15707147016
0!
#15707251020
1!
#15707459028
0!
#15707667036
1!
#15707771500
0!
#15707875504
1!
#15707979508
0!
#15708083512
1!
#15708187516
0!
#15708291520
1!
#15708499528
0!
#15708707536
1!
#15708812000
0!
#15709020008
1!
#15709228016
0!
#15709332020
1!
#15709540028
0!
#15709748036
1!
#15709852500
0!
#15709956504
1!
#15710268516
0!
#15710372520
1!
#15710580528
0!
#15710788536
1!
#15710899937
0!
#15711315953
1!
#15711627965
0!
#15711835973
1!
#15711940437
0!
#15712044441
1!
#15712148445
0!
#15712356453
1!
#15712668465
0!
#15712876473
1!
#15712980937
0!
#15713500957
1!
#15713708965
0!
#15713916973
1!
#15714021437
0!
#15714229445
1!
#15714333449
0!
#15714645461
1!
#15714749465
0!
#15714957473
1!
#15715061937
0!
#15715165941
1!
#15715269945
0!
#15715373949
1!
#15715581957
0!
#15715997973
1!
#15716102437
0!
#15716310445
1!
#15716414449
0!
#15716518453
1!
#15716622457
0!
#15717038473
1!
#16752298312
0!
#16752818332
1!
#16752922336
0!
#16753026340
1!
#16753130344
0!
#16753234348
1!
#16753338812
0!
#16753442816
1!
#16753546820
0!
#16753650824
1!
#16753754828
0!
#16753962836
1!
#16754170844
0!
#16754274848
1!
#16754379312
0!
#16754587320
1!
#16754691324
0!
#16754899332
1!
#16755211344
0!
#16755315348
1!
#16755419562
0!
#16755523566
1!
#16755627570
0!
#16755835578
1!
#16755939582
0!
#16756043586
1!
#16756251594
0!
#16756355598
1!
#16756460062
0!
#16756668070
1!
#16756980082
0!
#16757084086
1!
#16757292094
0!
#16757396098
1!
#16757500562
0!
#16757604566
1!
#16757916578
0!
#16758124586
1!
#16758332594
0!
#16758436598
1!
#16758541062
0!
#16758645066
1!
#16758749070
0!
#16759165086
1!
#16759373094
0!
#16759477098
1!
#16759581562
0!
#16759893574
1!
#16759997578
0!
#16760101582
1!
#16760413594
0!
#16760517598
1!
#16760622062
0!
#16760726066
1!
#16760830070
0!
#16761246086
1!
#16761454094
0!
#16761558098
1!
#16761662312
0!
#16761870320
1!
#16762182332
0!
#16762286336
1!
#16762494344
0!
#16762598348
1!
#16762702812
0!
#16763326836
1!
#16763430840
0!
#16763638848
1!
#16763743312
0!
#16763847316
1!
#16764055324
0!
#16764263332
1!
#16764367336
0!
#16764471340
1!
#16764575344
0!
#16764679348
1!
#16764783812
0!
#16764887816
1!
#16764991820
0!
#16765095824
1!
#16765303832
0!
#16765407836
1!
#16765511840
0!
#16765719848
1!
#16765824312
0!
#16765928316
1!
#16766136324
0!
#16766552340
1!
#16766656344
0!
#16766760348
1!
#16766864812
0!
#16766968816
1!
#16767072820
0!
#16767592840
1!
#16767696844
0!
#16767800848
1!
#16767905062
0!
#16768113070
1!
#16768425082
0!
#16768633090
1!
#16768737094
0!
#16768841098
1!
#16768945562
0!
#16769049566
1!
#16769153570
0!
#16769257574
1!
#16769361578
0!
#16769673590
1!
#16769777594
0!
#16769881598
1!
#16769986062
0!
#16770194070
1!
#16770298074
0!
#16770402078
1!
#16770714090
0!
#16770922098
1!
#16771026562
0!
#16771650586
1!
#16771754590
0!
#16771962598
1!
#16772067062
0!
#16772587082
1!
#16772691086
0!
#16772795090
1!
#16772899094
0!
#16773003098
1!
#16773107562
0!
#16773211566
1!
#16773315570
0!
#16773419574
1!
#16773523578
0!
#16773731586
1!
#16773939594
0!
#16774043598
1!
#16774149999
0!
#16774358008
1!
#16774670020
0!
#16774774024
1!
#16774982032
0!
#16775086036
1!
#16775190500
0!
#16775294504
1!
#16775606516
0!
#16775814524
1!
#16776022532
0!
#16776126536
1!
#16776231000
0!
#16776335004
1!
#16776647016
0!
#16776855024
1!
#16777063032
0!
#16777167036
1!
#16777271500
0!
#16777375504
1!
#16777479508
0!
#16777583512
1!
#16777687516
0!
#16777791520
1!
#16778103532
0!
#16778207536
1!
#16778312000
0!
#16778520008
1!
#16778832020
0!
#16778936024
1!
#16779144032
0!
#16779248036
1!
#16779352500
0!
#16779456504
1!
#16779560508
0!
#16779976524
1!
#16780184532
0!
#16780288536
1!
#16780399937
0!
#16781023961
1!
#16781127965
0!
#16781335973
1!
#16781440437
0!
#16781752449
1!
#16781856453
0!
#16782064461
1!
#16782272469
0!
#16782376473
1!
#16782480937
0!
#16782584941
1!
#16782688945
0!
#16783104961
1!
#16783312969
0!
#16783416973
1!
#16783521437
0!
#16783833449
1!
#16784041457
0!
#16784145461
1!
#16784353469
0!
#16784457473
1!
#16784561937
0!
#16784665941
1!
#16784769945
0!
#16785185961
1!
#16785393969
0!
#16785497973
1!
#16785602437
0!
#16785706441
1!
#16785810445
0!
#16785914449
1!
#16786122457
0!
#16786226461
1!
#16786434469
0!
#16786538473
1!
#16786649874
0!
#16787273899
1!
#16787377903
0!
#16787585911
1!
#16787690375
0!
#16787794379
1!
#16788002387
0!
#16788106391
1!
#16788210395
0!
#16788314399
1!
#16788522407
0!
#16788626411
1!
#16788730874
0!
#16788834879
1!
#16789250895
0!
#16789354899
1!
#16789562907
0!
#16789666911
1!
#16789771375
0!
#16789979383
1!
#16790291395
0!
#16790395399
1!
#16790603407
0!
#16790707411
1!
#16790811875
0!
#16791123887
1!
#16791227891
0!
#16791435899
1!
#16791643907
0!
#16791747911
1!
#16791852375
0!
#16791956379
1!
#16792060383
0!
#16792268391
1!
#16792372395
0!
#16792476399
1!
#16792684407
0!
#16792788411
1!
#16792906187
0!
#16793010191
1!
#16793218199
0!
#16793426207
1!
#16793738219
0!
#16793842223
1!
#16793946687
0!
#16794050691
1!
#16794154695
0!
#16794362703
1!
#16794466707
0!
#16794570711
1!
#16794778719
0!
#16794882723
1!
#16794987187
0!
#16795611211
1!
#16795715215
0!
#16795923223
1!
#16796027687
0!
#16796339699
1!
#16796443703
0!
#16796755715
1!
#16796859719
0!
#16796963723
1!
#16797068187
0!
#16797172191
1!
#16797276195
0!
#16797796215
1!
#16797900219
0!
#16798004223
1!
#16798108687
0!
#16798316695
1!
#16798420699
0!
#16798628707
1!
#16798732711
0!
#16798836715
1!
#16798940719
0!
#16799044723
1!
#16799149875
0!
#16799253879
1!
#16799357883
0!
#16799461887
1!
#16799565891
0!
#16799669895
1!
#16799773899
0!
#16799877903
1!
#16799981907
0!
#16800085911
1!
#16800190375
0!
#16800398383
1!
#16800502387
0!
#16800710395
1!
#16800814399
0!
#16800918403
1!
#16801022407
0!
#16801126411
1!
#16801230875
0!
#16801334879
1!
#16801438883
0!
#16801958903
1!
#16802062907
0!
#16802166911
1!
#16802271375
0!
#16802583387
1!
#16802687391
0!
#16802791395
1!
#16802895399
0!
#16802999403
1!
#16803103407
0!
#16803207411
1!
#16803311874
0!
#16803415879
1!
#16803519883
0!
#16803935899
1!
#16804039903
0!
#16804247911
1!
#16804352375
0!
#16804976399
1!
#16805080403
0!
#16805288411
1!
#16805399999
0!
#16805712012
1!
#16805816016
0!
#16805920020
1!
#16806024024
0!
#16806128028
1!
#16806232032
0!
#16806336036
1!
#16806440500
0!
#16806544504
1!
#16806960520
0!
#16807064524
1!
#16807272532
0!
#16807376536
1!
#16807481000
0!
#16807585004
1!
#16807689008
0!
#16807793012
1!
#16808001020
0!
#16808105024
1!
#16808313032
0!
#16808417036
1!
#16808521500
0!
#16808729508
1!
#16808833512
0!
#16809145524
1!
#16809353532
0!
#16809457536
1!
#16809562000
0!
#16809666004
1!
#16810082020
0!
#16810186024
1!
#16810394032
0!
#16810498036
1!
#16810602500
0!
#16810914512
1!
#16811122520
0!
#16811226524
1!
#16811434532
0!
#16811538536
1!
#16811649937
0!
#16812273961
1!
#16812377965
0!
#16812585973
1!
#16812690437
0!
#16813210457
1!
#16813522469
0!
#16813626473
1!
#16813730937
0!
#16813834941
1!
#16813938945
0!
#16814354961
1!
#16814562969
0!
#16814666973
1!
#16814771437
0!
#16814979445
1!
#16815291457
0!
#16815395461
1!
#16815603469
0!
#16815707473
1!
#16815811937
0!
#16815915941
1!
#16816019945
0!
#16816227953
1!
#16816331957
0!
#16816435961
1!
#16816643969
0!
#16816747973
1!
#16816852437
0!
#16816956441
1!
#16817164449
0!
#16817476461
1!
#16817684469
0!
#16817788473
1!
#16817899874
0!
#16818523899
1!
#16818627903
0!
#16818835911
1!
#16818940375
0!
#16819252387
1!
#16819356391
0!
#16819564399
1!
#16819772407
0!
#16819876411
1!
#16819980874
0!
#16820084879
1!
#16820188883
0!
#16820396891
1!
#16820500895
0!
#16820604899
1!
#16820812907
0!
#16820916911
1!
#16821021375
0!
#16821333387
1!
#16821437391
0!
#16821541395
1!
#16821853407
0!
#16821957411
1!
#16822061875
0!
#16822165879
1!
#16822269883
0!
#16822373887
1!
#16822477891
0!
#16822685899
1!
#16822893907
0!
#16822997911
1!
#16823102375
0!
#16823206379
1!
#16823414387
0!
#16823518391
1!
#16823622395
0!
#16823726399
1!
#16823934407
0!
#16824038411
1!
#16824150125
0!
#16824254129
1!
#16824358133
0!
#16824774149
1!
#16824982157
0!
#16825086161
1!
#16825190625
0!
#16825398633
1!
#16825710645
0!
#16825814649
1!
#16826022657
0!
#16826126661
1!
#16826231125
0!
#16826855149
1!
#16826959153
0!
#16827167161
1!
#16827271625
0!
#16827375629
1!
#16827479633
0!
#16827895649
1!
#16828103657
0!
#16828207661
1!
#16828312125
0!
#16828624137
1!
#16828728141
0!
#16828832145
1!
#16829144157
0!
#16829248161
1!
#16829352624
0!
#16829456629
1!
#16829560633
0!
#16829976649
1!
#16830184657
0!
#16830288661
1!
#16830400062
0!
#16830504066
1!
#16830608070
0!
#16830712074
1!
#16830816078
0!
#16830920082
1!
#16831232094
0!
#16831336098
1!
#16831440562
0!
#16832064586
1!
#16832168590
0!
#16832376598
1!
#16832481062
0!
#16833001082
1!
#16833313094
0!
#16833417098
1!
#16833521562
0!
#16833625566
1!
#16833729570
0!
#16833833574
1!
#16833937578
0!
#16834145586
1!
#16834353594
0!
#16834457598
1!
#16834562062
0!
#16834770070
1!
#16835082082
0!
#16835186086
1!
#16835394094
0!
#16835498098
1!
#16835602562
0!
#16835706566
1!
#16836018578
0!
#16836226586
1!
#16836434594
0!
#16836538598
1!
#16836649999
0!
#16836754004
1!
#16837066016
0!
#16837274024
1!
#16837482032
0!
#16837586036
1!
#16837690500
0!
#16837794504
1!
#16837898508
0!
#16838002512
1!
#16838106516
0!
#16838210520
1!
#16838522532
0!
#16838626536
1!
#16838731000
0!
#16838939008
1!
#16839251020
0!
#16839355024
1!
#16839563032
0!
#16839667036
1!
#16839771500
0!
#16839875504
1!
#16839979508
0!
#16840395524
1!
#16840603532
0!
#16840707536
1!
#16840812000
0!
#16841436024
1!
#16841540028
0!
#16841748036
1!
#16841852500
0!
#16842164512
1!
#16842268516
0!
#16842372520
1!
#16842684532
0!
#16842788536
1!
#16842899937
0!
#16843003941
1!
#16843107945
0!
#16843211949
1!
#16843315953
0!
#16843523961
1!
#16843731969
0!
#16843835973
1!
#16843940437
0!
#16844148445
1!
#16844252449
0!
#16844460457
1!
#16844772469
0!
#16844876473
1!
#16844980937
0!
#16845292949
1!
#16845396953
0!
#16845604961
1!
#16845812969
0!
#16845916973
1!
#16846021437
0!
#16846125441
1!
#16846229445
0!
#16846333449
1!
#16846437453
0!
#16846645461
1!
#16846853469
0!
#16846957473
1!
#16847061937
0!
#16847373949
1!
#16847477953
0!
#16847581957
1!
#16847893969
0!
#16847997973
1!
#16848102437
0!
#16848206441
1!
#16848310445
0!
#16848414449
1!
#16848518453
0!
#16848726461
1!
#16848934469
0!
#16849038473
1!
#16849149874
0!
#16849253878
1!
#16849461887
0!
#16849565891
1!
#16849669895
0!
#16849773899
1!
#16849981907
0!
#16850085911
1!
#16850190375
0!
#16850294379
1!
#16850502387
0!
#16850710395
1!
#16851022407
0!
#16851126411
1!
#16851230874
0!
#16851334879
1!
#16851438883
0!
#16851646891
1!
#16851750895
0!
#16851854899
1!
#16852062907
0!
#16852166911
1!
#16852271375
0!
#16852895399
1!
#16852999403
0!
#16853207411
1!
#16853316374
0!
#16853524383
1!
#16853628387
0!
#16853732391
1!
#16853836395
0!
#16853940399
1!
#16854148407
0!
#16854252411
1!
#16854356875
0!
#16854460879
1!
#16854564883
0!
#16854980899
1!
#16855188907
0!
#16855292911
1!
#16855399937
0!
#16855711949
1!
#16855815953
0!
#16855919957
1!
#16856231969
0!
#16856335973
1!
#16856440437
0!
#16856544441
1!
#16856648445
0!
#16856752449
1!
#16856856453
0!
#16856960457
1!
#16857272469
0!
#16857376473
1!
#16857480937
0!
#16857896953
1!
#16858000957
0!
#16858104961
1!
#16858312969
0!
#16858416973
1!
#16858521437
0!
#16858729445
1!
#16859041457
0!
#16859145461
1!
#16859249465
0!
#16859457473
1!
#16859561750
0!
#16859769758
1!
#16859873762
0!
#16859977766
1!
#16860185774
0!
#16860497786
1!
#106568508062
0!
#106568612066
1!
#106568716070
0!
#106569236090
1!
#106569340094
0!
#106569444098
1!
#106569548562
0!
#106569860574
1!
#106569964578
0!
#106570068582
1!
#106570172586
0!
#106570276590
1!
#106570380594
0!
#106570484598
1!
#106570593500
0!
#106570697504
1!
#106570905511
0!
#106571009515
1!
#106571113519
0!
#106571217523
1!
#106571321527
0!
#106571529535
1!
#106571634000
0!
#106571738004
1!
#106571946011
0!
#106572362027
1!
#106572466031
0!
#106572570035
1!
#106572674500
0!
#106572778504
1!
#106572882507
0!
#106572986511
1!
#106573194519
0!
#106573402527
1!
#106573506531
0!
#106573610535
1!
#106573715000
0!
#106573819003
1!
#106574131015
0!
#106574443027
1!
#106574547031
0!
#106574651035
1!
#106574755500
0!
#106574859503
1!
#106575067511
0!
#106575275519
1!
#106575379523
0!
#106575483527
1!
#106575587531
0!
#106575691535
1!
#106575796000
0!
#106575900003
1!
#106576004007
0!
#106576108011
1!
#106576524027
0!
#106576732035
1!
#106576843437
0!
#106577051445
1!
#106577155449
0!
#106577467461
1!
#106577571465
0!
#106577779473
1!
#106577883937
0!
#106577987941
1!
#106578195949
0!
#106578299953
1!
#106578403957
0!
#106578507961
1!
#106578611965
0!
#106578819973
1!
#106578924437
0!
#106579132445
1!
#106579340453
0!
#106579444457
1!
#106579652465
0!
#106579860473
1!
#106579964937
0!
#106580172945
1!
#106580276949
0!
#106580484957
1!
#106580692965
0!
#106580900973
1!
#106581005437
0!
#106581421453
1!
#106581733465
0!
#106581941473
1!
#106582045937
0!
#106582149941
1!
#106582253945
0!
#106582565957
1!
#106582773965
0!
#106582981973
1!
#106583093375
0!
#106583301382
1!
#106583405386
0!
#106583613394
1!
#106583821402
0!
#106584029410
1!
#106584133875
0!
#106584237879
1!
#106584445886
0!
#106584653894
1!
#106584861902
0!
#106585069910
1!
#106585174375
0!
#106585486386
1!
#106585590390
0!
#106585694394
1!
#106585902402
0!
#106586110410
1!
#106586214875
0!
#106586318878
1!
#106586422882
0!
#106586526886
1!
#106586630890
0!
#106586734894
1!
#106586942902
0!
#106587150910
1!
#106587255375
0!
#106587463382
1!
#106587671390
0!
#106587775394
1!
#106587983402
0!
#106588191410
1!
#106588295875
0!
#106588399879
1!
#106588711890
0!
#106588815894
1!
#106589023902
0!
#106589231910
1!
#106589343625
0!
#106589759640
1!
#106590071652
0!
#106590279660
1!
#106590384125
0!
#106590488129
1!
#106590592132
0!
#106590800140
1!
#106591112152
0!
#106591320160
1!
#106591424625
0!
#106591944644
1!
#106592152652
0!
#106592360660
1!
#106592465125
0!
#106592673132
1!
#106592777136
0!
#106593089148
1!
#106593193152
0!
#106593401160
1!
#106593505625
0!
#106593609629
1!
#106593713633
0!
#106593817636
1!
#106594025644
0!
#106594441660
1!
#106594546125
0!
#106594754132
1!
#106594858136
0!
#106594962140
1!
#106595066144
0!
#106595482160
1!
#107630742000
0!
#107631262019
1!
#107631366023
0!
#107631470027
1!
#107631574031
0!
#107631678035
1!
#107631782500
0!
#107631886504
1!
#107631990507
0!
#107632094511
1!
#107632198515
0!
#107632406523
1!
#107632614531
0!
#107632718535
1!
#107632823000
0!
#107633031007
1!
#107633135011
0!
#107633343019
1!
#107633655031
0!
#107633759035
1!
#107633863250
0!
#107633967254
1!
#107634071257
0!
#107634279265
1!
#107634383269
0!
#107634487273
1!
#107634695281
0!
#107634799285
1!
#107634903750
0!
#107635111757
1!
#107635423769
0!
#107635527773
1!
#107635735781
0!
#107635839785
1!
#107635944250
0!
#107636048253
1!
#107636360265
0!
#107636568273
1!
#107636776281
0!
#107636880285
1!
#107636984750
0!
#107637088753
1!
#107637192757
0!
#107637608773
1!
#107637816781
0!
#107637920785
1!
#107638025250
0!
#107638337261
1!
#107638441265
0!
#107638545269
1!
#107638857281
0!
#107638961285
1!
#107639065750
0!
#107639169754
1!
#107639273757
0!
#107639689773
1!
#107639897781
0!
#107640001785
1!
#107640106000
0!
#107640314007
1!
#107640626019
0!
#107640730023
1!
#107640938031
0!
#107641042035
1!
#107641146500
0!
#107641770523
1!
#107641874527
0!
#107642082535
1!
#107642186812
0!
#107642290816
1!
#107642498824
0!
#107642706832
1!
#107642810836
0!
#107642914840
1!
#107643018844
0!
#107643122848
1!
#107643227312
0!
#107643331316
1!
#107643435320
0!
#107643539324
1!
#107643747332
0!
#107643851336
1!
#107643955340
0!
#107644163348
1!
#107644267812
0!
#107644371816
1!
#107644579824
0!
#107644995840
1!
#107645099844
0!
#107645203848
1!
#107645308312
0!
#107645412316
1!
#107645516320
0!
#107646036340
1!
#107646140344
0!
#107646244348
1!
#107646348562
0!
#107646556570
1!
#107646868582
0!
#107647076590
1!
#107647180594
0!
#107647284598
1!
#107647389062
0!
#107647493066
1!
#107647597070
0!
#107647701074
1!
#107647805078
0!
#107648117090
1!
#107648221094
0!
#107648325098
1!
#107648429562
0!
#107648637570
1!
#107648741574
0!
#107648845578
1!
#107649157590
0!
#107649365598
1!
#107649470062
0!
#107650094086
1!
#107650198090
0!
#107650406098
1!
#107650510562
0!
#107651030582
1!
#107651134586
0!
#107651238590
1!
#107651342594
0!
#107651446598
1!
#107651551062
0!
#107651655066
1!
#107651759070
0!
#107651863074
1!
#107651967078
0!
#107652175086
1!
#107652383094
0!
#107652487098
1!
#107652593500
0!
#107652801507
1!
#107653113519
0!
#107653217523
1!
#107653425531
0!
#107653529535
1!
#107653634000
0!
#107653738003
1!
#107654050015
0!
#107654258023
1!
#107654466031
0!
#107654570035
1!
#107654674500
0!
#107654778503
1!
#107655090515
0!
#107655298523
1!
#107655506531
0!
#107655610535
1!
#107655715000
0!
#107655819004
1!
#107655923007
0!
#107656027011
1!
#107656131015
0!
#107656235019
1!
#107656547031
0!
#107656651035
1!
#107656755500
0!
#107656963507
1!
#107657275519
0!
#107657379523
1!
#107657587531
0!
#107657691535
1!
#107657796000
0!
#107657900004
1!
#107658004007
0!
#107658420023
1!
#107658628031
0!
#107658732035
1!
#107658843437
0!
#107659467461
1!
#107659571465
0!
#107659779473
1!
#107659883937
0!
#107660195949
1!
#107660299953
0!
#107660507961
1!
#107660715969
0!
#107660819973
1!
#107660924437
0!
#107661028441
1!
#107661132445
0!
#107661548461
1!
#107661756469
0!
#107661860473
1!
#107661964937
0!
#107662276949
1!
#107662484957
0!
#107662588961
1!
#107662796969
0!
#107662900973
1!
#107663005437
0!
#107663109441
1!
#107663213445
0!
#107663629461
1!
#107663837469
0!
#107663941473
1!
#107664045937
0!
#107664149941
1!
#107664253945
0!
#107664357949
1!
#107664565957
0!
#107664669961
1!
#107664877969
0!
#107664981973
1!
#107665093375
0!
#107665717398
1!
#107665821402
0!
#107666029410
1!
#107666133875
0!
#107666237879
1!
#107666445886
0!
#107666549890
1!
#107666653894
0!
#107666757898
1!
#107666965906
0!
#107667069910
1!
#107667174375
0!
#107667278379
1!
#107667694394
0!
#107667798398
1!
#107668006406
0!
#107668110410
1!
#107668214875
0!
#107668422882
1!
#107668734894
0!
#107668838898
1!
#107669046906
0!
#107669150910
1!
#107669255375
0!
#107669567386
1!
#107669671390
0!
#107669879398
1!
#107670087406
0!
#107670191410
1!
#107670295875
0!
#107670399878
1!
#107670503882
0!
#107670711890
1!
#107670815894
0!
#107670919898
1!
#107671127906
0!
#107671231910
1!
#107671343625
0!
#107671447629
1!
#107671655636
0!
#107671863644
1!
#107672175656
0!
#107672279660
1!
#107672384125
0!
#107672488128
1!
#107672592132
0!
#107672800140
1!
#107672904144
0!
#107673008148
1!
#107673216156
0!
#107673320160
1!
#107673424625
0!
#107674048648
1!
#107674152652
0!
#107674360660
1!
#107674465125
0!
#107674777136
1!
#107674881140
0!
#107675193152
1!
#107675297156
0!
#107675401160
1!
#107675505625
0!
#107675609629
1!
#107675713632
0!
#107676233652
1!
#107676337656
0!
#107676441660
1!
#107676546125
0!
#107676754132
1!
#107676858136
0!
#107677066144
1!
#107677170148
0!
#107677274152
1!
#107677378156
0!
#107677482160
1!
#107677593562
0!
#107677697566
1!
#107677801570
0!
#107677905574
1!
#107678009578
0!
#107678113582
1!
#107678217586
0!
#107678321590
1!
#107678425594
0!
#107678529598
1!
#107678634062
0!
#107678842070
1!
#107678946074
0!
#107679154082
1!
#107679258086
0!
#107679362090
1!
#107679466094
0!
#107679570098
1!
#107679674562
0!
#107679778566
1!
#107679882570
0!
#107680402590
1!
#107680506594
0!
#107680610598
1!
#107680715062
0!
#107681027074
1!
#107681131078
0!
#107681235082
1!
#107681339086
0!
#107681443090
1!
#107681547094
0!
#107681651098
1!
#107681755562
0!
#107681859566
1!
#107681963570
0!
#107682379586
1!
#107682483590
0!
#107682691598
1!
#107682796062
0!
#107683420086
1!
#107683524090
0!
#107683732098
1!
#107683843375
0!
#107684155386
1!
#107684259390
0!
#107684363394
1!
#107684467398
0!
#107684571402
1!
#107684675406
0!
#107684779410
1!
#107684883875
0!
#107684987878
1!
#107685403894
0!
#107685507898
1!
#107685715906
0!
#107685819910
1!
#107685924375
0!
#107686028379
1!
#107686132382
0!
#107686236386
1!
#107686444394
0!
#107686548398
1!
#107686756406
0!
#107686860410
1!
#107686964875
0!
#107687172882
1!
#107687276886
0!
#107687588898
1!
#107687796906
0!
#107687900910
1!
#107688005375
0!
#107688109379
1!
#107688525394
0!
#107688629398
1!
#107688837406
0!
#107688941410
1!
#107689045875
0!
#107689357886
1!
#107689565894
0!
#107689669898
1!
#107689877906
0!
#107689981910
1!
#107690093625
0!
#107690717648
1!
#107690821652
0!
#107691029660
1!
#107691134125
0!
#107691654144
1!
#107691966156
0!
#107692070160
1!
#107692174625
0!
#107692278628
1!
#107692382632
0!
#107692798648
1!
#107693006656
0!
#107693110660
1!
#107693215125
0!
#107693423132
1!
#107693735144
0!
#107693839148
1!
#107694047156
0!
#107694151160
1!
#107694255625
0!
#107694359628
1!
#107694463632
0!
#107694671640
1!
#107694775644
0!
#107694879648
1!
#107695087656
0!
#107695191660
1!
#107695296125
0!
#107695400128
1!
#107695608136
0!
#107695920148
1!
#107696128156
0!
#107696232160
1!
#107696343562
0!
#107696967586
1!
#107697071590
0!
#107697279598
1!
#107697384062
0!
#107697696074
1!
#107697800078
0!
#107698008086
1!
#107698216094
0!
#107698320098
1!
#107698424562
0!
#107698528566
1!
#107698632570
0!
#107698840578
1!
#107698944582
0!
#107699048586
1!
#107699256594
0!
#107699360598
1!
#107699465062
0!
#107699777074
1!
#107699881078
0!
#107699985082
1!
#107700297094
0!
#107700401098
1!
#107700505562
0!
#107700609566
1!
#107700713570
0!
#107700817574
1!
#107700921578
0!
#107701129586
1!
#107701337594
0!
#107701441598
1!
#107701546062
0!
#107701650066
1!
#107701858074
0!
#107701962078
1!
#107702066082
0!
#107702170086
1!
#107702378094
0!
#107702482098
1!
#107702599562
0!
#107702703566
1!
#107702807570
0!
#107703223586
1!
#107703431594
0!
#107703535598
1!
#107703640062
0!
#107703848070
1!
#107704160082
0!
#107704264086
1!
#107704472094
0!
#107704576098
1!
#107704680562
0!
#107705304586
1!
#107705408590
0!
#107705616598
1!
#107705721062
0!
#107705825066
1!
#107705929070
0!
#107706345086
1!
#107706553094
0!
#107706657098
1!
#107706761562
0!
#107707073574
1!
#107707177578
0!
#107707281582
1!
#107707593594
0!
#107707697598
1!
#107707802062
0!
#107707906066
1!
#107708010070
0!
#107708426086
1!
#107708634094
0!
#107708738098
1!
#107708843562
0!
#107708947566
1!
#107709051570
0!
#107709155574
1!
#107709259578
0!
#107709363582
1!
#107709675594
0!
#107709779598
1!
#107709884062
0!
#107710508086
1!
#107710612090
0!
#107710820098
1!
#107710924562
0!
#107711444582
1!
#107711756594
0!
#107711860598
1!
#107711965062
0!
#107712069066
1!
#107712173070
0!
#107712277074
1!
#107712381078
0!
#107712589086
1!
#107712797094
0!
#107712901098
1!
#107713005562
0!
#107713213570
1!
#107713525582
0!
#107713629586
1!
#107713837594
0!
#107713941598
1!
#107714046062
0!
#107714150066
1!
#107714462078
0!
#107714670086
1!
#107714878094
0!
#107714982098
1!
#107715093500
0!
#107715197503
1!
#107715509515
0!
#107715717523
1!
#107715925531
0!
#107716029535
1!
#107716134000
0!
#107716238003
1!
#107716342007
0!
#107716446011
1!
#107716550015
0!
#107716654019
1!
#107716966031
0!
#107717070035
1!
#107717174500
0!
#107717382507
1!
#107717694519
0!
#107717798523
1!
#107718006531
0!
#107718110535
1!
#107718215000
0!
#107718319004
1!
#107718423007
0!
#107718839023
1!
#107719047031
0!
#107719151035
1!
#107719255500
0!
#107719879523
1!
#107719983527
0!
#107720191535
1!
#107720296000
0!
#107720608011
1!
#107720712015
0!
#107720816019
1!
#107721128031
0!
#107721232035
1!
#107721343437
0!
#107721447441
1!
#107721551445
0!
#107721655449
1!
#107721759453
0!
#107721967461
1!
#107722175469
0!
#107722279473
1!
#107722383937
0!
#107722591945
1!
#107722695949
0!
#107722903957
1!
#107723215969
0!
#107723319973
1!
#107723424437
0!
#107723736449
1!
#107723840453
0!
#107724048461
1!
#107724256469
0!
#107724360473
1!
#107724464937
0!
#107724568941
1!
#107724672945
0!
#107724776949
1!
#107724880953
0!
#107725088961
1!
#107725296969
0!
#107725400973
1!
#107725505437
0!
#107725817449
1!
#107725921453
0!
#107726025457
1!
#107726337469
0!
#107726441473
1!
#107726545937
0!
#107726649941
1!
#107726753945
0!
#107726857949
1!
#107726961953
0!
#107727169961
1!
#107727377969
0!
#107727481973
1!
#107727593375
0!
#107727697378
1!
#107727905386
0!
#107728009390
1!
#107728113394
0!
#107728217398
1!
#107728425406
0!
#107728529410
1!
#107728633875
0!
#107728737879
1!
#107728945886
0!
#107729153894
1!
#107729465906
0!
#107729569910
1!
#107729674375
0!
#107729778379
1!
#107729882382
0!
#107730090390
1!
#107730194394
0!
#107730298398
1!
#107730506406
0!
#107730610410
1!
#107730714875
0!
#107731338898
1!
#107731442902
0!
#107731650910
1!
#107731755375
0!
#107731963383
1!
#107732067386
0!
#107732171390
1!
#107732275394
0!
#107732379398
1!
#107732587406
0!
#107732691410
1!
#107732795875
0!
#107732899878
1!
#107733003882
0!
#107733419898
1!
#107733627906
0!
#107733731910
1!
#107733843625
0!
#107734155636
1!
#107734259640
0!
#107734363644
1!
#107734675656
0!
#107734779660
1!
#107734884125
0!
#107734988128
1!
#107735092132
0!
#107735196136
1!
#107735300140
0!
#107735404144
1!
#107735716156
0!
#107735820160
1!
#107735924625
0!
#107736340640
1!
#107736444644
0!
#107736548648
1!
#107736756656
0!
#107736860660
1!
#107736965125
0!
#107737173132
1!
#107737485144
0!
#107737589148
1!
#107737693152
0!
#107737901160
1!
#107738005437
0!
#107738213445
1!
#107738317449
0!
#107738421453
1!
#107738629461
0!
#107738941473
1!
#134962421374
0!
#134962525379
1!
#134962629383
0!
#134963149403
1!
#134963253407
0!
#134963357411
1!
#134963461875
0!
#134963773887
1!
#134963877891
0!
#134963981895
1!
#134964085899
0!
#134964189903
1!
#134964293907
0!
#134964397911
1!
#134964506812
0!
#134964610816
1!
#134964818824
0!
#134964922828
1!
#134965026832
0!
#134965130836
1!
#134965234840
0!
#134965442848
1!
#134965547312
0!
#134965651316
1!
#134965859324
0!
#134966275340
1!
#134966379344
0!
#134966483348
1!
#134966587812
0!
#134966691816
1!
#134966795820
0!
#134966899824
1!
#134967107832
0!
#134967315840
1!
#134967419844
0!
#134967523848
1!
#134967628125
0!
#134967732129
1!
#134968044141
0!
#134968356153
1!
#134968460157
0!
#134968564161
1!
#134968668624
0!
#134968772629
1!
#134968980637
0!
#134969188645
1!
#134969292649
0!
#134969396653
1!
#134969500657
0!
#134969604661
1!
#134969709125
0!
#134969813129
1!
#134969917133
0!
#134970021137
1!
#134970437153
0!
#134970645161
1!
#134970756875
0!
#134970964883
1!
#134971068887
0!
#134971380899
1!
#134971484903
0!
#134971692911
1!
#134971797375
0!
#134971901379
1!
#134972109387
0!
#134972213391
1!
#134972317395
0!
#134972421399
1!
#134972525403
0!
#134972733411
1!
#134972837875
0!
#134973045883
1!
#134973253891
0!
#134973357895
1!
#134973565903
0!
#134973773911
1!
#134973878375
0!
#134974086383
1!
#134974190387
0!
#134974398395
1!
#134974606403
0!
#134974814411
1!
#134974918874
0!
#134975334891
1!
#134975646903
0!
#134975854911
1!
#134975959375
0!
#134976063379
1!
#134976167383
0!
#134976479395
1!
#134976687403
0!
#134976895411
1!
#134977006812
0!
#134977214820
1!
#134977318824
0!
#134977526832
1!
#134977734840
0!
#134977942848
1!
#134978047312
0!
#134978151316
1!
#134978359324
0!
#134978567332
1!
#134978775340
0!
#134978983348
1!
#134979087812
0!
#134979399824
1!
#134979503828
0!
#134979607832
1!
#134979815840
0!
#134980023848
1!
#134980128312
0!
#134980232316
1!
#134980336320
0!
#134980440324
1!
#134980544328
0!
#134980648332
1!
#134980856340
0!
#134981064348
1!
#134981168812
0!
#134981376820
1!
#134981584828
0!
#134981688832
1!
#134981896840
0!
#134982104848
1!
#134982209312
0!
#134982313316
1!
#134982625328
0!
#134982729332
1!
#134982937340
0!
#134983145348
1!
#134983256750
0!
#134983672766
1!
#134983984778
0!
#134984192786
1!
#134984297250
0!
#134984401254
1!
#134984505258
0!
#134984713266
1!
#134985025278
0!
#134985233286
1!
#134985337750
0!
#134985857770
1!
#134986065778
0!
#134986273786
1!
#134986378250
0!
#134986586258
1!
#134986690262
0!
#134987002274
1!
#134987106278
0!
#134987314286
1!
#134987418749
0!
#134987522754
1!
#134987626758
0!
#134987730762
1!
#134987938770
0!
#134988354786
1!
#134988459250
0!
#134988667258
1!
#134988771262
0!
#134988875266
1!
#134988979270
0!
#134989395286
1!
#136024655437
0!
#136025175457
1!
#136025279461
0!
#136025383465
1!
#136025487469
0!
#136025591473
1!
#136025695937
0!
#136025799941
1!
#136025903945
0!
#136026007949
1!
#136026111953
0!
#136026319961
1!
#136026527969
0!
#136026631973
1!
#136026736437
0!
#136026944445
1!
#136027048449
0!
#136027256457
1!
#136027568469
0!
#136027672473
1!
#136027776687
0!
#136027880691
1!
#136027984695
0!
#136028192703
1!
#136028296707
0!
#136028400711
1!
#136028608719
0!
#136028712723
1!
#136028817187
0!
#136029025195
1!
#136029337207
0!
#136029441211
1!
#136029649219
0!
#136029753223
1!
#136029857687
0!
#136029961691
1!
#136030273703
0!
#136030481711
1!
#136030689719
0!
#136030793723
1!
#136030898187
0!
#136031002191
1!
#136031106195
0!
#136031522211
1!
#136031730219
0!
#136031834223
1!
#136031938687
0!
#136032250699
1!
#136032354703
0!
#136032458707
1!
#136032770719
0!
#136032874723
1!
#136032979187
0!
#136033083191
1!
#136033187195
0!
#136033603211
1!
#136033811219
0!
#136033915223
1!
#136034019437
0!
#136034227445
1!
#136034539457
0!
#136034643461
1!
#136034851469
0!
#136034955473
1!
#136035059937
0!
#136035683961
1!
#136035787965
0!
#136035995973
1!
#136036100437
0!
#136036204441
1!
#136036412449
0!
#136036620457
1!
#136036724461
0!
#136036828465
1!
#136036932469
0!
#136037036473
1!
#136037140937
0!
#136037244941
1!
#136037348945
0!
#136037452949
1!
#136037660957
0!
#136037764961
1!
#136037868965
0!
#136038076973
1!
#136038181437
0!
#136038285441
1!
#136038493449
0!
#136038909465
1!
#136039013469
0!
#136039117473
1!
#136039221937
0!
#136039325941
1!
#136039429945
0!
#136039949965
1!
#136040053969
0!
#136040157973
1!
#136040262187
0!
#136040470195
1!
#136040782207
0!
#136040990215
1!
#136041094219
0!
#136041198223
1!
#136041302687
0!
#136041406691
1!
#136041510695
0!
#136041614699
1!
#136041718703
0!
#136042030715
1!
#136042134719
0!
#136042238723
1!
#136042343187
0!
#136042551195
1!
#136042655199
0!
#136042759203
1!
#136043071215
0!
#136043279223
1!
#136043383687
0!
#136044007711
1!
#136044111715
0!
#136044319723
1!
#136044424187
0!
#136044944207
1!
#136045048211
0!
#136045152215
1!
#136045256219
0!
#136045360223
1!
#136045464687
0!
#136045568691
1!
#136045672695
0!
#136045776699
1!
#136045880703
0!
#136046088711
1!
#136046296719
0!
#136046400723
1!
#136046506812
0!
#136046714820
1!
#136047026832
0!
#136047130836
1!
#136047338844
0!
#136047442848
1!
#136047547312
0!
#136047651316
1!
#136047963328
0!
#136048171336
1!
#136048379344
0!
#136048483348
1!
#136048587812
0!
#136048691816
1!
#136049003828
0!
#136049211836
1!
#136049419844
0!
#136049523848
1!
#136049628312
0!
#136049732316
1!
#136049836320
0!
#136049940324
1!
#136050044328
0!
#136050148332
1!
#136050460344
0!
#136050564348
1!
#136050668812
0!
#136050876820
1!
#136051188832
0!
#136051292836
1!
#136051500844
0!
#136051604848
1!
#136051709312
0!
#136051813316
1!
#136051917320
0!
#136052333336
1!
#136052541344
0!
#136052645348
1!
#136052756749
0!
#136053380774
1!
#136053484778
0!
#136053692786
1!
#136053797250
0!
#136054109262
1!
#136054213266
0!
#136054421274
1!
#136054629282
0!
#136054733286
1!
#136054837749
0!
#136054941754
1!
#136055045758
0!
#136055461774
1!
#136055669782
0!
#136055773786
1!
#136055878250
0!
#136056190262
1!
#136056398270
0!
#136056502274
1!
#136056710282
0!
#136056814286
1!
#136056918750
0!
#136057022754
1!
#136057126758
0!
#136057542774
1!
#136057750782
0!
#136057854786
1!
#136057959250
0!
#136058063254
1!
#136058167258
0!
#136058271262
1!
#136058479270
0!
#136058583274
1!
#136058791282
0!
#136058895286
1!
#136059006687
0!
#136059630711
1!
#136059734715
0!
#136059942723
1!
#136060047187
0!
#136060151191
1!
#136060359199
0!
#136060463203
1!
#136060567207
0!
#136060671211
1!
#136060879219
0!
#136060983223
1!
#136061087687
0!
#136061191691
1!
#136061607707
0!
#136061711711
1!
#136061919719
0!
#136062023723
1!
#136062128187
0!
#136062336195
1!
#136062648207
0!
#136062752211
1!
#136062960219
0!
#136063064223
1!
#136063168687
0!
#136063480699
1!
#136063584703
0!
#136063792711
1!
#136064000719
0!
#136064104723
1!
#136064209187
0!
#136064313191
1!
#136064417195
0!
#136064625203
1!
#136064729207
0!
#136064833211
1!
#136065041219
0!
#136065145223
1!
#136065256937
0!
#136065360941
1!
#136065568949
0!
#136065776957
1!
#136066088969
0!
#136066192973
1!
#136066297437
0!
#136066401441
1!
#136066505445
0!
#136066713453
1!
#136066817457
0!
#136066921461
1!
#136067129469
0!
#136067233473
1!
#136067337937
0!
#136067961961
1!
#136068065965
0!
#136068273973
1!
#136068378437
0!
#136068690449
1!
#136068794453
0!
#136069106465
1!
#136069210469
0!
#136069314473
1!
#136069418937
0!
#136069522941
1!
#136069626945
0!
#136070146965
1!
#136070250969
0!
#136070354973
1!
#136070459437
0!
#136070667445
1!
#136070771449
0!
#136070979457
1!
#136071083461
0!
#136071187465
1!
#136071291469
0!
#136071395473
1!
#136071506687
0!
#136071610691
1!
#136071714695
0!
#136071818699
1!
#136071922703
0!
#136072026707
1!
#136072130711
0!
#136072234715
1!
#136072338719
0!
#136072442723
1!
#136072547187
0!
#136072755195
1!
#136072859199
0!
#136073067207
1!
#136073171211
0!
#136073275215
1!
#136073379219
0!
#136073483223
1!
#136073587687
0!
#136073691691
1!
#136073795695
0!
#136074315715
1!
#136074419719
0!
#136074523723
1!
#136074628187
0!
#136074940199
1!
#136075044203
0!
#136075148207
1!
#136075252211
0!
#136075356215
1!
#136075460219
0!
#136075564223
1!
#136075668687
0!
#136075772691
1!
#136075876695
0!
#136076292711
1!
#136076396715
0!
#136076604723
1!
#136076709187
0!
#136077333211
1!
#136077437215
0!
#136077645223
1!
#136077756812
0!
#136078068824
1!
#136078172828
0!
#136078276832
1!
#136078380836
0!
#136078484840
1!
#136078588844
0!
#136078692848
1!
#136078797312
0!
#136078901316
1!
#136079317332
0!
#136079421336
1!
#136079629344
0!
#136079733348
1!
#136079837812
0!
#136079941816
1!
#136080045820
0!
#136080149824
1!
#136080357832
0!
#136080461836
1!
#136080669844
0!
#136080773848
1!
#136080878312
0!
#136081086320
1!
#136081190324
0!
#136081502336
1!
#136081710344
0!
#136081814348
1!
#136081918812
0!
#136082022816
1!
#136082438832
0!
#136082542836
1!
#136082750844
0!
#136082854848
1!
#136082959312
0!
#136083271324
1!
#136083479332
0!
#136083583336
1!
#136083791344
0!
#136083895348
1!
#136084006749
0!
#136084630774
1!
#136084734778
0!
#136084942786
1!
#136085047250
0!
#136085567270
1!
#136085879282
0!
#136085983286
1!
#136086087749
0!
#136086191754
1!
#136086295758
0!
#136086711774
1!
#136086919782
0!
#136087023786
1!
#136087128250
0!
#136087336258
1!
#136087648270
0!
#136087752274
1!
#136087960282
0!
#136088064286
1!
#136088168750
0!
#136088272754
1!
#136088376758
0!
#136088584766
1!
#136088688770
0!
#136088792774
1!
#136089000782
0!
#136089104786
1!
#136089209250
0!
#136089313254
1!
#136089521262
0!
#136089833274
1!
#136090041282
0!
#136090145286
1!
#136090256687
0!
#136090880711
1!
#136090984715
0!
#136091192723
1!
#136091297187
0!
#136091609199
1!
#136091713203
0!
#136091921211
1!
#136092129219
0!
#136092233223
1!
#136092337687
0!
#136092441691
1!
#136092545695
0!
#136092753703
1!
#136092857707
0!
#136092961711
1!
#136093169719
0!
#136093273723
1!
#136093378187
0!
#136093690199
1!
#136093794203
0!
#136093898207
1!
#136094210219
0!
#136094314223
1!
#136094418687
0!
#136094522691
1!
#136094626695
0!
#136094730699
1!
#136094834703
0!
#136095042711
1!
#136095250719
0!
#136095354723
1!
#136095459187
0!
#136095563191
1!
#136095771199
0!
#136095875203
1!
#136095979207
0!
#136096083211
1!
#136096291219
0!
#136096395223
1!
#136096506937
0!
#136096610941
1!
#136096714945
0!
#136097130961
1!
#136097338969
0!
#136097442973
1!
#136097547437
0!
#136097755445
1!
#136098067457
0!
#136098171461
1!
#136098379469
0!
#136098483473
1!
#136098587937
0!
#136099211961
1!
#136099315965
0!
#136099523973
1!
#136099628437
0!
#136099732441
1!
#136099836445
0!
#136100252461
1!
#136100460469
0!
#136100564473
1!
#136100668937
0!
#136100980949
1!
#136101084953
0!
#136101188957
1!
#136101500969
0!
#136101604973
1!
#136101709437
0!
#136101813441
1!
#136101917445
0!
#136102333461
1!
#136102541469
0!
#136102645473
1!
#136102756875
0!
#136102860879
1!
#136102964883
0!
#136103068887
1!
#136103172891
0!
#136103276895
1!
#136103588907
0!
#136103692911
1!
#136103797375
0!
#136104421399
1!
#136104525403
0!
#136104733411
1!
#136104837874
0!
#136105357895
1!
#136105669907
0!
#136105773911
1!
#136105878375
0!
#136105982379
1!
#136106086383
0!
#136106190387
1!
#136106294391
0!
#136106502399
1!
#136106710407
0!
#136106814411
1!
#136106918874
0!
#136107126883
1!
#136107438895
0!
#136107542899
1!
#136107750907
0!
#136107854911
1!
#136107959375
0!
#136108063379
1!
#136108375391
0!
#136108583399
1!
#136108791407
0!
#136108895411
1!
#136109006812
0!
#136109110816
1!
#136109422828
0!
#136109630836
1!
#136109838844
0!
#136109942848
1!
#136110047312
0!
#136110151316
1!
#136110255320
0!
#136110359324
1!
#136110463328
0!
#136110567332
1!
#136110879344
0!
#136110983348
1!
#136111087812
0!
#136111295820
1!
#136111607832
0!
#136111711836
1!
#136111919844
0!
#136112023848
1!
#136112128312
0!
#136112232316
1!
#136112336320
0!
#136112752336
1!
#136112960344
0!
#136113064348
1!
#136113168812
0!
#136113792836
1!
#136113896840
0!
#136114104848
1!
#136114209312
0!
#136114521324
1!
#136114625328
0!
#136114729332
1!
#136115041344
0!
#136115145348
1!
#136115256749
0!
#136115360754
1!
#136115464758
0!
#136115568762
1!
#136115672766
0!
#136115880774
1!
#136116088782
0!
#136116192786
1!
#136116297250
0!
#136116505258
1!
#136116609262
0!
#136116817270
1!
#136117129282
0!
#136117233286
1!
#136117337749
0!
#136117649762
1!
#136117753766
0!
#136117961774
1!
#136118169782
0!
#136118273786
1!
#136118378250
0!
#136118482254
1!
#136118586258
0!
#136118690262
1!
#136118794266
0!
#136119002274
1!
#136119210282
0!
#136119314286
1!
#136119418750
0!
#136119730762
1!
#136119834766
0!
#136119938770
1!
#136120250782
0!
#136120354786
1!
#136120459250
0!
#136120563254
1!
#136120667258
0!
#136120771262
1!
#136120875266
0!
#136121083274
1!
#136121291282
0!
#136121395286
1!
#136121506687
0!
#136121610691
1!
#136121818699
0!
#136121922703
1!
#136122026707
0!
#136122130711
1!
#136122338719
0!
#136122442723
1!
#136122547187
0!
#136122651191
1!
#136122859199
0!
#136123067207
1!
#136123379219
0!
#136123483223
1!
#136123587687
0!
#136123691691
1!
#136123795695
0!
#136124003703
1!
#136124107707
0!
#136124211711
1!
#136124419719
0!
#136124523723
1!
#136124628187
0!
#136125252211
1!
#136125356215
0!
#136125564223
1!
#136125668687
0!
#136125876695
1!
#136125980699
0!
#136126084703
1!
#136126188707
0!
#136126292711
1!
#136126500719
0!
#136126604723
1!
#136126709187
0!
#136126813191
1!
#136126917195
0!
#136127333211
1!
#136127541219
0!
#136127645223
1!
#136127756937
0!
#136128068949
1!
#136128172953
0!
#136128276957
1!
#136128588969
0!
#136128692973
1!
#136128797437
0!
#136128901441
1!
#136129005445
0!
#136129109449
1!
#136129213453
0!
#136129317457
1!
#136129629469
0!
#136129733473
1!
#136129837937
0!
#136130253953
1!
#136130357957
0!
#136130461961
1!
#136130669969
0!
#136130773973
1!
#136130884187
0!
#136131092195
1!
#136131404207
0!
#136131508211
1!
#136131612215
0!
#136131820223
1!
#136131924500
0!
#136132132508
1!
#136132236512
0!
#136132340516
1!
#136132548524
0!
#136132860536
1!
#138462908187
0!
#138463012191
1!
#138463116195
0!
#138463636215
1!
#138463740219
0!
#138463844223
1!
#138463948687
0!
#138464260699
1!
#138464364703
0!
#138464468707
1!
#138464572711
0!
#138464676715
1!
#138464780719
0!
#138464884723
1!
#138464993937
0!
#138465097941
1!
#138465305949
0!
#138465409953
1!
#138465513957
0!
#138465617961
1!
#138465721965
0!
#138465929973
1!
#138466034437
0!
#138466138441
1!
#138466346449
0!
#138466762465
1!
#138466866469
0!
#138466970473
1!
#138467074937
0!
#138467178941
1!
#138467282945
0!
#138467386949
1!
#138467594957
0!
#138467802965
1!
#138467906969
0!
#138468010973
1!
#138468115437
0!
#138468219441
1!
#138468531453
0!
#138468843465
1!
#138468947469
0!
#138469051473
1!
#138469155937
0!
#138469259941
1!
#138469467949
0!
#138469675957
1!
#138469779961
0!
#138469883965
1!
#138469987969
0!
#138470091973
1!
#138470196437
0!
#138470300441
1!
#138470404445
0!
#138470508449
1!
#138470924465
0!
#138471132473
1!
#138471243875
0!
#138471451883
1!
#138471555887
0!
#138471867899
1!
#138471971903
0!
#138472179911
1!
#138472284375
0!
#138472388379
1!
#138472596387
0!
#138472700391
1!
#138472804395
0!
#138472908399
1!
#138473012403
0!
#138473220411
1!
#138473324875
0!
#138473532883
1!
#138473740891
0!
#138473844895
1!
#138474052903
0!
#138474260911
1!
#138474365375
0!
#138474573383
1!
#138474677387
0!
#138474885395
1!
#138475093403
0!
#138475301411
1!
#138475405875
0!
#138475821891
1!
#138476133903
0!
#138476341911
1!
#138476446375
0!
#138476550379
1!
#138476654383
0!
#138476966395
1!
#138477174403
0!
#138477382411
1!
#138477493812
0!
#138477701820
1!
#138477805824
0!
#138478013832
1!
#138478221840
0!
#138478429848
1!
#138478534312
0!
#138478638316
1!
#138478846324
0!
#138479054332
1!
#138479262340
0!
#138479470348
1!
#138479574812
0!
#138479886824
1!
#138479990828
0!
#138480094832
1!
#138480302840
0!
#138480510848
1!
#138480615312
0!
#138480719316
1!
#138480823320
0!
#138480927324
1!
#138481031328
0!
#138481135332
1!
#138481343340
0!
#138481551348
1!
#138481655812
0!
#138481863820
1!
#138482071828
0!
#138482175832
1!
#138482383840
0!
#138482591848
1!
#138482696312
0!
#138482800316
1!
#138483112328
0!
#138483216332
1!
#138483424340
0!
#138483632348
1!
#138483743750
0!
#138484159766
1!
#138484471778
0!
#138484679786
1!
#138484784250
0!
#138484888254
1!
#138484992258
0!
#138485200266
1!
#138485512278
0!
#138485720286
1!
#138485824750
0!
#138486344770
1!
#138486552778
0!
#138486760786
1!
#138486865250
0!
#138487073258
1!
#138487177262
0!
#138487489274
1!
#138487593278
0!
#138487801286
1!
#138487905750
0!
#138488009754
1!
#138488113758
0!
#138488217762
1!
#138488425770
0!
#138488841786
1!
#138488946250
0!
#138489154258
1!
#138489258262
0!
#138489362266
1!
#138489466270
0!
#138489882286
1!
#139525142437
0!
#139525662457
1!
#139525766461
0!
#139525870465
1!
#139525974469
0!
#139526078473
1!
#139526182937
0!
#139526286941
1!
#139526390945
0!
#139526494949
1!
#139526598953
0!
#139526806961
1!
#139527014969
0!
#139527118973
1!
#139527223437
0!
#139527431445
1!
#139527535449
0!
#139527743457
1!
#139528055469
0!
#139528159473
1!
#139528263687
0!
#139528367691
1!
#139528471695
0!
#139528679703
1!
#139528783707
0!
#139528887711
1!
#139529095719
0!
#139529199723
1!
#139529304187
0!
#139529512195
1!
#139529824207
0!
#139529928211
1!
#139530136219
0!
#139530240223
1!
#139530344687
0!
#139530448691
1!
#139530760703
0!
#139530968711
1!
#139531176719
0!
#139531280723
1!
#139531385187
0!
#139531489191
1!
#139531593195
0!
#139532009211
1!
#139532217219
0!
#139532321223
1!
#139532425687
0!
#139532737699
1!
#139532841703
0!
#139532945707
1!
#139533257719
0!
#139533361723
1!
#139533466187
0!
#139533570191
1!
#139533674195
0!
#139534090211
1!
#139534298219
0!
#139534402223
1!
#139534506437
0!
#139534714445
1!
#139535026457
0!
#139535130461
1!
#139535338469
0!
#139535442473
1!
#139535546937
0!
#139536170961
1!
#139536274965
0!
#139536482973
1!
#139536587437
0!
#139536691441
1!
#139536899449
0!
#139537107457
1!
#139537211461
0!
#139537315465
1!
#139537419469
0!
#139537523473
1!
#139537627937
0!
#139537731941
1!
#139537835945
0!
#139537939949
1!
#139538147957
0!
#139538251961
1!
#139538355965
0!
#139538563973
1!
#139538668437
0!
#139538772441
1!
#139538980449
0!
#139539396465
1!
#139539500469
0!
#139539604473
1!
#139539708937
0!
#139539812941
1!
#139539916945
0!
#139540436965
1!
#139540540969
0!
#139540644973
1!
#139540749187
0!
#139540957195
1!
#139541269207
0!
#139541477215
1!
#139541581219
0!
#139541685223
1!
#139541789687
0!
#139541893691
1!
#139541997695
0!
#139542101699
1!
#139542205703
0!
#139542517715
1!
#139542621719
0!
#139542725723
1!
#139542830187
0!
#139543038195
1!
#139543142199
0!
#139543246203
1!
#139543558215
0!
#139543766223
1!
#139543876125
0!
#139544500149
1!
#139544604153
0!
#139544812161
1!
#139544916625
0!
#139545436645
1!
#139545540649
0!
#139545644653
1!
#139545748657
0!
#139545852661
1!
#139545957125
0!
#139546061129
1!
#139546165133
0!
#139546269137
1!
#139546373141
0!
#139546581149
1!
#139546789157
0!
#139546893161
1!
#139546997375
0!
#139547205383
1!
#139547517395
0!
#139547621399
1!
#139547829407
0!
#139547933411
1!
#139548037875
0!
#139548141879
1!
#139548453891
0!
#139548661899
1!
#139548869907
0!
#139548973911
1!
#139549078375
0!
#139549182379
1!
#139549494391
0!
#139549702399
1!
#139549910407
0!
#139550014411
1!
#139550118875
0!
#139550222879
1!
#139550326883
0!
#139550430887
1!
#139550534891
0!
#139550638895
1!
#139550950907
0!
#139551054911
1!
#139551159375
0!
#139551367383
1!
#139551679395
0!
#139551783399
1!
#139551991407
0!
#139552095411
1!
#139552199875
0!
#139552303879
1!
#139552407883
0!
#139552823899
1!
#139553031907
0!
#139553135911
1!
#139553243875
0!
#139553867899
1!
#139553971903
0!
#139554179911
1!
#139554284375
0!
#139554596387
1!
#139554700391
0!
#139554908399
1!
#139555116407
0!
#139555220411
1!
#139555324875
0!
#139555428879
1!
#139555532883
0!
#139555948899
1!
#139556156907
0!
#139556260911
1!
#139556365375
0!
#139556677387
1!
#139556885395
0!
#139556989399
1!
#139557197407
0!
#139557301411
1!
#139557405875
0!
#139557509879
1!
#139557613883
0!
#139558029899
1!
#139558237907
0!
#139558341911
1!
#139558446375
0!
#139558550379
1!
#139558654383
0!
#139558758387
1!
#139558966395
0!
#139559070399
1!
#139559278407
0!
#139559382411
1!
#139559493812
0!
#139560117836
1!
#139560221840
0!
#139560429848
1!
#139560534312
0!
#139560638316
1!
#139560846324
0!
#139560950328
1!
#139561054332
0!
#139561158336
1!
#139561366344
0!
#139561470348
1!
#139561574812
0!
#139561678816
1!
#139562094832
0!
#139562198836
1!
#139562406844
0!
#139562510848
1!
#139562615312
0!
#139562823320
1!
#139563135332
0!
#139563239336
1!
#139563447344
0!
#139563551348
1!
#139563655812
0!
#139563967824
1!
#139564071828
0!
#139564279836
1!
#139564487844
0!
#139564591848
1!
#139564696312
0!
#139564800316
1!
#139564904320
0!
#139565112328
1!
#139565216332
0!
#139565320336
1!
#139565528344
0!
#139565632348
1!
#139565743750
0!
#139565847754
1!
#139566055762
0!
#139566263770
1!
#139566575782
0!
#139566679786
1!
#139566784250
0!
#139566888254
1!
#139566992258
0!
#139567200266
1!
#139567304270
0!
#139567408274
1!
#139567616282
0!
#139567720286
1!
#139567824750
0!
#139568448774
1!
#139568552778
0!
#139568760786
1!
#139568865250
0!
#139569177262
1!
#139569281266
0!
#139569593278
1!
#139569697282
0!
#139569801286
1!
#139569905750
0!
#139570009754
1!
#139570113758
0!
#139570633778
1!
#139570737782
0!
#139570841786
1!
#139570946250
0!
#139571154258
1!
#139571258262
0!
#139571466270
1!
#139571570274
0!
#139571674278
1!
#139571778282
0!
#139571882286
1!
#139571993687
0!
#139572097691
1!
#139572201695
0!
#139572305699
1!
#139572409703
0!
#139572513707
1!
#139572617711
0!
#139572721715
1!
#139572825719
0!
#139572929723
1!
#139573034187
0!
#139573242195
1!
#139573346199
0!
#139573554207
1!
#139573658211
0!
#139573762215
1!
#139573866219
0!
#139573970223
1!
#139574074687
0!
#139574178691
1!
#139574282695
0!
#139574802715
1!
#139574906719
0!
#139575010723
1!
#139575115187
0!
#139575427199
1!
#139575531203
0!
#139575635207
1!
#139575739211
0!
#139575843215
1!
#139575947219
0!
#139576051223
1!
#139576155687
0!
#139576259691
1!
#139576363695
0!
#139576779711
1!
#139576883715
0!
#139577091723
1!
#139577196187
0!
#139577820211
1!
#139577924215
0!
#139578132223
1!
#139578243812
0!
#139578555824
1!
#139578659828
0!
#139578763832
1!
#139578867836
0!
#139578971840
1!
#139579075844
0!
#139579179848
1!
#139579284312
0!
#139579388316
1!
#139579804332
0!
#139579908336
1!
#139580116344
0!
#139580220348
1!
#139580324812
0!
#139580428816
1!
#139580532820
0!
#139580636824
1!
#139580844832
0!
#139580948836
1!
#139581156844
0!
#139581260848
1!
#139581365312
0!
#139581573320
1!
#139581677324
0!
#139581989336
1!
#139582197344
0!
#139582301348
1!
#139582405812
0!
#139582509816
1!
#139582925832
0!
#139583029836
1!
#139583237844
0!
#139583341848
1!
#139583446312
0!
#139583758324
1!
#139583966332
0!
#139584070336
1!
#139584278344
0!
#139584382348
1!
#139584493750
0!
#139585117774
1!
#139585221778
0!
#139585429786
1!
#139585534250
0!
#139586054270
1!
#139586366282
0!
#139586470286
1!
#139586574750
0!
#139586678754
1!
#139586782758
0!
#139587198774
1!
#139587406782
0!
#139587510786
1!
#139587615250
0!
#139587823258
1!
#139588135270
0!
#139588239274
1!
#139588447282
0!
#139588551286
1!
#139588655750
0!
#139588759754
1!
#139588863758
0!
#139589071766
1!
#139589175770
0!
#139589279774
1!
#139589487782
0!
#139589591786
1!
#139589696250
0!
#139589800254
1!
#139590008262
0!
#139590320274
1!
#139590528282
0!
#139590632286
1!
#139590743687
0!
#139591367711
1!
#139591471715
0!
#139591679723
1!
#139591784187
0!
#139592096199
1!
#139592200203
0!
#139592408211
1!
#139592616219
0!
#139592720223
1!
#139592824687
0!
#139592928691
1!
#139593032695
0!
#139593240703
1!
#139593344707
0!
#139593448711
1!
#139593656719
0!
#139593760723
1!
#139593865187
0!
#139594177199
1!
#139594281203
0!
#139594385207
1!
#139594697219
0!
#139594801223
1!
#139594905687
0!
#139595009691
1!
#139595113695
0!
#139595217699
1!
#139595321703
0!
#139595529711
1!
#139595737719
0!
#139595841723
1!
#139595946187
0!
#139596050191
1!
#139596258199
0!
#139596362203
1!
#139596466207
0!
#139596570211
1!
#139596778219
0!
#139596882223
1!
#139596993937
0!
#139597097941
1!
#139597201945
0!
#139597617961
1!
#139597825969
0!
#139597929973
1!
#139598034437
0!
#139598242445
1!
#139598554457
0!
#139598658461
1!
#139598866469
0!
#139598970473
1!
#139599074937
0!
#139599698961
1!
#139599802965
0!
#139600010973
1!
#139600115437
0!
#139600219441
1!
#139600323445
0!
#139600739461
1!
#139600947469
0!
#139601051473
1!
#139601155937
0!
#139601467949
1!
#139601571953
0!
#139601675957
1!
#139601987969
0!
#139602091973
1!
#139602196437
0!
#139602300441
1!
#139602404445
0!
#139602820461
1!
#139603028469
0!
#139603132473
1!
#139603243875
0!
#139603347879
1!
#139603451883
0!
#139603555887
1!
#139603659891
0!
#139603763895
1!
#139604075907
0!
#139604179911
1!
#139604284375
0!
#139604908399
1!
#139605012403
0!
#139605220411
1!
#139605324687
0!
#139605844707
1!
#139606156719
0!
#139606260723
1!
#139606365187
0!
#139606469191
1!
#139606573195
0!
#139606677199
1!
#139606781203
0!
#139606989211
1!
#139607197219
0!
#139607301223
1!
#139607405687
0!
#139607613695
1!
#139607925707
0!
#139608029711
1!
#139608237719
0!
#139608341723
1!
#139608446187
0!
#139608550191
1!
#139608862203
0!
#139609070211
1!
#139609278219
0!
#139609382223
1!
#139609493937
0!
#139609597941
1!
#139609909953
0!
#139610117961
1!
#139610325969
0!
#139610429973
1!
#139610534437
0!
#139610638441
1!
#139610742445
0!
#139610846449
1!
#139610950453
0!
#139611054457
1!
#139611366469
0!
#139611470473
1!
#139611574937
0!
#139611782945
1!
#139612094957
0!
#139612198961
1!
#139612406969
0!
#139612510973
1!
#139612615437
0!
#139612719441
1!
#139612823445
0!
#139613239461
1!
#139613447469
0!
#139613551473
1!
#139613655937
0!
#139614279961
1!
#139614383965
0!
#139614591973
1!
#139614696437
0!
#139615008449
1!
#139615112453
0!
#139615216457
1!
#139615528469
0!
#139615632473
1!
#139615743875
0!
#139615847879
1!
#139615951883
0!
#139616055887
1!
#139616159891
0!
#139616367899
1!
#139616575907
0!
#139616679911
1!
#139616784375
0!
#139616992383
1!
#139617096387
0!
#139617304395
1!
#139617616407
0!
#139617720411
1!
#139617824875
0!
#139618136887
1!
#139618240891
0!
#139618448899
1!
#139618656907
0!
#139618760911
1!
#139618865375
0!
#139618969379
1!
#139619073383
0!
#139619177387
1!
#139619281391
0!
#139619489399
1!
#139619697407
0!
#139619801411
1!
#139619905875
0!
#139620217887
1!
#139620321891
0!
#139620425895
1!
#139620737907
0!
#139620841911
1!
#139620946375
0!
#139621050379
1!
#139621154383
0!
#139621258387
1!
#139621362391
0!
#139621570399
1!
#139621778407
0!
#139621882411
1!
#139621993812
0!
#139622097816
1!
#139622305824
0!
#139622409828
1!
#139622513832
0!
#139622617836
1!
#139622825844
0!
#139622929848
1!
#139623034312
0!
#139623138316
1!
#139623346324
0!
#139623554332
1!
#139623866344
0!
#139623970348
1!
#139624074812
0!
#139624178816
1!
#139624282820
0!
#139624490828
1!
#139624594832
0!
#139624698836
1!
#139624906844
0!
#139625010848
1!
#139625115312
0!
#139625739336
1!
#139625843340
0!
#139626051348
1!
#139626155812
0!
#139626363820
1!
#139626467824
0!
#139626571828
1!
#139626675832
0!
#139626779836
1!
#139626987844
0!
#139627091848
1!
#139627196312
0!
#139627300316
1!
#139627404320
0!
#139627820336
1!
#139628028344
0!
#139628132348
1!
#139628243750
0!
#139628555762
1!
#139628659766
0!
#139628763770
1!
#139629075782
0!
#139629179786
1!
#139629284250
0!
#139629388254
1!
#139629492258
0!
#139629596262
1!
#139629700266
0!
#139629804270
1!
#139630116282
0!
#139630220286
1!
#139630324750
0!
#139630740766
1!
#139630844770
0!
#139630948774
1!
#139631156782
0!
#139631260786
1!
#139631365250
0!
#139631573258
1!
#139631885270
0!
#139631989274
1!
#139632093278
0!
#139632301286
1!
#139632405562
0!
#139632613570
1!
#139632717574
0!
#139632821578
1!
#139633029586
0!
#139633341598
1!
#141963399562
0!
#141963503566
1!
#141963607570
0!
#141964127590
1!
#141964231594
0!
#141964335598
1!
#141964440062
0!
#141964752074
1!
#141964856078
0!
#141964960082
1!
#141965064086
0!
#141965168090
1!
#141965272094
0!
#141965376098
1!
#141965485000
0!
#141965589004
1!
#141965797012
0!
#141965901016
1!
#141966005020
0!
#141966109024
1!
#141966213028
0!
#141966421036
1!
#141966525500
0!
#141966629504
1!
#141966837512
0!
#141967253528
1!
#141967357532
0!
#141967461536
1!
#141967566000
0!
#141967670004
1!
#141967774008
0!
#141967878012
1!
#141968086020
0!
#141968294028
1!
#141968398032
0!
#141968502036
1!
#141968606500
0!
#141968710504
1!
#141969022516
0!
#141969334528
1!
#141969438532
0!
#141969542536
1!
#141969647000
0!
#141969751004
1!
#141969959012
0!
#141970167020
1!
#141970271024
0!
#141970375028
1!
#141970479032
0!
#141970583036
1!
#141970687500
0!
#141970791504
1!
#141970895508
0!
#141970999512
1!
#141971415528
0!
#141971623536
1!
#141971734937
0!
#141971942945
1!
#141972046949
0!
#141972358961
1!
#141972462965
0!
#141972670973
1!
#141972775437
0!
#141972879441
1!
#141973087449
0!
#141973191453
1!
#141973295457
0!
#141973399461
1!
#141973503465
0!
#141973711473
1!
#141973815937
0!
#141974023945
1!
#141974231953
0!
#141974335957
1!
#141974543965
0!
#141974751973
1!
#141974856250
0!
#141975064258
1!
#141975168262
0!
#141975376270
1!
#141975584278
0!
#141975792286
1!
#141975896750
0!
#141976312766
1!
#141976624778
0!
#141976832786
1!
#141976937250
0!
#141977041254
1!
#141977145258
0!
#141977457270
1!
#141977665278
0!
#141977873286
1!
#141977985000
0!
#141978193008
1!
#141978297012
0!
#141978505020
1!
#141978713028
0!
#141978921036
1!
#141979025500
0!
#141979129504
1!
#141979337512
0!
#141979545520
1!
#141979753528
0!
#141979961536
1!
#141980066000
0!
#141980378012
1!
#141980482016
0!
#141980586020
1!
#141980794028
0!
#141981002036
1!
#141981106500
0!
#141981210504
1!
#141981314508
0!
#141981418512
1!
#141981522516
0!
#141981626520
1!
#141981834528
0!
#141982042536
1!
#141982147000
0!
#141982355008
1!
#141982563016
0!
#141982667020
1!
#141982875028
0!
#141983083036
1!
#141983187500
0!
#141983291504
1!
#141983603516
0!
#141983707520
1!
#141983915528
0!
#141984123536
1!
#141984234937
0!
#141984650953
1!
#141984962965
0!
#141985170973
1!
#141985275437
0!
#141985379441
1!
#141985483445
0!
#141985691453
1!
#141986003465
0!
#141986211473
1!
#141986315937
0!
#141986835957
1!
#141987043965
0!
#141987251973
1!
#141987356437
0!
#141987564445
1!
#141987668449
0!
#141987980461
1!
#141988084465
0!
#141988292473
1!
#141988396937
0!
#141988500941
1!
#141988604945
0!
#141988708949
1!
#141988916957
0!
#141989332973
1!
#141989437437
0!
#141989645445
1!
#141989749449
0!
#141989853453
1!
#141989957457
0!
#141990373473
1!
#143025633625
0!
#143026153645
1!
#143026257649
0!
#143026361653
1!
#143026465657
0!
#143026569661
1!
#143026674125
0!
#143026778129
1!
#143026882133
0!
#143026986137
1!
#143027090141
0!
#143027298149
1!
#143027506157
0!
#143027610161
1!
#143027714625
0!
#143027922633
1!
#143028026637
0!
#143028234645
1!
#143028546657
0!
#143028650661
1!
#143028754875
0!
#143028858879
1!
#143028962883
0!
#143029170891
1!
#143029274895
0!
#143029378899
1!
#143029586907
0!
#143029690911
1!
#143029795375
0!
#143030003383
1!
#143030315395
0!
#143030419399
1!
#143030627407
0!
#143030731411
1!
#143030835875
0!
#143030939879
1!
#143031251891
0!
#143031459899
1!
#143031667907
0!
#143031771911
1!
#143031876375
0!
#143031980379
1!
#143032084383
0!
#143032500399
1!
#143032708407
0!
#143032812411
1!
#143032916875
0!
#143033228887
1!
#143033332891
0!
#143033436895
1!
#143033748907
0!
#143033852911
1!
#143033957375
0!
#143034061379
1!
#143034165383
0!
#143034581399
1!
#143034789407
0!
#143034893411
1!
#143034997625
0!
#143035205633
1!
#143035517645
0!
#143035621649
1!
#143035829657
0!
#143035933661
1!
#143036038125
0!
#143036662149
1!
#143036766153
0!
#143036974161
1!
#143037078625
0!
#143037182629
1!
#143037390637
0!
#143037598645
1!
#143037702649
0!
#143037806653
1!
#143037910657
0!
#143038014661
1!
#143038119125
0!
#143038223129
1!
#143038327133
0!
#143038431137
1!
#143038639145
0!
#143038743149
1!
#143038847153
0!
#143039055161
1!
#143039159625
0!
#143039263629
1!
#143039471637
0!
#143039887653
1!
#143039991657
0!
#143040095661
1!
#143040200125
0!
#143040304129
1!
#143040408133
0!
#143040928153
1!
#143041032157
0!
#143041136161
1!
#143041240375
0!
#143041448383
1!
#143041760395
0!
#143041968403
1!
#143042072407
0!
#143042176411
1!
#143042280875
0!
#143042384879
1!
#143042488883
0!
#143042592887
1!
#143042696891
0!
#143043008903
1!
#143043112907
0!
#143043216911
1!
#143043321375
0!
#143043529383
1!
#143043633387
0!
#143043737391
1!
#143044049403
0!
#143044257411
1!
#143044361875
0!
#143044985899
1!
#143045089903
0!
#143045297911
1!
#143045402375
0!
#143045922395
1!
#143046026399
0!
#143046130403
1!
#143046234407
0!
#143046338411
1!
#143046442875
0!
#143046546879
1!
#143046650883
0!
#143046754887
1!
#143046858891
0!
#143047066899
1!
#143047274907
0!
#143047378911
1!
#143047485000
0!
#143047693008
1!
#143048005020
0!
#143048109024
1!
#143048317032
0!
#143048421036
1!
#143048525500
0!
#143048629504
1!
#143048941516
0!
#143049149524
1!
#143049357532
0!
#143049461536
1!
#143049566000
0!
#143049670004
1!
#143049982016
0!
#143050190024
1!
#143050398032
0!
#143050502036
1!
#143050606500
0!
#143050710504
1!
#143050814508
0!
#143050918512
1!
#143051022516
0!
#143051126520
1!
#143051438532
0!
#143051542536
1!
#143051647000
0!
#143051855008
1!
#143052167020
0!
#143052271024
1!
#143052479032
0!
#143052583036
1!
#143052687500
0!
#143052791504
1!
#143052895508
0!
#143053311524
1!
#143053519532
0!
#143053623536
1!
#143053734937
0!
#143054358961
1!
#143054462965
0!
#143054670973
1!
#143054775437
0!
#143055087449
1!
#143055191453
0!
#143055399461
1!
#143055607469
0!
#143055711473
1!
#143055815937
0!
#143055919941
1!
#143056023945
0!
#143056439961
1!
#143056647969
0!
#143056751973
1!
#143056856437
0!
#143057168449
1!
#143057376457
0!
#143057480461
1!
#143057688469
0!
#143057792473
1!
#143057896937
0!
#143058000941
1!
#143058104945
0!
#143058520961
1!
#143058728969
0!
#143058832973
1!
#143058937437
0!
#143059041441
1!
#143059145445
0!
#143059249449
1!
#143059457457
0!
#143059561461
1!
#143059769469
0!
#143059873473
1!
#143059984875
0!
#143060608899
1!
#143060712903
0!
#143060920911
1!
#143061025375
0!
#143061129379
1!
#143061337387
0!
#143061441391
1!
#143061545395
0!
#143061649399
1!
#143061857407
0!
#143061961411
1!
#143062065875
0!
#143062169879
1!
#143062585895
0!
#143062689899
1!
#143062897907
0!
#143063001911
1!
#143063106375
0!
#143063314383
1!
#143063626395
0!
#143063730399
1!
#143063938407
0!
#143064042411
1!
#143064146875
0!
#143064458887
1!
#143064562891
0!
#143064770899
1!
#143064978907
0!
#143065082911
1!
#143065187375
0!
#143065291379
1!
#143065395383
0!
#143065603391
1!
#143065707395
0!
#143065811399
1!
#143066019407
0!
#143066123411
1!
#143066235125
0!
#143066339129
1!
#143066547137
0!
#143066755145
1!
#143067067157
0!
#143067171161
1!
#143067275625
0!
#143067379629
1!
#143067483633
0!
#143067691641
1!
#143067795645
0!
#143067899649
1!
#143068107657
0!
#143068211661
1!
#143068316125
0!
#143068940149
1!
#143069044153
0!
#143069252161
1!
#143069356625
0!
#143069668637
1!
#143069772641
0!
#143070084653
1!
#143070188657
0!
#143070292661
1!
#143070397125
0!
#143070501129
1!
#143070605133
0!
#143071125153
1!
#143071229157
0!
#143071333161
1!
#143071437625
0!
#143071645633
1!
#143071749637
0!
#143071957645
1!
#143072061649
0!
#143072165653
1!
#143072269657
0!
#143072373661
1!
#143072485062
0!
#143072589066
1!
#143072693070
0!
#143072797074
1!
#143072901078
0!
#143073005082
1!
#143073109086
0!
#143073213090
1!
#143073317094
0!
#143073421098
1!
#143073525562
0!
#143073733570
1!
#143073837574
0!
#143074045582
1!
#143074149586
0!
#143074253590
1!
#143074357594
0!
#143074461598
1!
#143074566062
0!
#143074670066
1!
#143074774070
0!
#143075294090
1!
#143075398094
0!
#143075502098
1!
#143075606562
0!
#143075918574
1!
#143076022578
0!
#143076126582
1!
#143076230586
0!
#143076334590
1!
#143076438594
0!
#143076542598
1!
#143076647062
0!
#143076751066
1!
#143076855070
0!
#143077271086
1!
#143077375090
0!
#143077583098
1!
#143077687562
0!
#143078311586
1!
#143078415590
0!
#143078623598
1!
#143078735000
0!
#143079047012
1!
#143079151016
0!
#143079255020
1!
#143079359024
0!
#143079463028
1!
#143079567032
0!
#143079671036
1!
#143079775500
0!
#143079879504
1!
#143080295520
0!
#143080399524
1!
#143080607532
0!
#143080711536
1!
#143080816000
0!
#143080920004
1!
#143081024008
0!
#143081128012
1!
#143081336020
0!
#143081440024
1!
#143081648032
0!
#143081752036
1!
#143081856500
0!
#143082064508
1!
#143082168512
0!
#143082480524
1!
#143082688532
0!
#143082792536
1!
#143082897000
0!
#143083001004
1!
#143083417020
0!
#143083521024
1!
#143083729032
0!
#143083833036
1!
#143083937500
0!
#143084249512
1!
#143084457520
0!
#143084561524
1!
#143084769532
0!
#143084873536
1!
#143084984937
0!
#143085608961
1!
#143085712965
0!
#143085920973
1!
#143086025437
0!
#143086545457
1!
#143086857469
0!
#143086961473
1!
#143087065937
0!
#143087169941
1!
#143087273945
0!
#143087689961
1!
#143087897969
0!
#143088001973
1!
#143088106437
0!
#143088314445
1!
#143088626457
0!
#143088730461
1!
#143088938469
0!
#143089042473
1!
#143089146937
0!
#143089250941
1!
#143089354945
0!
#143089562953
1!
#143089666957
0!
#143089770961
1!
#143089978969
0!
#143090082973
1!
#143090187437
0!
#143090291441
1!
#143090499449
0!
#143090811461
1!
#143091019469
0!
#143091123473
1!
#143091234875
0!
#143091858899
1!
#143091962903
0!
#143092170911
1!
#143092275375
0!
#143092587387
1!
#143092691391
0!
#143092899399
1!
#143093107407
0!
#143093211411
1!
#143093315875
0!
#143093419879
1!
#143093523883
0!
#143093731891
1!
#143093835895
0!
#143093939899
1!
#143094147907
0!
#143094251911
1!
#143094356375
0!
#143094668387
1!
#143094772391
0!
#143094876395
1!
#143095188407
0!
#143095292411
1!
#143095396875
0!
#143095500879
1!
#143095604883
0!
#143095708887
1!
#143095812891
0!
#143096020899
1!
#143096228907
0!
#143096332911
1!
#143096437375
0!
#143096541379
1!
#143096749387
0!
#143096853391
1!
#143096957395
0!
#143097061399
1!
#143097269407
0!
#143097373411
1!
#143097485125
0!
#143097589129
1!
#143097693133
0!
#143098109149
1!
#143098317157
0!
#143098421161
1!
#143098525625
0!
#143098733633
1!
#143099045645
0!
#143099149649
1!
#143099357657
0!
#143099461661
1!
#143099566125
0!
#143100190149
1!
#143100294153
0!
#143100502161
1!
#143100606625
0!
#143100710629
1!
#143100814633
0!
#143101230649
1!
#143101438657
0!
#143101542661
1!
#143101647125
0!
#143101959137
1!
#143102063141
0!
#143102167145
1!
#143102479157
0!
#143102583161
1!
#143102687625
0!
#143102791629
1!
#143102895633
0!
#143103311649
1!
#143103519657
0!
#143103623661
1!
#143103735062
0!
#143103839066
1!
#143103943070
0!
#143104047074
1!
#143104151078
0!
#143104255082
1!
#143104567094
0!
#143104671098
1!
#143104775562
0!
#143105399586
1!
#143105503590
0!
#143105711598
1!
#143105816062
0!
#143106336082
1!
#143106648094
0!
#143106752098
1!
#143106856562
0!
#143106960566
1!
#143107064570
0!
#143107168574
1!
#143107272578
0!
#143107480586
1!
#143107688594
0!
#143107792598
1!
#143107897062
0!
#143108105070
1!
#143108417082
0!
#143108521086
1!
#143108729094
0!
#143108833098
1!
#143108937562
0!
#143109041566
1!
#143109353578
0!
#143109561586
1!
#143109769594
0!
#143109873598
1!
#143109985000
0!
#143110089004
1!
#143110401016
0!
#143110609024
1!
#143110817032
0!
#143110921036
1!
#143111025500
0!
#143111129504
1!
#143111233508
0!
#143111337512
1!
#143111441516
0!
#143111545520
1!
#143111857532
0!
#143111961536
1!
#143112066000
0!
#143112274008
1!
#143112586020
0!
#143112690024
1!
#143112898032
0!
#143113002036
1!
#143113106500
0!
#143113210504
1!
#143113314508
0!
#143113730524
1!
#143113938532
0!
#143114042536
1!
#143114147000
0!
#143114771024
1!
#143114875028
0!
#143115083036
1!
#143115187500
0!
#143115499512
1!
#143115603516
0!
#143115707520
1!
#143116019532
0!
#143116123536
1!
#143116234937
0!
#143116338941
1!
#143116442945
0!
#143116546949
1!
#143116650953
0!
#143116858961
1!
#143117066969
0!
#143117170973
1!
#143117275437
0!
#143117483445
1!
#143117587449
0!
#143117795457
1!
#143118107469
0!
#143118211473
1!
#143118315937
0!
#143118627949
1!
#143118731953
0!
#143118939961
1!
#143119147969
0!
#143119251973
1!
#143119356437
0!
#143119460441
1!
#143119564445
0!
#143119668449
1!
#143119772453
0!
#143119980461
1!
#143120188469
0!
#143120292473
1!
#143120396937
0!
#143120708949
1!
#143120812953
0!
#143120916957
1!
#143121228969
0!
#143121332973
1!
#143121437437
0!
#143121541441
1!
#143121645445
0!
#143121749449
1!
#143121853453
0!
#143122061461
1!
#143122269469
0!
#143122373473
1!
#143122484875
0!
#143122588879
1!
#143122796887
0!
#143122900891
1!
#143123004895
0!
#143123108899
1!
#143123316907
0!
#143123420911
1!
#143123525375
0!
#143123629379
1!
#143123837387
0!
#143124045395
1!
#143124357407
0!
#143124461411
1!
#143124565875
0!
#143124669879
1!
#143124773883
0!
#143124981891
1!
#143125085895
0!
#143125189899
1!
#143125397907
0!
#143125501911
1!
#143125606375
0!
#143126230399
1!
#143126334403
0!
#143126542411
1!
#143126646875
0!
#143126854883
1!
#143126958887
0!
#143127062891
1!
#143127166895
0!
#143127270899
1!
#143127478907
0!
#143127582911
1!
#143127687375
0!
#143127791379
1!
#143127895383
0!
#143128311399
1!
#143128519407
0!
#143128623411
1!
#143128735125
0!
#143129047137
1!
#143129151141
0!
#143129255145
1!
#143129567157
0!
#143129671161
1!
#143129775625
0!
#143129879629
1!
#143129983633
0!
#143130087637
1!
#143130191641
0!
#143130295645
1!
#143130607657
0!
#143130711661
1!
#143130816125
0!
#143131232141
1!
#143131336145
0!
#143131440149
1!
#143131648157
0!
#143131752161
1!
#143131856625
0!
#143132064633
1!
#143132376645
0!
#143132480649
1!
#143132584653
0!
#143132792661
1!
#143132896937
0!
#143133104945
1!
#143133208949
0!
#143133312953
1!
#143133520961
0!
#143133832973
1!
#145463889812
0!
#145463993816
1!
#145464097820
0!
#145464617840
1!
#145464721844
0!
#145464825848
1!
#145464930312
0!
#145465242324
1!
#145465346328
0!
#145465450332
1!
#145465554336
0!
#145465658340
1!
#145465762344
0!
#145465866348
1!
#145465975562
0!
#145466079566
1!
#145466287574
0!
#145466391578
1!
#145466495582
0!
#145466599586
1!
#145466703590
0!
#145466911598
1!
#145467016062
0!
#145467120066
1!
#145467328074
0!
#145467744090
1!
#145467848094
0!
#145467952098
1!
#145468056562
0!
#145468160566
1!
#145468264570
0!
#145468368574
1!
#145468576582
0!
#145468784590
1!
#145468888594
0!
#145468992598
1!
#145469097062
0!
#145469201066
1!
#145469513078
0!
#145469825090
1!
#145469929094
0!
#145470033098
1!
#145470137562
0!
#145470241566
1!
#145470449574
0!
#145470657582
1!
#145470761586
0!
#145470865590
1!
#145470969594
0!
#145471073598
1!
#145471178062
0!
#145471282066
1!
#145471386070
0!
#145471490074
1!
#145471906090
0!
#145472114098
1!
#145472225500
0!
#145472433508
1!
#145472537512
0!
#145472849524
1!
#145472953528
0!
#145473161536
1!
#145473266000
0!
#145473370004
1!
#145473578012
0!
#145473682016
1!
#145473786020
0!
#145473890024
1!
#145473994028
0!
#145474202036
1!
#145474306500
0!
#145474514508
1!
#145474722516
0!
#145474826520
1!
#145475034528
0!
#145475242536
1!
#145475347000
0!
#145475555008
1!
#145475659012
0!
#145475867020
1!
#145476075028
0!
#145476283036
1!
#145476387500
0!
#145476803516
1!
#145477115528
0!
#145477323536
1!
#145477428000
0!
#145477532004
1!
#145477636008
0!
#145477948020
1!
#145478156028
0!
#145478364036
1!
#145478475437
0!
#145478683445
1!
#145478787449
0!
#145478995457
1!
#145479203465
0!
#145479411473
1!
#145479515937
0!
#145479619941
1!
#145479827949
0!
#145480035957
1!
#145480243965
0!
#145480451973
1!
#145480556437
0!
#145480868449
1!
#145480972453
0!
#145481076457
1!
#145481284465
0!
#145481492473
1!
#145481596937
0!
#145481700941
1!
#145481804945
0!
#145481908949
1!
#145482012953
0!
#145482116957
1!
#145482324965
0!
#145482532973
1!
#145482637437
0!
#145482845445
1!
#145483053453
0!
#145483157457
1!
#145483365465
0!
#145483573473
1!
#145483677937
0!
#145483781941
1!
#145484093953
0!
#145484197957
1!
#145484405965
0!
#145484613973
1!
#145484725375
0!
#145485141391
1!
#145485453403
0!
#145485661411
1!
#145485765875
0!
#145485869879
1!
#145485973883
0!
#145486181891
1!
#145486493903
0!
#145486701911
1!
#145486806375
0!
#145487326395
1!
#145487534403
0!
#145487742411
1!
#145487846875
0!
#145488054883
1!
#145488158887
0!
#145488470899
1!
#145488574903
0!
#145488782911
1!
#145488887375
0!
#145488991379
1!
#145489095383
0!
#145489199387
1!
#145489407395
0!
#145489823411
1!
#145489927875
0!
#145490135883
1!
#145490239887
0!
#145490343891
1!
#145490447895
0!
#145490863911
1!
#146526124062
0!
#146526644082
1!
#146526748086
0!
#146526852090
1!
#146526956094
0!
#146527060098
1!
#146527164562
0!
#146527268566
1!
#146527372570
0!
#146527476574
1!
#146527580578
0!
#146527788586
1!
#146527996594
0!
#146528100598
1!
#146528205062
0!
#146528413070
1!
#146528517074
0!
#146528725082
1!
#146529037094
0!
#146529141098
1!
#146529245312
0!
#146529349316
1!
#146529453320
0!
#146529661328
1!
#146529765332
0!
#146529869336
1!
#146530077344
0!
#146530181348
1!
#146530285812
0!
#146530493820
1!
#146530805832
0!
#146530909836
1!
#146531117844
0!
#146531221848
1!
#146531326312
0!
#146531430316
1!
#146531742328
0!
#146531950336
1!
#146532158344
0!
#146532262348
1!
#146532366812
0!
#146532470816
1!
#146532574820
0!
#146532990836
1!
#146533198844
0!
#146533302848
1!
#146533407312
0!
#146533719324
1!
#146533823328
0!
#146533927332
1!
#146534239344
0!
#146534343348
1!
#146534447812
0!
#146534551816
1!
#146534655820
0!
#146535071836
1!
#146535279844
0!
#146535383848
1!
#146535488062
0!
#146535696070
1!
#146536008082
0!
#146536112086
1!
#146536320094
0!
#146536424098
1!
#146536528562
0!
#146537152586
1!
#146537256590
0!
#146537464598
1!
#146537569062
0!
#146537673066
1!
#146537881074
0!
#146538089082
1!
#146538193086
0!
#146538297090
1!
#146538401094
0!
#146538505098
1!
#146538609562
0!
#146538713566
1!
#146538817570
0!
#146538921574
1!
#146539129582
0!
#146539233586
1!
#146539337590
0!
#146539545598
1!
#146539650062
0!
#146539754066
1!
#146539962074
0!
#146540378090
1!
#146540482094
0!
#146540586098
1!
#146540690562
0!
#146540794566
1!
#146540898570
0!
#146541418590
1!
#146541522594
0!
#146541626598
1!
#146541730812
0!
#146541938820
1!
#146542250832
0!
#146542458840
1!
#146542562844
0!
#146542666848
1!
#146542771312
0!
#146542875316
1!
#146542979320
0!
#146543083324
1!
#146543187328
0!
#146543499340
1!
#146543603344
0!
#146543707348
1!
#146543811812
0!
#146544019820
1!
#146544123824
0!
#146544227828
1!
#146544539840
0!
#146544747848
1!
#146544852312
0!
#146545476336
1!
#146545580340
0!
#146545788348
1!
#146545892812
0!
#146546412832
1!
#146546516836
0!
#146546620840
1!
#146546724844
0!
#146546828848
1!
#146546933312
0!
#146547037316
1!
#146547141320
0!
#146547245324
1!
#146547349328
0!
#146547557336
1!
#146547765344
0!
#146547869348
1!
#146547975437
0!
#146548183445
1!
#146548495457
0!
#146548599461
1!
#146548807469
0!
#146548911473
1!
#146549015937
0!
#146549119941
1!
#146549431953
0!
#146549639961
1!
#146549847969
0!
#146549951973
1!
#146550056437
0!
#146550160441
1!
#146550472453
0!
#146550680461
1!
#146550888469
0!
#146550992473
1!
#146551096937
0!
#146551200941
1!
#146551304945
0!
#146551408949
1!
#146551512953
0!
#146551616957
1!
#146551928969
0!
#146552032973
1!
#146552137250
0!
#146552345258
1!
#146552657270
0!
#146552761274
1!
#146552969282
0!
#146553073286
1!
#146553177750
0!
#146553281754
1!
#146553385758
0!
#146553801774
1!
#146554009782
0!
#146554113786
1!
#146554225500
0!
#146554849524
1!
#146554953528
0!
#146555161536
1!
#146555266000
0!
#146555578012
1!
#146555682016
0!
#146555890024
1!
#146556098032
0!
#146556202036
1!
#146556306500
0!
#146556410504
1!
#146556514508
0!
#146556930524
1!
#146557138532
0!
#146557242536
1!
#146557347000
0!
#146557659012
1!
#146557867020
0!
#146557971024
1!
#146558179032
0!
#146558283036
1!
#146558387500
0!
#146558491504
1!
#146558595508
0!
#146559011524
1!
#146559219532
0!
#146559323536
1!
#146559428000
0!
#146559532004
1!
#146559636008
0!
#146559740012
1!
#146559948020
0!
#146560052024
1!
#146560260032
0!
#146560364036
1!
#146560475437
0!
#146561099461
1!
#146561203465
0!
#146561411473
1!
#146561515937
0!
#146561619941
1!
#146561827949
0!
#146561931953
1!
#146562035957
0!
#146562139961
1!
#146562347969
0!
#146562451973
1!
#146562556437
0!
#146562660441
1!
#146563076457
0!
#146563180461
1!
#146563388469
0!
#146563492473
1!
#146563596937
0!
#146563804945
1!
#146564116957
0!
#146564220961
1!
#146564428969
0!
#146564532973
1!
#146564637437
0!
#146564949449
1!
#146565053453
0!
#146565261461
1!
#146565469469
0!
#146565573473
1!
#146565677937
0!
#146565781941
1!
#146565885945
0!
#146566093953
1!
#146566197957
0!
#146566301961
1!
#146566509969
0!
#146566613973
1!
#146566725375
0!
#146566829379
1!
#146567037387
0!
#146567245395
1!
#146567557407
0!
#146567661411
1!
#146567765875
0!
#146567869879
1!
#146567973883
0!
#146568181891
1!
#146568285895
0!
#146568389899
1!
#146568597907
0!
#146568701911
1!
#146568806375
0!
#146569430399
1!
#146569534403
0!
#146569742411
1!
#146569846875
0!
#146570158887
1!
#146570262891
0!
#146570574903
1!
#146570678907
0!
#146570782911
1!
#146570887375
0!
#146570991379
1!
#146571095383
0!
#146571615403
1!
#146571719407
0!
#146571823411
1!
#146571927875
0!
#146572135883
1!
#146572239887
0!
#146572447895
1!
#146572551899
0!
#146572655903
1!
#146572759907
0!
#146572863911
1!
#146572975312
0!
#146573079316
1!
#146573183320
0!
#146573287324
1!
#146573391328
0!
#146573495332
1!
#146573599336
0!
#146573703340
1!
#146573807344
0!
#146573911348
1!
#146574015812
0!
#146574223820
1!
#146574327824
0!
#146574535832
1!
#146574639836
0!
#146574743840
1!
#146574847844
0!
#146574951848
1!
#146575056312
0!
#146575160316
1!
#146575264320
0!
#146575784340
1!
#146575888344
0!
#146575992348
1!
#146576096812
0!
#146576408824
1!
#146576512828
0!
#146576616832
1!
#146576720836
0!
#146576824840
1!
#146576928844
0!
#146577032848
1!
#146577137312
0!
#146577241316
1!
#146577345320
0!
#146577761336
1!
#146577865340
0!
#146578073348
1!
#146578177812
0!
#146578801836
1!
#146578905840
0!
#146579113848
1!
#146579225437
0!
#146579537449
1!
#146579641453
0!
#146579745457
1!
#146579849461
0!
#146579953465
1!
#146580057469
0!
#146580161473
1!
#146580265937
0!
#146580369941
1!
#146580785957
0!
#146580889961
1!
#146581097969
0!
#146581201973
1!
#146581306437
0!
#146581410441
1!
#146581514445
0!
#146581618449
1!
#146581826457
0!
#146581930461
1!
#146582138469
0!
#146582242473
1!
#146582346937
0!
#146582554945
1!
#146582658949
0!
#146582970961
1!
#146583178969
0!
#146583282973
1!
#146583387437
0!
#146583491441
1!
#146583907457
0!
#146584011461
1!
#146584219469
0!
#146584323473
1!
#146584427937
0!
#146584739949
1!
#146584947957
0!
#146585051961
1!
#146585259969
0!
#146585363973
1!
#146585475375
0!
#146586099399
1!
#146586203403
0!
#146586411411
1!
#146586515875
0!
#146587035895
1!
#146587347907
0!
#146587451911
1!
#146587556375
0!
#146587660379
1!
#146587764383
0!
#146588180399
1!
#146588388407
0!
#146588492411
1!
#146588596875
0!
#146588804883
1!
#146589116895
0!
#146589220899
1!
#146589428907
0!
#146589532911
1!
#146589637375
0!
#146589741379
1!
#146589845383
0!
#146590053391
1!
#146590157395
0!
#146590261399
1!
#146590469407
0!
#146590573411
1!
#146590677875
0!
#146590781879
1!
#146590989887
0!
#146591301899
1!
#146591509907
0!
#146591613911
1!
#146591725312
0!
#146592349336
1!
#146592453340
0!
#146592661348
1!
#146592765812
0!
#146593077824
1!
#146593181828
0!
#146593389836
1!
#146593597844
0!
#146593701848
1!
#146593806312
0!
#146593910316
1!
#146594014320
0!
#146594222328
1!
#146594326332
0!
#146594430336
1!
#146594638344
0!
#146594742348
1!
#146594846812
0!
#146595158824
1!
#146595262828
0!
#146595366832
1!
#146595678844
0!
#146595782848
1!
#146595887312
0!
#146595991316
1!
#146596095320
0!
#146596199324
1!
#146596303328
0!
#146596511336
1!
#146596719344
0!
#146596823348
1!
#146596927812
0!
#146597031816
1!
#146597239824
0!
#146597343828
1!
#146597447832
0!
#146597551836
1!
#146597759844
0!
#146597863848
1!
#146597975562
0!
#146598079566
1!
#146598183570
0!
#146598599586
1!
#146598807594
0!
#146598911598
1!
#146599016062
0!
#146599224070
1!
#146599536082
0!
#146599640086
1!
#146599848094
0!
#146599952098
1!
#146600056562
0!
#146600680586
1!
#146600784590
0!
#146600992598
1!
#146601097062
0!
#146601201066
1!
#146601305070
0!
#146601721086
1!
#146601929094
0!
#146602033098
1!
#146602137562
0!
#146602449574
1!
#146602553578
0!
#146602657582
1!
#146602969594
0!
#146603073598
1!
#146603178062
0!
#146603282066
1!
#146603386070
0!
#146603802086
1!
#146604010094
0!
#146604114098
1!
#146604225500
0!
#146604329504
1!
#146604433508
0!
#146604537512
1!
#146604641516
0!
#146604745520
1!
#146605057532
0!
#146605161536
1!
#146605266000
0!
#146605890024
1!
#146605994028
0!
#146606202036
1!
#146606306500
0!
#146606826520
1!
#146607138532
0!
#146607242536
1!
#146607347000
0!
#146607451004
1!
#146607555008
0!
#146607659012
1!
#146607763016
0!
#146607971024
1!
#146608179032
0!
#146608283036
1!
#146608387500
0!
#146608595508
1!
#146608907520
0!
#146609011524
1!
#146609219532
0!
#146609323536
1!
#146609428000
0!
#146609532004
1!
#146609844016
0!
#146610052024
1!
#146610260032
0!
#146610364036
1!
#146610475437
0!
#146610579441
1!
#146610891453
0!
#146611099461
1!
#146611307469
0!
#146611411473
1!
#146611515937
0!
#146611619941
1!
#146611723945
0!
#146611827949
1!
#146611931953
0!
#146612035957
1!
#146612347969
0!
#146612451973
1!
#146612556250
0!
#146612764258
1!
#146613076270
0!
#146613180274
1!
#146613388282
0!
#146613492286
1!
#146613596750
0!
#146613700754
1!
#146613804758
0!
#146614220774
1!
#146614428782
0!
#146614532786
1!
#146614637250
0!
#146615261274
1!
#146615365278
0!
#146615573286
1!
#146615677750
0!
#146615989762
1!
#146616093766
0!
#146616197770
1!
#146616509782
0!
#146616613786
1!
#146616725500
0!
#146616829504
1!
#146616933508
0!
#146617037512
1!
#146617141516
0!
#146617349524
1!
#146617557532
0!
#146617661536
1!
#146617766000
0!
#146617974008
1!
#146618078012
0!
#146618286020
1!
#146618598032
0!
#146618702036
1!
#146618806500
0!
#146619118512
1!
#146619222516
0!
#146619430524
1!
#146619638532
0!
#146619742536
1!
#146619847000
0!
#146619951004
1!
#146620055008
0!
#146620159012
1!
#146620263016
0!
#146620471024
1!
#146620679032
0!
#146620783036
1!
#146620887500
0!
#146621199512
1!
#146621303516
0!
#146621407520
1!
#146621719532
0!
#146621823536
1!
#146621928000
0!
#146622032004
1!
#146622136008
0!
#146622240012
1!
#146622344016
0!
#146622552024
1!
#146622760032
0!
#146622864036
1!
#146622975437
0!
#146623079441
1!
#146623287449
0!
#146623391453
1!
#146623495457
0!
#146623599461
1!
#146623807469
0!
#146623911473
1!
#146624015937
0!
#146624119941
1!
#146624327949
0!
#146624535957
1!
#146624847969
0!
#146624951973
1!
#146625056437
0!
#146625160441
1!
#146625264445
0!
#146625472453
1!
#146625576457
0!
#146625680461
1!
#146625888469
0!
#146625992473
1!
#146626096937
0!
#146626720961
1!
#146626824965
0!
#146627032973
1!
#146627137437
0!
#146627345445
1!
#146627449449
0!
#146627553453
1!
#146627657457
0!
#146627761461
1!
#146627969469
0!
#146628073473
1!
#146628177937
0!
#146628281941
1!
#146628385945
0!
#146628801961
1!
#146629009969
0!
#146629113973
1!
#146629225375
0!
#146629537387
1!
#146629641391
0!
#146629745395
1!
#146630057407
0!
#146630161411
1!
#146630265875
0!
#146630369879
1!
#146630473883
0!
#146630577887
1!
#146630681891
0!
#146630785895
1!
#146631097907
0!
#146631201911
1!
#146631306375
0!
#146631722391
1!
#146631826395
0!
#146631930399
1!
#146632138407
0!
#146632242411
1!
#146632346875
0!
#146632554883
1!
#146632866895
0!
#146632970899
1!
#146633074903
0!
#146633282911
1!
#146633387187
0!
#146633595195
1!
#146633699199
0!
#146633803203
1!
#146634011211
0!
#146634323223
1!
#148964381187
0!
#148964485191
1!
#148964589195
0!
#148965109215
1!
#148965213219
0!
#148965317223
1!
#148965421687
0!
#148965733699
1!
#148965837703
0!
#148965941707
1!
#148966045711
0!
#148966149715
1!
#148966253719
0!
#148966357723
1!
#148966466625
0!
#148966570629
1!
#148966778637
0!
#148966882641
1!
#148966986645
0!
#148967090649
1!
#148967194653
0!
#148967402661
1!
#148967507125
0!
#148967611129
1!
#148967819137
0!
#148968235153
1!
#148968339157
0!
#148968443161
1!
#148968547625
0!
#148968651629
1!
#148968755633
0!
#148968859637
1!
#148969067645
0!
#148969275653
1!
#148969379657
0!
#148969483661
1!
#148969588125
0!
#148969692129
1!
#148970004141
0!
#148970316153
1!
#148970420157
0!
#148970524161
1!
#148970628625
0!
#148970732629
1!
#148970940637
0!
#148971148645
1!
#148971252649
0!
#148971356653
1!
#148971460657
0!
#148971564661
1!
#148971669125
0!
#148971773129
1!
#148971877133
0!
#148971981137
1!
#148972397153
0!
#148972605161
1!
#148972716562
0!
#148972924570
1!
#148973028574
0!
#148973340586
1!
#148973444590
0!
#148973652598
1!
#148973757062
0!
#148973861066
1!
#148974069074
0!
#148974173078
1!
#148974277082
0!
#148974381086
1!
#148974485090
0!
#148974693098
1!
#148974797562
0!
#148975005570
1!
#148975213578
0!
#148975317582
1!
#148975525590
0!
#148975733598
1!
#148975838062
0!
#148976046070
1!
#148976150074
0!
#148976358082
1!
#148976566090
0!
#148976774098
1!
#148976878562
0!
#148977294578
1!
#148977606590
0!
#148977814598
1!
#148977919062
0!
#148978023066
1!
#148978127070
0!
#148978439082
1!
#148978647090
0!
#148978855098
1!
#148978966500
0!
#148979174508
1!
#148979278512
0!
#148979486520
1!
#148979694528
0!
#148979902536
1!
#148980007000
0!
#148980111004
1!
#148980319012
0!
#148980527020
1!
#148980735028
0!
#148980943036
1!
#148981047500
0!
#148981359512
1!
#148981463516
0!
#148981567520
1!
#148981775528
0!
#148981983536
1!
#148982087812
0!
#148982191816
1!
#148982295820
0!
#148982399824
1!
#148982503828
0!
#148982607832
1!
#148982815840
0!
#148983023848
1!
#148983128312
0!
#148983336320
1!
#148983544328
0!
#148983648332
1!
#148983856340
0!
#148984064348
1!
#148984168812
0!
#148984272816
1!
#148984584828
0!
#148984688832
1!
#148984896840
0!
#148985104848
1!
#148985216562
0!
#148985632578
1!
#148985944590
0!
#148986152598
1!
#148986257062
0!
#148986361066
1!
#148986465070
0!
#148986673078
1!
#148986985090
0!
#148987193098
1!
#148987297562
0!
#148987817582
1!
#148988025590
0!
#148988233598
1!
#148988338062
0!
#148988546070
1!
#148988650074
0!
#148988962086
1!
#148989066090
0!
#148989274098
1!
#148989378562
0!
#148989482566
1!
#148989586570
0!
#148989690574
1!
#148989898582
0!
#148990314598
1!
#148990419062
0!
#148990627070
1!
#148990731074
0!
#148990835078
1!
#148990939082
0!
#148991355098
1!
#150026615250
0!
#150027135270
1!
#150027239274
0!
#150027343278
1!
#150027447282
0!
#150027551286
1!
#150027655750
0!
#150027759754
1!
#150027863758
0!
#150027967762
1!
#150028071766
0!
#150028279774
1!
#150028487782
0!
#150028591786
1!
#150028696250
0!
#150028904258
1!
#150029008262
0!
#150029216270
1!
#150029528282
0!
#150029632286
1!
#150029736500
0!
#150029840504
1!
#150029944508
0!
#150030152516
1!
#150030256520
0!
#150030360524
1!
#150030568532
0!
#150030672536
1!
#150030777000
0!
#150030985008
1!
#150031297020
0!
#150031401024
1!
#150031609032
0!
#150031713036
1!
#150031817500
0!
#150031921504
1!
#150032233516
0!
#150032441524
1!
#150032649532
0!
#150032753536
1!
#150032858000
0!
#150032962004
1!
#150033066008
0!
#150033482024
1!
#150033690032
0!
#150033794036
1!
#150033898500
0!
#150034210512
1!
#150034314516
0!
#150034418520
1!
#150034730532
0!
#150034834536
1!
#150034939000
0!
#150035043004
1!
#150035147008
0!
#150035563024
1!
#150035771032
0!
#150035875036
1!
#150035979250
0!
#150036187258
1!
#150036499270
0!
#150036603274
1!
#150036811282
0!
#150036915286
1!
#150037019750
0!
#150037643774
1!
#150037747778
0!
#150037955786
1!
#150038060250
0!
#150038164254
1!
#150038372262
0!
#150038580270
1!
#150038684274
0!
#150038788278
1!
#150038892282
0!
#150038996286
1!
#150039100750
0!
#150039204754
1!
#150039308758
0!
#150039412762
1!
#150039620770
0!
#150039724774
1!
#150039828778
0!
#150040036786
1!
#150040141250
0!
#150040245254
1!
#150040453262
0!
#150040869278
1!
#150040973282
0!
#150041077286
1!
#150041181750
0!
#150041285754
1!
#150041389758
0!
#150041909778
1!
#150042013782
0!
#150042117786
1!
#150042222000
0!
#150042430008
1!
#150042742020
0!
#150042950028
1!
#150043054032
0!
#150043158036
1!
#150043262500
0!
#150043366504
1!
#150043470508
0!
#150043574512
1!
#150043678516
0!
#150043990528
1!
#150044094532
0!
#150044198536
1!
#150044303000
0!
#150044511008
1!
#150044615012
0!
#150044719016
1!
#150045031028
0!
#150045239036
1!
#150045343500
0!
#150045967524
1!
#150046071528
0!
#150046279536
1!
#150046384000
0!
#150046904020
1!
#150047008024
0!
#150047112028
1!
#150047216032
0!
#150047320036
1!
#150047424500
0!
#150047528504
1!
#150047632508
0!
#150047736512
1!
#150047840516
0!
#150048048524
1!
#150048256532
0!
#150048360536
1!
#150048466625
0!
#150048674633
1!
#150048986645
0!
#150049090649
1!
#150049298657
0!
#150049402661
1!
#150049507125
0!
#150049611129
1!
#150049923141
0!
#150050131149
1!
#150050339157
0!
#150050443161
1!
#150050547625
0!
#150050651629
1!
#150050963641
0!
#150051171649
1!
#150051379657
0!
#150051483661
1!
#150051588125
0!
#150051692129
1!
#150051796133
0!
#150051900137
1!
#150052004141
0!
#150052108145
1!
#150052420157
0!
#150052524161
1!
#150052628625
0!
#150052836633
1!
#150053148645
0!
#150053252649
1!
#150053460657
0!
#150053564661
1!
#150053669125
0!
#150053773129
1!
#150053877133
0!
#150054293149
1!
#150054501157
0!
#150054605161
1!
#150054716562
0!
#150055340586
1!
#150055444590
0!
#150055652598
1!
#150055757062
0!
#150056069074
1!
#150056173078
0!
#150056381086
1!
#150056589094
0!
#150056693098
1!
#150056797562
0!
#150056901566
1!
#150057005570
0!
#150057421586
1!
#150057629594
0!
#150057733598
1!
#150057838062
0!
#150058150074
1!
#150058358082
0!
#150058462086
1!
#150058670094
0!
#150058774098
1!
#150058878562
0!
#150058982566
1!
#150059086570
0!
#150059502586
1!
#150059710594
0!
#150059814598
1!
#150059919062
0!
#150060023066
1!
#150060127070
0!
#150060231074
1!
#150060439082
0!
#150060543086
1!
#150060751094
0!
#150060855098
1!
#150060966500
0!
#150061590524
1!
#150061694528
0!
#150061902536
1!
#150062007000
0!
#150062111004
1!
#150062319012
0!
#150062423016
1!
#150062527020
0!
#150062631024
1!
#150062839032
0!
#150062943036
1!
#150063047500
0!
#150063151504
1!
#150063567520
0!
#150063671524
1!
#150063879532
0!
#150063983536
1!
#150064088000
0!
#150064296008
1!
#150064608020
0!
#150064712024
1!
#150064920032
0!
#150065024036
1!
#150065128500
0!
#150065440512
1!
#150065544516
0!
#150065752524
1!
#150065960532
0!
#150066064536
1!
#150066169000
0!
#150066273004
1!
#150066377008
0!
#150066585016
1!
#150066689020
0!
#150066793024
1!
#150067001032
0!
#150067105036
1!
#150067216750
0!
#150067320754
1!
#150067528762
0!
#150067736770
1!
#150068048782
0!
#150068152786
1!
#150068257250
0!
#150068361254
1!
#150068465258
0!
#150068673266
1!
#150068777270
0!
#150068881274
1!
#150069089282
0!
#150069193286
1!
#150069297750
0!
#150069921774
1!
#150070025778
0!
#150070233786
1!
#150070338250
0!
#150070650262
1!
#150070754266
0!
#150071066278
1!
#150071170282
0!
#150071274286
1!
#150071378750
0!
#150071482754
1!
#150071586758
0!
#150072106778
1!
#150072210782
0!
#150072314786
1!
#150072419250
0!
#150072627258
1!
#150072731262
0!
#150072939270
1!
#150073043274
0!
#150073147278
1!
#150073251282
0!
#150073355286
1!
#150073466687
0!
#150073570691
1!
#150073674695
0!
#150073778699
1!
#150073882703
0!
#150073986707
1!
#150074090711
0!
#150074194715
1!
#150074298719
0!
#150074402723
1!
#150074507187
0!
#150074715195
1!
#150074819199
0!
#150075027207
1!
#150075131211
0!
#150075235215
1!
#150075339219
0!
#150075443223
1!
#150075547687
0!
#150075651691
1!
#150075755695
0!
#150076275715
1!
#150076379719
0!
#150076483723
1!
#150076588187
0!
#150076900199
1!
#150077004203
0!
#150077108207
1!
#150077212211
0!
#150077316215
1!
#150077420219
0!
#150077524223
1!
#150077628687
0!
#150077732691
1!
#150077836695
0!
#150078252711
1!
#150078356715
0!
#150078564723
1!
#150078669187
0!
#150079293211
1!
#150079397215
0!
#150079605223
1!
#150079716500
0!
#150080028512
1!
#150080132516
0!
#150080236520
1!
#150080340524
0!
#150080444528
1!
#150080548532
0!
#150080652536
1!
#150080757000
0!
#150080861004
1!
#150081277020
0!
#150081381024
1!
#150081589032
0!
#150081693036
1!
#150081797500
0!
#150081901504
1!
#150082005508
0!
#150082109512
1!
#150082317520
0!
#150082421524
1!
#150082629532
0!
#150082733536
1!
#150082838000
0!
#150083046008
1!
#150083150012
0!
#150083462024
1!
#150083670032
0!
#150083774036
1!
#150083878500
0!
#150083982504
1!
#150084398520
0!
#150084502524
1!
#150084710532
0!
#150084814536
1!
#150084919000
0!
#150085231012
1!
#150085439020
0!
#150085543024
1!
#150085751032
0!
#150085855036
1!
#150085966562
0!
#150086590586
1!
#150086694590
0!
#150086902598
1!
#150087007062
0!
#150087527082
1!
#150087839094
0!
#150087943098
1!
#150088047562
0!
#150088151566
1!
#150088255570
0!
#150088671586
1!
#150088879594
0!
#150088983598
1!
#150089088062
0!
#150089296070
1!
#150089608082
0!
#150089712086
1!
#150089920094
0!
#150090024098
1!
#150090128562
0!
#150090232566
1!
#150090336570
0!
#150090544578
1!
#150090648582
0!
#150090752586
1!
#150090960594
0!
#150091064598
1!
#150091169062
0!
#150091273066
1!
#150091481074
0!
#150091793086
1!
#150092001094
0!
#150092105098
1!
#150092216500
0!
#150092840524
1!
#150092944528
0!
#150093152536
1!
#150093257000
0!
#150093569012
1!
#150093673016
0!
#150093881024
1!
#150094089032
0!
#150094193036
1!
#150094297500
0!
#150094401504
1!
#150094505508
0!
#150094713516
1!
#150094817520
0!
#150094921524
1!
#150095129532
0!
#150095233536
1!
#150095338000
0!
#150095650012
1!
#150095754016
0!
#150095858020
1!
#150096170032
0!
#150096274036
1!
#150096378500
0!
#150096482504
1!
#150096586508
0!
#150096690512
1!
#150096794516
0!
#150097002524
1!
#150097210532
0!
#150097314536
1!
#150097419000
0!
#150097523004
1!
#150097731012
0!
#150097835016
1!
#150097939020
0!
#150098043024
1!
#150098251032
0!
#150098355036
1!
#150098466750
0!
#150098570754
1!
#150098674758
0!
#150099090774
1!
#150099298782
0!
#150099402786
1!
#150099507250
0!
#150099715258
1!
#150100027270
0!
#150100131274
1!
#150100339282
0!
#150100443286
1!
#150100547750
0!
#150101171774
1!
#150101275778
0!
#150101483786
1!
#150101588250
0!
#150101692254
1!
#150101796258
0!
#150102212274
1!
#150102420282
0!
#150102524286
1!
#150102628750
0!
#150102940762
1!
#150103044766
0!
#150103148770
1!
#150103460782
0!
#150103564786
1!
#150103669250
0!
#150103773254
1!
#150103877258
0!
#150104293274
1!
#150104501282
0!
#150104605286
1!
#150104716687
0!
#150104820691
1!
#150104924695
0!
#150105028699
1!
#150105132703
0!
#150105236707
1!
#150105548719
0!
#150105652723
1!
#150105757187
0!
#150106381211
1!
#150106485215
0!
#150106693223
1!
#150106797687
0!
#150107317707
1!
#150107629719
0!
#150107733723
1!
#150107838187
0!
#150107942191
1!
#150108046195
0!
#150108150199
1!
#150108254203
0!
#150108462211
1!
#150108670219
0!
#150108774223
1!
#150108878687
0!
#150109086695
1!
#150109398707
0!
#150109502711
1!
#150109710719
0!
#150109814723
1!
#150109919187
0!
#150110023191
1!
#150110335203
0!
#150110543211
1!
#150110751219
0!
#150110855223
1!
#150110966625
0!
#150111070629
1!
#150111382641
0!
#150111590649
1!
#150111798657
0!
#150111902661
1!
#150112007125
0!
#150112111129
1!
#150112215133
0!
#150112319137
1!
#150112423141
0!
#150112527145
1!
#150112839157
0!
#150112943161
1!
#150113047625
0!
#150113255633
1!
#150113567645
0!
#150113671649
1!
#150113879657
0!
#150113983661
1!
#150114088125
0!
#150114192129
1!
#150114296133
0!
#150114712149
1!
#150114920157
0!
#150115024161
1!
#150115128625
0!
#150115752649
1!
#150115856653
0!
#150116064661
1!
#150116169125
0!
#150116481137
1!
#150116585141
0!
#150116689145
1!
#150117001157
0!
#150117105161
1!
#150117216562
0!
#150117320566
1!
#150117424570
0!
#150117528574
1!
#150117632578
0!
#150117840586
1!
#150118048594
0!
#150118152598
1!
#150118257062
0!
#150118465070
1!
#150118569074
0!
#150118777082
1!
#150119089094
0!
#150119193098
1!
#150119297562
0!
#150119609574
1!
#150119713578
0!
#150119921586
1!
#150120129594
0!
#150120233598
1!
#150120338062
0!
#150120442066
1!
#150120546070
0!
#150120650074
1!
#150120754078
0!
#150120962086
1!
#150121170094
0!
#150121274098
1!
#150121378562
0!
#150121690574
1!
#150121794578
0!
#150121898582
1!
#150122210594
0!
#150122314598
1!
#150122419062
0!
#150122523066
1!
#150122627070
0!
#150122731074
1!
#150122835078
0!
#150123043086
1!
#150123251094
0!
#150123355098
1!
#150123466500
0!
#150123570504
1!
#150123778512
0!
#150123882516
1!
#150123986520
0!
#150124090524
1!
#150124298532
0!
#150124402536
1!
#150124507000
0!
#150124611004
1!
#150124819012
0!
#150125027020
1!
#150125339032
0!
#150125443036
1!
#150125547500
0!
#150125651504
1!
#150125755508
0!
#150125963516
1!
#150126067520
0!
#150126171524
1!
#150126379532
0!
#150126483536
1!
#150126588000
0!
#150127212024
1!
#150127316028
0!
#150127524036
1!
#150127628500
0!
#150127836508
1!
#150127940512
0!
#150128044516
1!
#150128148520
0!
#150128252524
1!
#150128460532
0!
#150128564536
1!
#150128669000
0!
#150128773004
1!
#150128877008
0!
#150129293024
1!
#150129501032
0!
#150129605036
1!
#150129716750
0!
#150130028762
1!
#150130132766
0!
#150130236770
1!
#150130548782
0!
#150130652786
1!
#150130757250
0!
#150130861254
1!
#150130965258
0!
#150131069262
1!
#150131173266
0!
#150131277270
1!
#150131589282
0!
#150131693286
1!
#150131797750
0!
#150132213766
1!
#150132317770
0!
#150132421774
1!
#150132629782
0!
#150132733786
1!
#150132838250
0!
#150133046258
1!
#150133358270
0!
#150133462274
1!
#150133566278
0!
#150133774286
1!
#150133878562
0!
#150134086570
1!
#150134190574
0!
#150134294578
1!
#150134502586
0!
#150134814598
1!
#152464871125
0!
#152464975129
1!
#152465079133
0!
#152465599153
1!
#152465703157
0!
#152465807161
1!
#152465911625
0!
#152466223637
1!
#152466327641
0!
#152466431645
1!
#152466535649
0!
#152466639653
1!
#152466743657
0!
#152466847661
1!
#152466956875
0!
#152467060879
1!
#152467268887
0!
#152467372891
1!
#152467476895
0!
#152467580899
1!
#152467684903
0!
#152467892911
1!
#152467997375
0!
#152468101379
1!
#152468309387
0!
#152468725403
1!
#152468829407
0!
#152468933411
1!
#152469037875
0!
#152469141879
1!
#152469245883
0!
#152469349887
1!
#152469557895
0!
#152469765903
1!
#152469869907
0!
#152469973911
1!
#152470078375
0!
#152470182379
1!
#152470494391
0!
#152470806403
1!
#152470910407
0!
#152471014411
1!
#152471118875
0!
#152471222879
1!
#152471430887
0!
#152471638895
1!
#152471742899
0!
#152471846903
1!
#152471950907
0!
#152472054911
1!
#152472159375
0!
#152472263379
1!
#152472367383
0!
#152472471387
1!
#152472887403
0!
#152473095411
1!
#152473206812
0!
#152473414820
1!
#152473518824
0!
#152473830836
1!
#152473934840
0!
#152474142848
1!
#152474247312
0!
#152474351316
1!
#152474559324
0!
#152474663328
1!
#152474767332
0!
#152474871336
1!
#152474975340
0!
#152475183348
1!
#152475287812
0!
#152475495820
1!
#152475703828
0!
#152475807832
1!
#152476015840
0!
#152476223848
1!
#152476328312
0!
#152476536320
1!
#152476640324
0!
#152476848332
1!
#152477056340
0!
#152477264348
1!
#152477368812
0!
#152477784828
1!
#152478096840
0!
#152478304848
1!
#152478409312
0!
#152478513316
1!
#152478617320
0!
#152478929332
1!
#152479137340
0!
#152479345348
1!
#152479456750
0!
#152479664758
1!
#152479768762
0!
#152479976770
1!
#152480184778
0!
#152480392786
1!
#152480497250
0!
#152480601254
1!
#152480809262
0!
#152481017270
1!
#152481225278
0!
#152481433286
1!
#152481537750
0!
#152481849762
1!
#152481953766
0!
#152482057770
1!
#152482265778
0!
#152482473786
1!
#152482578250
0!
#152482682254
1!
#152482786258
0!
#152482890262
1!
#152482994266
0!
#152483098270
1!
#152483306278
0!
#152483514286
1!
#152483618750
0!
#152483826758
1!
#152484034766
0!
#152484138770
1!
#152484346778
0!
#152484554786
1!
#152484659250
0!
#152484763254
1!
#152485075266
0!
#152485179270
1!
#152485387278
0!
#152485595286
1!
#152485706687
0!
#152486122703
1!
#152486434715
0!
#152486642723
1!
#152486747187
0!
#152486851191
1!
#152486955195
0!
#152487163203
1!
#152487475215
0!
#152487683223
1!
#152487787687
0!
#152488307707
1!
#152488515715
0!
#152488723723
1!
#152488828187
0!
#152489036195
1!
#152489140199
0!
#152489452211
1!
#152489556215
0!
#152489764223
1!
#152489868687
0!
#152489972691
1!
#152490076695
0!
#152490180699
1!
#152490388707
0!
#152490804723
1!
#152490909187
0!
#152491117195
1!
#152491221199
0!
#152491325203
1!
#152491429207
0!
#152491845223
1!
#153527105375
0!
#153527625395
1!
#153527729399
0!
#153527833403
1!
#153527937407
0!
#153528041411
1!
#153528145875
0!
#153528249879
1!
#153528353883
0!
#153528457887
1!
#153528561891
0!
#153528769899
1!
#153528977907
0!
#153529081911
1!
#153529186375
0!
#153529394383
1!
#153529498387
0!
#153529706395
1!
#153530018407
0!
#153530122411
1!
#153530226625
0!
#153530330629
1!
#153530434633
0!
#153530642641
1!
#153530746645
0!
#153530850649
1!
#153531058657
0!
#153531162661
1!
#153531267125
0!
#153531475133
1!
#153531787145
0!
#153531891149
1!
#153532099157
0!
#153532203161
1!
#153532307625
0!
#153532411629
1!
#153532723641
0!
#153532931649
1!
#153533139657
0!
#153533243661
1!
#153533348125
0!
#153533452129
1!
#153533556133
0!
#153533972149
1!
#153534180157
0!
#153534284161
1!
#153534388625
0!
#153534700637
1!
#153534804641
0!
#153534908645
1!
#153535220657
0!
#153535324661
1!
#153535429125
0!
#153535533129
1!
#153535637133
0!
#153536053149
1!
#153536261157
0!
#153536365161
1!
#153536469375
0!
#153536677383
1!
#153536989395
0!
#153537093399
1!
#153537301407
0!
#153537405411
1!
#153537509875
0!
#153538133899
1!
#153538237903
0!
#153538445911
1!
#153538550375
0!
#153538654379
1!
#153538862387
0!
#153539070395
1!
#153539174399
0!
#153539278403
1!
#153539382407
0!
#153539486411
1!
#153539590875
0!
#153539694879
1!
#153539798883
0!
#153539902887
1!
#153540110895
0!
#153540214899
1!
#153540318903
0!
#153540526911
1!
#153540631375
0!
#153540735379
1!
#153540943387
0!
#153541359403
1!
#153541463407
0!
#153541567411
1!
#153541671875
0!
#153541775879
1!
#153541879883
0!
#153542399903
1!
#153542503907
0!
#153542607911
1!
#153542712125
0!
#153542920133
1!
#153543232145
0!
#153543440153
1!
#153543544157
0!
#153543648161
1!
#153543752625
0!
#153543856629
1!
#153543960633
0!
#153544064637
1!
#153544168641
0!
#153544480653
1!
#153544584657
0!
#153544688661
1!
#153544793125
0!
#153545001133
1!
#153545105137
0!
#153545209141
1!
#153545521153
0!
#153545729161
1!
#153545833625
0!
#153546457649
1!
#153546561653
0!
#153546769661
1!
#153546874125
0!
#153547394145
1!
#153547498149
0!
#153547602153
1!
#153547706157
0!
#153547810161
1!
#153547914625
0!
#153548018629
1!
#153548122633
0!
#153548226637
1!
#153548330641
0!
#153548538649
1!
#153548746657
0!
#153548850661
1!
#153548956750
0!
#153549164758
1!
#153549476770
0!
#153549580774
1!
#153549788782
0!
#153549892786
1!
#153549997250
0!
#153550101254
1!
#153550413266
0!
#153550621274
1!
#153550829282
0!
#153550933286
1!
#153551037750
0!
#153551141754
1!
#153551453766
0!
#153551661774
1!
#153551869782
0!
#153551973786
1!
#153552078250
0!
#153552182254
1!
#153552286258
0!
#153552390262
1!
#153552494266
0!
#153552598270
1!
#153552910282
0!
#153553014286
1!
#153553118750
0!
#153553326758
1!
#153553638770
0!
#153553742774
1!
#153553950782
0!
#153554054786
1!
#153554159250
0!
#153554263254
1!
#153554367258
0!
#153554783274
1!
#153554991282
0!
#153555095286
1!
#153555206687
0!
#153555830711
1!
#153555934715
0!
#153556142723
1!
#153556247187
0!
#153556559199
1!
#153556663203
0!
#153556871211
1!
#153557079219
0!
#153557183223
1!
#153557287687
0!
#153557391691
1!
#153557495695
0!
#153557911711
1!
#153558119719
0!
#153558223723
1!
#153558328187
0!
#153558640199
1!
#153558848207
0!
#153558952211
1!
#153559160219
0!
#153559264223
1!
#153559368500
0!
#153559472504
1!
#153559576508
0!
#153559992524
1!
#153560200532
0!
#153560304536
1!
#153560409000
0!
#153560513004
1!
#153560617008
0!
#153560721012
1!
#153560929020
0!
#153561033024
1!
#153561241032
0!
#153561345036
1!
#153561456750
0!
#153562080774
1!
#153562184778
0!
#153562392786
1!
#153562497250
0!
#153562601254
1!
#153562809262
0!
#153562913266
1!
#153563017270
0!
#153563121274
1!
#153563329282
0!
#153563433286
1!
#153563537750
0!
#153563641754
1!
#153564057770
0!
#153564161774
1!
#153564369782
0!
#153564473786
1!
#153564578250
0!
#153564786258
1!
#153565098270
0!
#153565202274
1!
#153565410282
0!
#153565514286
1!
#153565618750
0!
#153565930762
1!
#153566034766
0!
#153566242774
1!
#153566450782
0!
#153566554786
1!
#153566659250
0!
#153566763254
1!
#153566867258
0!
#153567075266
1!
#153567179270
0!
#153567283274
1!
#153567491282
0!
#153567595286
1!
#153567706687
0!
#153567810691
1!
#153568018699
0!
#153568226707
1!
#153568538719
0!
#153568642723
1!
#153568747187
0!
#153568851191
1!
#153568955195
0!
#153569163203
1!
#153569267207
0!
#153569371211
1!
#153569579219
0!
#153569683223
1!
#153569787687
0!
#153570411711
1!
#153570515715
0!
#153570723723
1!
#153570828187
0!
#153571140199
1!
#153571244203
0!
#153571556215
1!
#153571660219
0!
#153571764223
1!
#153571868687
0!
#153571972691
1!
#153572076695
0!
#153572596715
1!
#153572700719
0!
#153572804723
1!
#153572909187
0!
#153573117195
1!
#153573221199
0!
#153573429207
1!
#153573533211
0!
#153573637215
1!
#153573741219
0!
#153573845223
1!
#153573956625
0!
#153574060629
1!
#153574164633
0!
#153574268637
1!
#153574372641
0!
#153574476645
1!
#153574580649
0!
#153574684653
1!
#153574788657
0!
#153574892661
1!
#153574997125
0!
#153575205133
1!
#153575309137
0!
#153575517145
1!
#153575621149
0!
#153575725153
1!
#153575829157
0!
#153575933161
1!
#153576037625
0!
#153576141629
1!
#153576245633
0!
#153576765653
1!
#153576869657
0!
#153576973661
1!
#153577078125
0!
#153577390137
1!
#153577494141
0!
#153577598145
1!
#153577702149
0!
#153577806153
1!
#153577910157
0!
#153578014161
1!
#153578118625
0!
#153578222629
1!
#153578326633
0!
#153578742649
1!
#153578846653
0!
#153579054661
1!
#153579159125
0!
#153579783149
1!
#153579887153
0!
#153580095161
1!
#153580206750
0!
#153580518762
1!
#153580622766
0!
#153580726770
1!
#153580830774
0!
#153580934778
1!
#153581038782
0!
#153581142786
1!
#153581247250
0!
#153581351254
1!
#153581767270
0!
#153581871274
1!
#153582079282
0!
#153582183286
1!
#153582287750
0!
#153582391754
1!
#153582495758
0!
#153582599762
1!
#153582807770
0!
#153582911774
1!
#153583119782
0!
#153583223786
1!
#153583328250
0!
#153583536258
1!
#153583640262
0!
#153583952274
1!
#153584160282
0!
#153584264286
1!
#153584368750
0!
#153584472754
1!
#153584888770
0!
#153584992774
1!
#153585200782
0!
#153585304786
1!
#153585409250
0!
#153585721262
1!
#153585929270
0!
#153586033274
1!
#153586241282
0!
#153586345286
1!
#153586456687
0!
#153587080711
1!
#153587184715
0!
#153587392723
1!
#153587497187
0!
#153588017207
1!
#153588329219
0!
#153588433223
1!
#153588537687
0!
#153588641691
1!
#153588745695
0!
#153589161711
1!
#153589369719
0!
#153589473723
1!
#153589578187
0!
#153589786195
1!
#153590098207
0!
#153590202211
1!
#153590410219
0!
#153590514223
1!
#153590618687
0!
#153590722691
1!
#153590826695
0!
#153591034703
1!
#153591138707
0!
#153591242711
1!
#153591450719
0!
#153591554723
1!
#153591659187
0!
#153591763191
1!
#153591971199
0!
#153592283211
1!
#153592491219
0!
#153592595223
1!
#153592706625
0!
#153593330649
1!
#153593434653
0!
#153593642661
1!
#153593747125
0!
#153594059137
1!
#153594163141
0!
#153594371149
1!
#153594579157
0!
#153594683161
1!
#153594787625
0!
#153594891629
1!
#153594995633
0!
#153595203641
1!
#153595307645
0!
#153595411649
1!
#153595619657
0!
#153595723661
1!
#153595828125
0!
#153596140137
1!
#153596244141
0!
#153596348145
1!
#153596660157
0!
#153596764161
1!
#153596868625
0!
#153596972629
1!
#153597076633
0!
#153597180637
1!
#153597284641
0!
#153597492649
1!
#153597700657
0!
#153597804661
1!
#153597909125
0!
#153598013129
1!
#153598221137
0!
#153598325141
1!
#153598429145
0!
#153598533149
1!
#153598741157
0!
#153598845161
1!
#153598956875
0!
#153599060879
1!
#153599164883
0!
#153599580899
1!
#153599788907
0!
#153599892911
1!
#153599997375
0!
#153600205383
1!
#153600517395
0!
#153600621399
1!
#153600829407
0!
#153600933411
1!
#153601037875
0!
#153601661899
1!
#153601765903
0!
#153601973911
1!
#153602078375
0!
#153602182379
1!
#153602286383
0!
#153602702399
1!
#153602910407
0!
#153603014411
1!
#153603118875
0!
#153603430887
1!
#153603534891
0!
#153603638895
1!
#153603950907
0!
#153604054911
1!
#153604159375
0!
#153604263379
1!
#153604367383
0!
#153604783399
1!
#153604991407
0!
#153605095411
1!
#153605206812
0!
#153605310816
1!
#153605414820
0!
#153605518824
1!
#153605622828
0!
#153605726832
1!
#153606038844
0!
#153606142848
1!
#153606247312
0!
#153606871336
1!
#153606975340
0!
#153607183348
1!
#153607287812
0!
#153607807832
1!
#153608119844
0!
#153608223848
1!
#153608328312
0!
#153608432316
1!
#153608536320
0!
#153608640324
1!
#153608744328
0!
#153608952336
1!
#153609160344
0!
#153609264348
1!
#153609368812
0!
#153609576820
1!
#153609888832
0!
#153609992836
1!
#153610200844
0!
#153610304848
1!
#153610409312
0!
#153610513316
1!
#153610825328
0!
#153611033336
1!
#153611241344
0!
#153611345348
1!
#153611456750
0!
#153611560754
1!
#153611872766
0!
#153612080774
1!
#153612288782
0!
#153612392786
1!
#153612497250
0!
#153612601254
1!
#153612705258
0!
#153612809262
1!
#153612913266
0!
#153613017270
1!
#153613329282
0!
#153613433286
1!
#153613537750
0!
#153613745758
1!
#153614057770
0!
#153614161774
1!
#153614369782
0!
#153614473786
1!
#153614578250
0!
#153614682254
1!
#153614786258
0!
#153615202274
1!
#153615410282
0!
#153615514286
1!
#153615618750
0!
#153616242774
1!
#153616346778
0!
#153616554786
1!
#153616659250
0!
#153616971262
1!
#153617075266
0!
#153617179270
1!
#153617491282
0!
#153617595286
1!
#153617706687
0!
#153617810691
1!
#153617914695
0!
#153618018699
1!
#153618122703
0!
#153618330711
1!
#153618538719
0!
#153618642723
1!
#153618747187
0!
#153618955195
1!
#153619059199
0!
#153619267207
1!
#153619579219
0!
#153619683223
1!
#153619787500
0!
#153620099512
1!
#153620203516
0!
#153620411524
1!
#153620619532
0!
#153620723536
1!
#153620828000
0!
#153620932004
1!
#153621036008
0!
#153621140012
1!
#153621244016
0!
#153621452024
1!
#153621660032
0!
#153621764036
1!
#153621868500
0!
#153622180512
1!
#153622284516
0!
#153622388520
1!
#153622700532
0!
#153622804536
1!
#153622909000
0!
#153623013004
1!
#153623117008
0!
#153623221012
1!
#153623325016
0!
#153623533024
1!
#153623741032
0!
#153623845036
1!
#153623956750
0!
#153624060754
1!
#153624268762
0!
#153624372766
1!
#153624476770
0!
#153624580774
1!
#153624788782
0!
#153624892786
1!
#153624997250
0!
#153625101254
1!
#153625309262
0!
#153625517270
1!
#153625829282
0!
#153625933286
1!
#153626037750
0!
#153626141754
1!
#153626245758
0!
#153626453766
1!
#153626557770
0!
#153626661774
1!
#153626869782
0!
#153626973786
1!
#153627078250
0!
#153627702274
1!
#153627806278
0!
#153628014286
1!
#153628118750
0!
#153628326758
1!
#153628430762
0!
#153628534766
1!
#153628638770
0!
#153628742774
1!
#153628950782
0!
#153629054786
1!
#153629159250
0!
#153629263254
1!
#153629367258
0!
#153629783274
1!
#153629991282
0!
#153630095286
1!
#153630206687
0!
#153630518699
1!
#153630622703
0!
#153630726707
1!
#153631038719
0!
#153631142723
1!
#153631247187
0!
#153631351191
1!
#153631455195
0!
#153631559199
1!
#153631663203
0!
#153631767207
1!
#153632079219
0!
#153632183223
1!
#153632287687
0!
#153632703703
1!
#153632807707
0!
#153632911711
1!
#153633119719
0!
#153633223723
1!
#153633328187
0!
#153633536195
1!
#153633848207
0!
#153633952211
1!
#153634056215
0!
#153634264223
1!
#153634368500
0!
#153634576508
1!
#153634680512
0!
#153634784516
1!
#153634992524
0!
#153635304536
1!
#155965361312
0!
#155965465316
1!
#155965569320
0!
#155966089340
1!
#155966193344
0!
#155966297348
1!
#155966401812
0!
#155966713824
1!
#155966817828
0!
#155966921832
1!
#155967025836
0!
#155967129840
1!
#155967233844
0!
#155967337848
1!
#155967446750
0!
#155967550754
1!
#155967758762
0!
#155967862766
1!
#155967966770
0!
#155968070774
1!
#155968174778
0!
#155968382786
1!
#155968487250
0!
#155968591254
1!
#155968799262
0!
#155969215278
1!
#155969319282
0!
#155969423286
1!
#155969527750
0!
#155969631754
1!
#155969735758
0!
#155969839762
1!
#155970047770
0!
#155970255778
1!
#155970359782
0!
#155970463786
1!
#155970568250
0!
#155970672254
1!
#155970984266
0!
#155971296278
1!
#155971400282
0!
#155971504286
1!
#155971608750
0!
#155971712754
1!
#155971920762
0!
#155972128770
1!
#155972232774
0!
#155972336778
1!
#155972440782
0!
#155972544786
1!
#155972649250
0!
#155972753254
1!
#155972857258
0!
#155972961262
1!
#155973377278
0!
#155973585286
1!
#155973696687
0!
#155973904695
1!
#155974008699
0!
#155974320711
1!
#155974424715
0!
#155974632723
1!
#155974737187
0!
#155974841191
1!
#155975049199
0!
#155975153203
1!
#155975257207
0!
#155975361211
1!
#155975465215
0!
#155975673223
1!
#155975777687
0!
#155975985695
1!
#155976193703
0!
#155976297707
1!
#155976505715
0!
#155976713723
1!
#155976818187
0!
#155977026195
1!
#155977130199
0!
#155977338207
1!
#155977546215
0!
#155977754223
1!
#155977858687
0!
#155978274703
1!
#155978586715
0!
#155978794723
1!
#155978899187
0!
#155979003191
1!
#155979107195
0!
#155979419207
1!
#155979627215
0!
#155979835223
1!
#155979946625
0!
#155980154633
1!
#155980258637
0!
#155980466645
1!
#155980674653
0!
#155980882661
1!
#155980987125
0!
#155981091129
1!
#155981299137
0!
#155981507145
1!
#155981715153
0!
#155981923161
1!
#155982027625
0!
#155982339637
1!
#155982443641
0!
#155982547645
1!
#155982755653
0!
#155982963661
1!
#155983068125
0!
#155983172129
1!
#155983276133
0!
#155983380137
1!
#155983484141
0!
#155983588145
1!
#155983796153
0!
#155984004161
1!
#155984108625
0!
#155984316633
1!
#155984524641
0!
#155984628645
1!
#155984836653
0!
#155985044661
1!
#155985149125
0!
#155985253129
1!
#155985565141
0!
#155985669145
1!
#155985877153
0!
#155986085161
1!
#155986196875
0!
#155986612891
1!
#155986924903
0!
#155987132911
1!
#155987237375
0!
#155987341379
1!
#155987445383
0!
#155987653391
1!
#155987965403
0!
#155988173411
1!
#155988277875
0!
#155988797895
1!
#155989005903
0!
#155989213911
1!
#155989318187
0!
#155989526195
1!
#155989630199
0!
#155989942211
1!
#155990046215
0!
#155990254223
1!
#155990358687
0!
#155990462691
1!
#155990566695
0!
#155990670699
1!
#155990878707
0!
#155991294723
1!
#155991399187
0!
#155991607195
1!
#155991711199
0!
#155991815203
1!
#155991919207
0!
#155992335223
1!
#157027589000
0!
#157028109020
1!
#157028213024
0!
#157028317028
1!
#157028421032
0!
#157028525036
1!
#157028629500
0!
#157028733504
1!
#157028837508
0!
#157028941512
1!
#157029045516
0!
#157029253524
1!
#157029461532
0!
#157029565536
1!
#157029670000
0!
#157029878008
1!
#157029982012
0!
#157030190020
1!
#157030502032
0!
#157030606036
1!
#157030710250
0!
#157030814254
1!
#157030918258
0!
#157031126266
1!
#157031230270
0!
#157031334274
1!
#157031542282
0!
#157031646286
1!
#157031750562
0!
#157031958570
1!
#157032270582
0!
#157032374586
1!
#157032582594
0!
#157032686598
1!
#157032791062
0!
#157032895066
1!
#157033207078
0!
#157033415086
1!
#157033623094
0!
#157033727098
1!
#157033831562
0!
#157033935566
1!
#157034039570
0!
#157034455586
1!
#157034663594
0!
#157034767598
1!
#157034872062
0!
#157035184074
1!
#157035288078
0!
#157035392082
1!
#157035704094
0!
#157035808098
1!
#157035912562
0!
#157036016566
1!
#157036120570
0!
#157036536586
1!
#157036744594
0!
#157036848598
1!
#157036952812
0!
#157037160820
1!
#157037472832
0!
#157037576836
1!
#157037784844
0!
#157037888848
1!
#157037993312
0!
#157038617336
1!
#157038721340
0!
#157038929348
1!
#157039033812
0!
#157039137816
1!
#157039345824
0!
#157039553832
1!
#157039657836
0!
#157039761840
1!
#157039865844
0!
#157039969848
1!
#157040074312
0!
#157040178316
1!
#157040282320
0!
#157040386324
1!
#157040594332
0!
#157040698336
1!
#157040802340
0!
#157041010348
1!
#157041114812
0!
#157041218816
1!
#157041426824
0!
#157041842840
1!
#157041946844
0!
#157042050848
1!
#157042155312
0!
#157042259316
1!
#157042363320
0!
#157042883340
1!
#157042987344
0!
#157043091348
1!
#157043196812
0!
#157043404820
1!
#157043716832
0!
#157043924840
1!
#157044028844
0!
#157044132848
1!
#157044237312
0!
#157044341316
1!
#157044445320
0!
#157044549324
1!
#157044653328
0!
#157044965340
1!
#157045069344
0!
#157045173348
1!
#157045277812
0!
#157045485820
1!
#157045589824
0!
#157045693828
1!
#157046005840
0!
#157046213848
1!
#157046318312
0!
#157046942336
1!
#157047046340
0!
#157047254348
1!
#157047358812
0!
#157047878832
1!
#157047982836
0!
#157048086840
1!
#157048190844
0!
#157048294848
1!
#157048399312
0!
#157048503316
1!
#157048607320
0!
#157048711324
1!
#157048815328
0!
#157049023336
1!
#157049231344
0!
#157049335348
1!
#157049446750
0!
#157049654758
1!
#157049966770
0!
#157050070774
1!
#157050278782
0!
#157050382786
1!
#157050487250
0!
#157050591254
1!
#157050903266
0!
#157051111274
1!
#157051319282
0!
#157051423286
1!
#157051527750
0!
#157051631754
1!
#157051943766
0!
#157052151774
1!
#157052359782
0!
#157052463786
1!
#157052568250
0!
#157052672254
1!
#157052776258
0!
#157052880262
1!
#157052984266
0!
#157053088270
1!
#157053400282
0!
#157053504286
1!
#157053608750
0!
#157053816758
1!
#157054128770
0!
#157054232774
1!
#157054440782
0!
#157054544786
1!
#157054649250
0!
#157054753254
1!
#157054857258
0!
#157055273274
1!
#157055481282
0!
#157055585286
1!
#157055696687
0!
#157056320711
1!
#157056424715
0!
#157056632723
1!
#157056737187
0!
#157057049199
1!
#157057153203
0!
#157057361211
1!
#157057569219
0!
#157057673223
1!
#157057777687
0!
#157057881691
1!
#157057985695
0!
#157058401711
1!
#157058609719
0!
#157058713723
1!
#157058818187
0!
#157059130199
1!
#157059338207
0!
#157059442211
1!
#157059650219
0!
#157059754223
1!
#157059858687
0!
#157059962691
1!
#157060066695
0!
#157060482711
1!
#157060690719
0!
#157060794723
1!
#157060899187
0!
#157061003191
1!
#157061107195
0!
#157061211199
1!
#157061419207
0!
#157061523211
1!
#157061731219
0!
#157061835223
1!
#157061946625
0!
#157062570649
1!
#157062674653
0!
#157062882661
1!
#157062987125
0!
#157063091129
1!
#157063299137
0!
#157063403141
1!
#157063507145
0!
#157063611149
1!
#157063819157
0!
#157063923161
1!
#157064027625
0!
#157064131629
1!
#157064547645
0!
#157064651649
1!
#157064859657
0!
#157064963661
1!
#157065068125
0!
#157065276133
1!
#157065588145
0!
#157065692149
1!
#157065900157
0!
#157066004161
1!
#157066108625
0!
#157066420637
1!
#157066524641
0!
#157066732649
1!
#157066940657
0!
#157067044661
1!
#157067149125
0!
#157067253129
1!
#157067357133
0!
#157067565141
1!
#157067669145
0!
#157067773149
1!
#157067981157
0!
#157068085161
1!
#157068196875
0!
#157068300879
1!
#157068508887
0!
#157068716895
1!
#157069028907
0!
#157069132911
1!
#157069237375
0!
#157069341379
1!
#157069445383
0!
#157069653391
1!
#157069757395
0!
#157069861399
1!
#157070069407
0!
#157070173411
1!
#157070277875
0!
#157070901899
1!
#157071005903
0!
#157071213911
1!
#157071318375
0!
#157071630387
1!
#157071734391
0!
#157072046403
1!
#157072150407
0!
#157072254411
1!
#157072358875
0!
#157072462879
1!
#157072566883
0!
#157073086903
1!
#157073190907
0!
#157073294911
1!
#157073399375
0!
#157073607383
1!
#157073711387
0!
#157073919395
1!
#157074023399
0!
#157074127403
1!
#157074231407
0!
#157074335411
1!
#157074446812
0!
#157074550816
1!
#157074654820
0!
#157074758824
1!
#157074862828
0!
#157074966832
1!
#157075070836
0!
#157075174840
1!
#157075278844
0!
#157075382848
1!
#157075487312
0!
#157075695320
1!
#157075799324
0!
#157076007332
1!
#157076111336
0!
#157076215340
1!
#157076319344
0!
#157076423348
1!
#157076527812
0!
#157076631816
1!
#157076735820
0!
#157077255840
1!
#157077359844
0!
#157077463848
1!
#157077568312
0!
#157077880324
1!
#157077984328
0!
#157078088332
1!
#157078192336
0!
#157078296340
1!
#157078400344
0!
#157078504348
1!
#157078608812
0!
#157078712816
1!
#157078816820
0!
#157079232836
1!
#157079336840
0!
#157079544848
1!
#157079649312
0!
#157080273336
1!
#157080377340
0!
#157080585348
1!
#157080696625
0!
#157081008637
1!
#157081112641
0!
#157081216645
1!
#157081320649
0!
#157081424653
1!
#157081528657
0!
#157081632661
1!
#157081737125
0!
#157081841129
1!
#157082257145
0!
#157082361149
1!
#157082569157
0!
#157082673161
1!
#157082777625
0!
#157082881629
1!
#157082985633
0!
#157083089637
1!
#157083297645
0!
#157083401649
1!
#157083609657
0!
#157083713661
1!
#157083818125
0!
#157084026133
1!
#157084130137
0!
#157084442149
1!
#157084650157
0!
#157084754161
1!
#157084858625
0!
#157084962629
1!
#157085378645
0!
#157085482649
1!
#157085690657
0!
#157085794661
1!
#157085899125
0!
#157086211137
1!
#157086419145
0!
#157086523149
1!
#157086731157
0!
#157086835161
1!
#157086946875
0!
#157087570899
1!
#157087674903
0!
#157087882911
1!
#157087987375
0!
#157088507395
1!
#157088819407
0!
#157088923411
1!
#157089027875
0!
#157089131879
1!
#157089235883
0!
#157089651899
1!
#157089859907
0!
#157089963911
1!
#157090068375
0!
#157090276383
1!
#157090588395
0!
#157090692399
1!
#157090900407
0!
#157091004411
1!
#157091108875
0!
#157091212879
1!
#157091316883
0!
#157091524891
1!
#157091628895
0!
#157091732899
1!
#157091940907
0!
#157092044911
1!
#157092149375
0!
#157092253379
1!
#157092461387
0!
#157092773399
1!
#157092981407
0!
#157093085411
1!
#157093196625
0!
#157093820649
1!
#157093924653
0!
#157094132661
1!
#157094237125
0!
#157094549137
1!
#157094653141
0!
#157094861149
1!
#157095069157
0!
#157095173161
1!
#157095277625
0!
#157095381629
1!
#157095485633
0!
#157095693641
1!
#157095797645
0!
#157095901649
1!
#157096109657
0!
#157096213661
1!
#157096318125
0!
#157096630137
1!
#157096734141
0!
#157096838145
1!
#157097150157
0!
#157097254161
1!
#157097358625
0!
#157097462629
1!
#157097566633
0!
#157097670637
1!
#157097774641
0!
#157097982649
1!
#157098190657
0!
#157098294661
1!
#157098399125
0!
#157098503129
1!
#157098711137
0!
#157098815141
1!
#157098919145
0!
#157099023149
1!
#157099231157
0!
#157099335161
1!
#157099446875
0!
#157099550879
1!
#157099654883
0!
#157100070899
1!
#157100278907
0!
#157100382911
1!
#157100487375
0!
#157100695383
1!
#157101007395
0!
#157101111399
1!
#157101319407
0!
#157101423411
1!
#157101527875
0!
#157102151899
1!
#157102255903
0!
#157102463911
1!
#157102568375
0!
#157102672379
1!
#157102776383
0!
#157103192399
1!
#157103400407
0!
#157103504411
1!
#157103608875
0!
#157103920887
1!
#157104024891
0!
#157104128895
1!
#157104440907
0!
#157104544911
1!
#157104649375
0!
#157104753379
1!
#157104857383
0!
#157105273399
1!
#157105481407
0!
#157105585411
1!
#157105696812
0!
#157105800816
1!
#157105904820
0!
#157106008824
1!
#157106112828
0!
#157106216832
1!
#157106528844
0!
#157106632848
1!
#157106737312
0!
#157107361336
1!
#157107465340
0!
#157107673348
1!
#157107777812
0!
#157108297832
1!
#157108609844
0!
#157108713848
1!
#157108818312
0!
#157108922316
1!
#157109026320
0!
#157109130324
1!
#157109234328
0!
#157109442336
1!
#157109650344
0!
#157109754348
1!
#157109858812
0!
#157110066820
1!
#157110378832
0!
#157110482836
1!
#157110690844
0!
#157110794848
1!
#157110899312
0!
#157111003316
1!
#157111315328
0!
#157111523336
1!
#157111731344
0!
#157111835348
1!
#157111946750
0!
#157112050754
1!
#157112362766
0!
#157112570774
1!
#157112778782
0!
#157112882786
1!
#157112987250
0!
#157113091254
1!
#157113195258
0!
#157113299262
1!
#157113403266
0!
#157113507270
1!
#157113819282
0!
#157113923286
1!
#157114027750
0!
#157114235758
1!
#157114547770
0!
#157114651774
1!
#157114859782
0!
#157114963786
1!
#157115068250
0!
#157115172254
1!
#157115276258
0!
#157115692274
1!
#157115900282
0!
#157116004286
1!
#157116108750
0!
#157116732774
1!
#157116836778
0!
#157117044786
1!
#157117149250
0!
#157117461262
1!
#157117565266
0!
#157117669270
1!
#157117981282
0!
#157118085286
1!
#157118196687
0!
#157118300691
1!
#157118404695
0!
#157118508699
1!
#157118612703
0!
#157118820711
1!
#157119028719
0!
#157119132723
1!
#157119237187
0!
#157119445195
1!
#157119549199
0!
#157119757207
1!
#157120069219
0!
#157120173223
1!
#157120277687
0!
#157120589699
1!
#157120693703
0!
#157120901711
1!
#157121109719
0!
#157121213723
1!
#157121318187
0!
#157121422191
1!
#157121526195
0!
#157121630199
1!
#157121734203
0!
#157121942211
1!
#157122150219
0!
#157122254223
1!
#157122358687
0!
#157122670699
1!
#157122774703
0!
#157122878707
1!
#157123190719
0!
#157123294723
1!
#157123399187
0!
#157123503191
1!
#157123607195
0!
#157123711199
1!
#157123815203
0!
#157124023211
1!
#157124231219
0!
#157124335223
1!
#157124446625
0!
#157124550629
1!
#157124758637
0!
#157124862641
1!
#157124966645
0!
#157125070649
1!
#157125278657
0!
#157125382661
1!
#157125487125
0!
#157125591129
1!
#157125799137
0!
#157126007145
1!
#157126319157
0!
#157126423161
1!
#157126527625
0!
#157126631629
1!
#157126735633
0!
#157126943641
1!
#157127047645
0!
#157127151649
1!
#157127359657
0!
#157127463661
1!
#157127568125
0!
#157128192149
1!
#157128296153
0!
#157128504161
1!
#157128608625
0!
#157128816633
1!
#157128920637
0!
#157129024641
1!
#157129128645
0!
#157129232649
1!
#157129440657
0!
#157129544661
1!
#157129649125
0!
#157129753129
1!
#157129857133
0!
#157130273149
1!
#157130481157
0!
#157130585161
1!
#157130696875
0!
#157131008887
1!
#157131112891
0!
#157131216895
1!
#157131528907
0!
#157131632911
1!
#157131737375
0!
#157131841379
1!
#157131945383
0!
#157132049387
1!
#157132153391
0!
#157132257395
1!
#157132569407
0!
#157132673411
1!
#157132777875
0!
#157133193891
1!
#157133297895
0!
#157133401899
1!
#157133609907
0!
#157133713911
1!
#157133818375
0!
#157134026383
1!
#157134338395
0!
#157134442399
1!
#157134546403
0!
#157134754411
1!
#157134858687
0!
#157135066695
1!
#157135170699
0!
#157135274703
1!
#157135482711
0!
#157135794723
1!
#159465852500
0!
#159465956504
1!
#159466060508
0!
#159466580528
1!
#159466684532
0!
#159466788536
1!
#159466893000
0!
#159467205012
1!
#159467309016
0!
#159467413020
1!
#159467517024
0!
#159467621028
1!
#159467725032
0!
#159467829036
1!
#159467938250
0!
#159468042254
1!
#159468250262
0!
#159468354266
1!
#159468458270
0!
#159468562274
1!
#159468666278
0!
#159468874286
1!
#159468978750
0!
#159469082754
1!
#159469290762
0!
#159469706778
1!
#159469810782
0!
#159469914786
1!
#159470019250
0!
#159470123254
1!
#159470227258
0!
#159470331262
1!
#159470539270
0!
#159470747278
1!
#159470851282
0!
#159470955286
1!
#159471059750
0!
#159471163754
1!
#159471475766
0!
#159471787778
1!
#159471891782
0!
#159471995786
1!
#159472100250
0!
#159472204254
1!
#159472412262
0!
#159472620270
1!
#159472724274
0!
#159472828278
1!
#159472932282
0!
#159473036286
1!
#159473140750
0!
#159473244754
1!
#159473348758
0!
#159473452762
1!
#159473868778
0!
#159474076786
1!
#159474188187
0!
#159474396195
1!
#159474500199
0!
#159474812211
1!
#159474916215
0!
#159475124223
1!
#159475228687
0!
#159475332691
1!
#159475540699
0!
#159475644703
1!
#159475748707
0!
#159475852711
1!
#159475956715
0!
#159476164723
1!
#159476269187
0!
#159476477195
1!
#159476685203
0!
#159476789207
1!
#159476997215
0!
#159477205223
1!
#159477309687
0!
#159477517695
1!
#159477621699
0!
#159477829707
1!
#159478037715
0!
#159478245723
1!
#159478350187
0!
#159478766203
1!
#159479078215
0!
#159479286223
1!
#159479390687
0!
#159479494691
1!
#159479598695
0!
#159479910707
1!
#159480118715
0!
#159480326723
1!
#159480438125
0!
#159480646133
1!
#159480750137
0!
#159480958145
1!
#159481166153
0!
#159481374161
1!
#159481478625
0!
#159481582629
1!
#159481790637
0!
#159481998645
1!
#159482206653
0!
#159482414661
1!
#159482519125
0!
#159482831137
1!
#159482935141
0!
#159483039145
1!
#159483247153
0!
#159483455161
1!
#159483559625
0!
#159483663629
1!
#159483767633
0!
#159483871637
1!
#159483975641
0!
#159484079645
1!
#159484287653
0!
#159484495661
1!
#159484600125
0!
#159484808133
1!
#159485016141
0!
#159485120145
1!
#159485328153
0!
#159485536161
1!
#159485640625
0!
#159485744629
1!
#159486056641
0!
#159486160645
1!
#159486368653
0!
#159486576661
1!
#159486688062
0!
#159487104078
1!
#159487416090
0!
#159487624098
1!
#159487728562
0!
#159487832566
1!
#159487936570
0!
#159488144578
1!
#159488456590
0!
#159488664598
1!
#159488769062
0!
#159489289082
1!
#159489497090
0!
#159489705098
1!
#159489809562
0!
#159490017570
1!
#159490121574
0!
#159490433586
1!
#159490537590
0!
#159490745598
1!
#159490850062
0!
#159490954066
1!
#159491058070
0!
#159491162074
1!
#159491370082
0!
#159491786098
1!
#159491890562
0!
#159492098570
1!
#159492202574
0!
#159492306578
1!
#159492410582
0!
#159492826598
1!
#160528086437
0!
#160528606457
1!
#160528710461
0!
#160528814465
1!
#160528918469
0!
#160529022473
1!
#160529126937
0!
#160529230941
1!
#160529334945
0!
#160529438949
1!
#160529542953
0!
#160529750961
1!
#160529958969
0!
#160530062973
1!
#160530167437
0!
#160530375445
1!
#160530479449
0!
#160530687457
1!
#160530999469
0!
#160531103473
1!
#160531207687
0!
#160531311691
1!
#160531415695
0!
#160531623703
1!
#160531727707
0!
#160531831711
1!
#160532039719
0!
#160532143723
1!
#160532248187
0!
#160532456195
1!
#160532768207
0!
#160532872211
1!
#160533080219
0!
#160533184223
1!
#160533288687
0!
#160533392691
1!
#160533704703
0!
#160533912711
1!
#160534120719
0!
#160534224723
1!
#160534329187
0!
#160534433191
1!
#160534537195
0!
#160534953211
1!
#160535161219
0!
#160535265223
1!
#160535369687
0!
#160535681699
1!
#160535785703
0!
#160535889707
1!
#160536201719
0!
#160536305723
1!
#160536410187
0!
#160536514191
1!
#160536618195
0!
#160537034211
1!
#160537242219
0!
#160537346223
1!
#160537450437
0!
#160537658445
1!
#160537970457
0!
#160538074461
1!
#160538282469
0!
#160538386473
1!
#160538490937
0!
#160539114961
1!
#160539218965
0!
#160539426973
1!
#160539531437
0!
#160539635441
1!
#160539843449
0!
#160540051457
1!
#160540155461
0!
#160540259465
1!
#160540363469
0!
#160540467473
1!
#160540571937
0!
#160540675941
1!
#160540779945
0!
#160540883949
1!
#160541091957
0!
#160541195961
1!
#160541299965
0!
#160541507973
1!
#160541612437
0!
#160541716441
1!
#160541924449
0!
#160542340465
1!
#160542444469
0!
#160542548473
1!
#160542652937
0!
#160542756941
1!
#160542860945
0!
#160543380965
1!
#160543484969
0!
#160543588973
1!
#160543693187
0!
#160543901195
1!
#160544213207
0!
#160544421215
1!
#160544525219
0!
#160544629223
1!
#160544733687
0!
#160544837691
1!
#160544941695
0!
#160545045699
1!
#160545149703
0!
#160545461715
1!
#160545565719
0!
#160545669723
1!
#160545774187
0!
#160545982195
1!
#160546086199
0!
#160546190203
1!
#160546502215
0!
#160546710223
1!
#160546814687
0!
#160547438711
1!
#160547542715
0!
#160547750723
1!
#160547855187
0!
#160548375207
1!
#160548479211
0!
#160548583215
1!
#160548687219
0!
#160548791223
1!
#160548895687
0!
#160548999691
1!
#160549103695
0!
#160549207699
1!
#160549311703
0!
#160549519711
1!
#160549727719
0!
#160549831723
1!
#160549938125
0!
#160550146133
1!
#160550458145
0!
#160550562149
1!
#160550770157
0!
#160550874161
1!
#160550978625
0!
#160551082629
1!
#160551394641
0!
#160551602649
1!
#160551810657
0!
#160551914661
1!
#160552019125
0!
#160552123129
1!
#160552435141
0!
#160552643149
1!
#160552851157
0!
#160552955161
1!
#160553059625
0!
#160553163629
1!
#160553267633
0!
#160553371637
1!
#160553475641
0!
#160553579645
1!
#160553891657
0!
#160553995661
1!
#160554100125
0!
#160554308133
1!
#160554620145
0!
#160554724149
1!
#160554932157
0!
#160555036161
1!
#160555140625
0!
#160555244629
1!
#160555348633
0!
#160555764649
1!
#160555972657
0!
#160556076661
1!
#160556188062
0!
#160556812086
1!
#160556916090
0!
#160557124098
1!
#160557228562
0!
#160557540574
1!
#160557644578
0!
#160557852586
1!
#160558060594
0!
#160558164598
1!
#160558269062
0!
#160558373066
1!
#160558477070
0!
#160558893086
1!
#160559101094
0!
#160559205098
1!
#160559309562
0!
#160559621574
1!
#160559829582
0!
#160559933586
1!
#160560141594
0!
#160560245598
1!
#160560350062
0!
#160560454066
1!
#160560558070
0!
#160560974086
1!
#160561182094
0!
#160561286098
1!
#160561390562
0!
#160561494566
1!
#160561598570
0!
#160561702574
1!
#160561910582
0!
#160562014586
1!
#160562222594
0!
#160562326598
1!
#160562438000
0!
#160563062024
1!
#160563166028
0!
#160563374036
1!
#160563478500
0!
#160563582504
1!
#160563790512
0!
#160563894516
1!
#160563998520
0!
#160564102524
1!
#160564310532
0!
#160564414536
1!
#160564519000
0!
#160564623004
1!
#160565039020
0!
#160565143024
1!
#160565351032
0!
#160565455036
1!
#160565559500
0!
#160565767508
1!
#160566079520
0!
#160566183524
1!
#160566391532
0!
#160566495536
1!
#160566599812
0!
#160566911824
1!
#160567015828
0!
#160567223836
1!
#160567431844
0!
#160567535848
1!
#160567640312
0!
#160567744316
1!
#160567848320
0!
#160568056328
1!
#160568160332
0!
#160568264336
1!
#160568472344
0!
#160568576348
1!
#160568688062
0!
#160568792066
1!
#160569000074
0!
#160569208082
1!
#160569520094
0!
#160569624098
1!
#160569728562
0!
#160569832566
1!
#160569936570
0!
#160570144578
1!
#160570248582
0!
#160570352586
1!
#160570560594
0!
#160570664598
1!
#160570769062
0!
#160571393086
1!
#160571497090
0!
#160571705098
1!
#160571809562
0!
#160572121574
1!
#160572225578
0!
#160572537590
1!
#160572641594
0!
#160572745598
1!
#160572850062
0!
#160572954066
1!
#160573058070
0!
#160573578090
1!
#160573682094
0!
#160573786098
1!
#160573890562
0!
#160574098570
1!
#160574202574
0!
#160574410582
1!
#160574514586
0!
#160574618590
1!
#160574722594
0!
#160574826598
1!
#160574938000
0!
#160575042004
1!
#160575146008
0!
#160575250012
1!
#160575354016
0!
#160575458020
1!
#160575562024
0!
#160575666028
1!
#160575770032
0!
#160575874036
1!
#160575978500
0!
#160576186508
1!
#160576290512
0!
#160576498520
1!
#160576602524
0!
#160576706528
1!
#160576810532
0!
#160576914536
1!
#160577019000
0!
#160577123004
1!
#160577227008
0!
#160577747028
1!
#160577851032
0!
#160577955036
1!
#160578059500
0!
#160578371512
1!
#160578475516
0!
#160578579520
1!
#160578683524
0!
#160578787528
1!
#160578891532
0!
#160578995536
1!
#160579100000
0!
#160579204004
1!
#160579308008
0!
#160579724024
1!
#160579828028
0!
#160580036036
1!
#160580140500
0!
#160580764524
1!
#160580868528
0!
#160581076536
1!
#160581188125
0!
#160581500137
1!
#160581604141
0!
#160581708145
1!
#160581812149
0!
#160581916153
1!
#160582020157
0!
#160582124161
1!
#160582228625
0!
#160582332629
1!
#160582748645
0!
#160582852649
1!
#160583060657
0!
#160583164661
1!
#160583269125
0!
#160583373129
1!
#160583477133
0!
#160583581137
1!
#160583789145
0!
#160583893149
1!
#160584101157
0!
#160584205161
1!
#160584309625
0!
#160584517633
1!
#160584621637
0!
#160584933649
1!
#160585141657
0!
#160585245661
1!
#160585350125
0!
#160585454129
1!
#160585870145
0!
#160585974149
1!
#160586182157
0!
#160586286161
1!
#160586390625
0!
#160586702637
1!
#160586910645
0!
#160587014649
1!
#160587222657
0!
#160587326661
1!
#160587438062
0!
#160588062086
1!
#160588166090
0!
#160588374098
1!
#160588478562
0!
#160588998582
1!
#160589310594
0!
#160589414598
1!
#160589519062
0!
#160589623066
1!
#160589727070
0!
#160590143086
1!
#160590351094
0!
#160590455098
1!
#160590559562
0!
#160590767570
1!
#160591079582
0!
#160591183586
1!
#160591391594
0!
#160591495598
1!
#160591600062
0!
#160591704066
1!
#160591808070
0!
#160592016078
1!
#160592120082
0!
#160592224086
1!
#160592432094
0!
#160592536098
1!
#160592640562
0!
#160592744566
1!
#160592952574
0!
#160593264586
1!
#160593472594
0!
#160593576598
1!
#160593688000
0!
#160594312024
1!
#160594416028
0!
#160594624036
1!
#160594728500
0!
#160595040512
1!
#160595144516
0!
#160595352524
1!
#160595560532
0!
#160595664536
1!
#160595769000
0!
#160595873004
1!
#160595977008
0!
#160596185016
1!
#160596289020
0!
#160596393024
1!
#160596601032
0!
#160596705036
1!
#160596809500
0!
#160597121512
1!
#160597225516
0!
#160597329520
1!
#160597641532
0!
#160597745536
1!
#160597850000
0!
#160597954004
1!
#160598058008
0!
#160598162012
1!
#160598266016
0!
#160598474024
1!
#160598682032
0!
#160598786036
1!
#160598890500
0!
#160598994504
1!
#160599202512
0!
#160599306516
1!
#160599410520
0!
#160599514524
1!
#160599722532
0!
#160599826536
1!
#160599938250
0!
#160600042254
1!
#160600146258
0!
#160600562274
1!
#160600770282
0!
#160600874286
1!
#160600978750
0!
#160601186758
1!
#160601498770
0!
#160601602774
1!
#160601810782
0!
#160601914786
1!
#160602019250
0!
#160602643274
1!
#160602747278
0!
#160602955286
1!
#160603059750
0!
#160603163754
1!
#160603267758
0!
#160603683774
1!
#160603891782
0!
#160603995786
1!
#160604100250
0!
#160604412262
1!
#160604516266
0!
#160604620270
1!
#160604932282
0!
#160605036286
1!
#160605140750
0!
#160605244754
1!
#160605348758
0!
#160605764774
1!
#160605972782
0!
#160606076786
1!
#160606188187
0!
#160606292191
1!
#160606396195
0!
#160606500199
1!
#160606604203
0!
#160606708207
1!
#160607020219
0!
#160607124223
1!
#160607228687
0!
#160607852711
1!
#160607956715
0!
#160608164723
1!
#160608269187
0!
#160608789207
1!
#160609101219
0!
#160609205223
1!
#160609309687
0!
#160609413691
1!
#160609517695
0!
#160609621699
1!
#160609725703
0!
#160609933711
1!
#160610141719
0!
#160610245723
1!
#160610350187
0!
#160610558195
1!
#160610870207
0!
#160610974211
1!
#160611182219
0!
#160611286223
1!
#160611390687
0!
#160611494691
1!
#160611806703
0!
#160612014711
1!
#160612222719
0!
#160612326723
1!
#160612438125
0!
#160612542129
1!
#160612854141
0!
#160613062149
1!
#160613270157
0!
#160613374161
1!
#160613478625
0!
#160613582629
1!
#160613686633
0!
#160613790637
1!
#160613894641
0!
#160613998645
1!
#160614310657
0!
#160614414661
1!
#160614519125
0!
#160614727133
1!
#160615039145
0!
#160615143149
1!
#160615351157
0!
#160615455161
1!
#160615559625
0!
#160615663629
1!
#160615767633
0!
#160616183649
1!
#160616391657
0!
#160616495661
1!
#160616600125
0!
#160617224149
1!
#160617328153
0!
#160617536161
1!
#160617640625
0!
#160617952637
1!
#160618056641
0!
#160618160645
1!
#160618472657
0!
#160618576661
1!
#160618688062
0!
#160618792066
1!
#160618896070
0!
#160619000074
1!
#160619104078
0!
#160619312086
1!
#160619520094
0!
#160619624098
1!
#160619728562
0!
#160619936570
1!
#160620040574
0!
#160620248582
1!
#160620560594
0!
#160620664598
1!
#160620769062
0!
#160621081074
1!
#160621185078
0!
#160621393086
1!
#160621601094
0!
#160621705098
1!
#160621809562
0!
#160621913566
1!
#160622017570
0!
#160622121574
1!
#160622225578
0!
#160622433586
1!
#160622641594
0!
#160622745598
1!
#160622850062
0!
#160623162074
1!
#160623266078
0!
#160623370082
1!
#160623682094
0!
#160623786098
1!
#160623890562
0!
#160623994566
1!
#160624098570
0!
#160624202574
1!
#160624306578
0!
#160624514586
1!
#160624722594
0!
#160624826598
1!
#160624938000
0!
#160625042004
1!
#160625250012
0!
#160625354016
1!
#160625458020
0!
#160625562024
1!
#160625770032
0!
#160625874036
1!
#160625978500
0!
#160626082504
1!
#160626290512
0!
#160626498520
1!
#160626810532
0!
#160626914536
1!
#160627018812
0!
#160627122816
1!
#160627226820
0!
#160627434828
1!
#160627538832
0!
#160627642836
1!
#160627850844
0!
#160627954848
1!
#160628059312
0!
#160628683336
1!
#160628787340
0!
#160628995348
1!
#160629099812
0!
#160629307820
1!
#160629411824
0!
#160629515828
1!
#160629619832
0!
#160629723836
1!
#160629931844
0!
#160630035848
1!
#160630140312
0!
#160630244316
1!
#160630348320
0!
#160630764336
1!
#160630972344
0!
#160631076348
1!
#160631188062
0!
#160631500074
1!
#160631604078
0!
#160631708082
1!
#160632020094
0!
#160632124098
1!
#160632228562
0!
#160632332566
1!
#160632436570
0!
#160632540574
1!
#160632644578
0!
#160632748582
1!
#160633060594
0!
#160633164598
1!
#160633269062
0!
#160633685078
1!
#160633789082
0!
#160633893086
1!
#160634101094
0!
#160634205098
1!
#160634309562
0!
#160634517570
1!
#160634829582
0!
#160634933586
1!
#160635037590
0!
#160635245598
1!
#160635349875
0!
#160635557883
1!
#160635661887
0!
#160635765891
1!
#160635973899
0!
#160636285911
1!
#257224965000
0!
#257225069004
1!
#257225173008
0!
#257225693028
1!
#257225797032
0!
#257225901036
1!
#257226005500
0!
#257226317512
1!
#257226421516
0!
#257226525520
1!
#257226629524
0!
#257226733528
1!
#257226837532
0!
#257226941536
1!
#257227050437
0!
#257227154441
1!
#257227362449
0!
#257227466453
1!
#257227570457
0!
#257227674461
1!
#257227778465
0!
#257227986473
1!
#257228090937
0!
#257228194941
1!
#257228402949
0!
#257228818965
1!
#257228922969
0!
#257229026973
1!
#257229131250
0!
#257229235254
1!
#257229339258
0!
#257229443262
1!
#257229651270
0!
#257229859278
1!
#257229963282
0!
#257230067286
1!
#257230171750
0!
#257230275754
1!
#257230587766
0!
#257230899778
1!
#257231003782
0!
#257231107786
1!
#257231212250
0!
#257231316254
1!
#257231524262
0!
#257231732270
1!
#257231836274
0!
#257231940278
1!
#257232044282
0!
#257232148286
1!
#257232252750
0!
#257232356754
1!
#257232460758
0!
#257232564762
1!
#257232980778
0!
#257233188786
1!
#257233300499
0!
#257233508508
1!
#257233612512
0!
#257233924524
1!
#257234028528
0!
#257234236536
1!
#257234340999
0!
#257234445004
1!
#257234653012
0!
#257234757016
1!
#257234861020
0!
#257234965024
1!
#257235069028
0!
#257235277036
1!
#257235381500
0!
#257235589508
1!
#257235797516
0!
#257235901520
1!
#257236109528
0!
#257236317536
1!
#257236422000
0!
#257236630008
1!
#257236734012
0!
#257236942020
1!
#257237150028
0!
#257237358036
1!
#257237462500
0!
#257237878516
1!
#257238190528
0!
#257238398536
1!
#257238502999
0!
#257238607004
1!
#257238711008
0!
#257239023020
1!
#257239231028
0!
#257239439036
1!
#257239550437
0!
#257239758445
1!
#257239862449
0!
#257240070457
1!
#257240278465
0!
#257240486473
1!
#257240590937
0!
#257240694941
1!
#257240902949
0!
#257241110957
1!
#257241318965
0!
#257241526973
1!
#257241631437
0!
#257241943449
1!
#257242047453
0!
#257242151457
1!
#257242359465
0!
#257242567473
1!
#257242671937
0!
#257242775941
1!
#257242879945
0!
#257242983949
1!
#257243087953
0!
#257243191957
1!
#257243399965
0!
#257243607973
1!
#257243712437
0!
#257243920445
1!
#257244128453
0!
#257244232457
1!
#257244440465
0!
#257244648473
1!
#257244752937
0!
#257244856941
1!
#257245168953
0!
#257245272957
1!
#257245480965
0!
#257245688973
1!
#257245800375
0!
#257246216391
1!
#257246528403
0!
#257246736411
1!
#257246840874
0!
#257246944879
1!
#257247048883
0!
#257247256891
1!
#257247568903
0!
#257247776911
1!
#257247881375
0!
#257248401395
1!
#257248609403
0!
#257248817411
1!
#257248921875
0!
#257249129883
1!
#257249233887
0!
#257249545899
1!
#257249649903
0!
#257249857911
1!
#257249962375
0!
#257250066379
1!
#257250170383
0!
#257250274387
1!
#257250482395
0!
#257250898411
1!
#257251002874
0!
#257251210883
1!
#257251314887
0!
#257251418891
1!
#257251522895
0!
#257251938911
1!
#258287198750
0!
#258287718770
1!
#258287822774
0!
#258287926778
1!
#258288030782
0!
#258288134786
1!
#258288239250
0!
#258288343253
1!
#258288447258
0!
#258288551262
1!
#258288655266
0!
#258288863274
1!
#258289071282
0!
#258289175286
1!
#258289279750
0!
#258289487758
1!
#258289591762
0!
#258289799770
1!
#258290111782
0!
#258290215786
1!
#258290320000
0!
#258290424004
1!
#258290528008
0!
#258290736016
1!
#258290840020
0!
#258290944024
1!
#258291152032
0!
#258291256036
1!
#258291360500
0!
#258291568508
1!
#258291880520
0!
#258291984524
1!
#258292192532
0!
#258292296536
1!
#258292400999
0!
#258292505004
1!
#258292817016
0!
#258293025024
1!
#258293233032
0!
#258293337036
1!
#258293441499
0!
#258293545504
1!
#258293649508
0!
#258294065524
1!
#258294273532
0!
#258294377536
1!
#258294482000
0!
#258294794012
1!
#258294898016
0!
#258295002020
1!
#258295314032
0!
#258295418036
1!
#258295522500
0!
#258295626503
1!
#258295730508
0!
#258296146524
1!
#258296354532
0!
#258296458536
1!
#258296562750
0!
#258296770758
1!
#258297082770
0!
#258297186774
1!
#258297394782
0!
#258297498786
1!
#258297603250
0!
#258298227274
1!
#258298331278
0!
#258298539286
1!
#258298643750
0!
#258298747754
1!
#258298955762
0!
#258299163770
1!
#258299267774
0!
#258299371778
1!
#258299475782
0!
#258299579786
1!
#258299684249
0!
#258299788254
1!
#258299892258
0!
#258299996262
1!
#258300204270
0!
#258300308274
1!
#258300412278
0!
#258300620286
1!
#258300724749
0!
#258300828754
1!
#258301036762
0!
#258301452778
1!
#258301556782
0!
#258301660786
1!
#258301765250
0!
#258301869254
1!
#258301973258
0!
#258302493278
1!
#258302597282
0!
#258302701286
1!
#258302805499
0!
#258303013508
1!
#258303325520
0!
#258303533528
1!
#258303637532
0!
#258303741536
1!
#258303846000
0!
#258303950004
1!
#258304054008
0!
#258304158012
1!
#258304262016
0!
#258304574028
1!
#258304678032
0!
#258304782036
1!
#258304886500
0!
#258305094508
1!
#258305198512
0!
#258305302516
1!
#258305614528
0!
#258305822536
1!
#258305927000
0!
#258306551024
1!
#258306655028
0!
#258306863036
1!
#258306967499
0!
#258307487520
1!
#258307591524
0!
#258307695528
1!
#258307799532
0!
#258307903536
1!
#258308007999
0!
#258308112004
1!
#258308216008
0!
#258308320012
1!
#258308424016
0!
#258308632024
1!
#258308840032
0!
#258308944036
1!
#258309050437
0!
#258309258445
1!
#258309570457
0!
#258309674461
1!
#258309882469
0!
#258309986473
1!
#258310090937
0!
#258310194941
1!
#258310506953
0!
#258310714961
1!
#258310922969
0!
#258311026973
1!
#258311131437
0!
#258311235441
1!
#258311547453
0!
#258311755461
1!
#258311963469
0!
#258312067473
1!
#258312171937
0!
#258312275941
1!
#258312379945
0!
#258312483949
1!
#258312587953
0!
#258312691957
1!
#258313003969
0!
#258313107973
1!
#258313212437
0!
#258313420445
1!
#258313732457
0!
#258313836461
1!
#258314044469
0!
#258314148473
1!
#258314252937
0!
#258314356941
1!
#258314460945
0!
#258314876961
1!
#258315084969
0!
#258315188973
1!
#258315300375
0!
#258315924399
1!
#258316028403
0!
#258316236411
1!
#258316340874
0!
#258316652887
1!
#258316756891
0!
#258316964899
1!
#258317172907
0!
#258317276911
1!
#258317381375
0!
#258317485379
1!
#258317589383
0!
#258318005399
1!
#258318213407
0!
#258318317411
1!
#258318421875
0!
#258318733887
1!
#258318941895
0!
#258319045899
1!
#258319253907
0!
#258319357911
1!
#258319462375
0!
#258319566378
1!
#258319670383
0!
#258320086399
1!
#258320294407
0!
#258320398411
1!
#258320502875
0!
#258320606879
1!
#258320710883
0!
#258320814887
1!
#258321022895
0!
#258321126899
1!
#258321334907
0!
#258321438911
1!
#258321550312
0!
#258322174336
1!
#258322278340
0!
#258322486348
1!
#258322590812
0!
#258322694816
1!
#258322902824
0!
#258323006828
1!
#258323110832
0!
#258323214836
1!
#258323422844
0!
#258323526848
1!
#258323631312
0!
#258323735316
1!
#258324151332
0!
#258324255336
1!
#258324463344
0!
#258324567348
1!
#258324671812
0!
#258324879820
1!
#258325191832
0!
#258325295836
1!
#258325503844
0!
#258325607848
1!
#258325712312
0!
#258326024324
1!
#258326128328
0!
#258326336336
1!
#258326544344
0!
#258326648348
1!
#258326752812
0!
#258326856816
1!
#258326960820
0!
#258327168828
1!
#258327272832
0!
#258327376836
1!
#258327584844
0!
#258327688848
1!
#258327800562
0!
#258327904566
1!
#258328112574
0!
#258328320582
1!
#258328632594
0!
#258328736598
1!
#258328841062
0!
#258328945066
1!
#258329049070
0!
#258329257078
1!
#258329361082
0!
#258329465086
1!
#258329673094
0!
#258329777098
1!
#258329881562
0!
#258330505586
1!
#258330609590
0!
#258330817598
1!
#258330922062
0!
#258331234074
1!
#258331338078
0!
#258331650090
1!
#258331754094
0!
#258331858098
1!
#258331962562
0!
#258332066566
1!
#258332170570
0!
#258332690590
1!
#258332794594
0!
#258332898598
1!
#258333002874
0!
#258333210883
1!
#258333314887
0!
#258333522895
1!
#258333626899
0!
#258333730903
1!
#258333834907
0!
#258333938911
1!
#258334050312
0!
#258334154316
1!
#258334258320
0!
#258334362324
1!
#258334466328
0!
#258334570332
1!
#258334674336
0!
#258334778340
1!
#258334882344
0!
#258334986348
1!
#258335090812
0!
#258335298820
1!
#258335402824
0!
#258335610832
1!
#258335714836
0!
#258335818840
1!
#258335922844
0!
#258336026848
1!
#258336131312
0!
#258336235316
1!
#258336339320
0!
#258336859340
1!
#258336963344
0!
#258337067348
1!
#258337171812
0!
#258337483824
1!
#258337587828
0!
#258337691832
1!
#258337795836
0!
#258337899840
1!
#258338003844
0!
#258338107848
1!
#258338212312
0!
#258338316316
1!
#258338420320
0!
#258338836336
1!
#258338940340
0!
#258339148348
1!
#258339252812
0!
#258339876836
1!
#258339980840
0!
#258340188848
1!
#258340300437
0!
#258340612449
1!
#258340716453
0!
#258340820457
1!
#258340924461
0!
#258341028465
1!
#258341132469
0!
#258341236473
1!
#258341340937
0!
#258341444941
1!
#258341860957
0!
#258341964961
1!
#258342172969
0!
#258342276973
1!
#258342381437
0!
#258342485441
1!
#258342589445
0!
#258342693449
1!
#258342901457
0!
#258343005461
1!
#258343213469
0!
#258343317473
1!
#258343421937
0!
#258343629945
1!
#258343733949
0!
#258344045961
1!
#258344253969
0!
#258344357973
1!
#258344462437
0!
#258344566441
1!
#258344982457
0!
#258345086461
1!
#258345294469
0!
#258345398473
1!
#258345502937
0!
#258345814949
1!
#258346022957
0!
#258346126961
1!
#258346334969
0!
#258346438973
1!
#258346550375
0!
#258347174399
1!
#258347278403
0!
#258347486411
1!
#258347590874
0!
#258348110895
1!
#258348422907
0!
#258348526911
1!
#258348631375
0!
#258348735379
1!
#258348839383
0!
#258349255399
1!
#258349463407
0!
#258349567411
1!
#258349671875
0!
#258349879883
1!
#258350191895
0!
#258350295899
1!
#258350503907
0!
#258350607911
1!
#258350712375
0!
#258350816378
1!
#258350920383
0!
#258351128391
1!
#258351232395
0!
#258351336399
1!
#258351544407
0!
#258351648411
1!
#258351752875
0!
#258351856879
1!
#258352064887
0!
#258352376899
1!
#258352584907
0!
#258352688911
1!
#258352800312
0!
#258353424336
1!
#258353528340
0!
#258353736348
1!
#258353840812
0!
#258354152824
1!
#258354256828
0!
#258354464836
1!
#258354672844
0!
#258354776848
1!
#258354881312
0!
#258354985316
1!
#258355089320
0!
#258355297328
1!
#258355401332
0!
#258355505336
1!
#258355713344
0!
#258355817348
1!
#258355921812
0!
#258356233824
1!
#258356337828
0!
#258356441832
1!
#258356753844
0!
#258356857848
1!
#258356962312
0!
#258357066316
1!
#258357170320
0!
#258357274324
1!
#258357378328
0!
#258357586336
1!
#258357794344
0!
#258357898348
1!
#258358002812
0!
#258358106816
1!
#258358314824
0!
#258358418828
1!
#258358522832
0!
#258358626836
1!
#258358834844
0!
#258358938848
1!
#258359050562
0!
#258359154566
1!
#258359258570
0!
#258359674586
1!
#258359882594
0!
#258359986598
1!
#258360091062
0!
#258360299070
1!
#258360611082
0!
#258360715086
1!
#258360923094
0!
#258361027098
1!
#258361131562
0!
#258361755586
1!
#258361859590
0!
#258362067598
1!
#258362172062
0!
#258362276066
1!
#258362380070
0!
#258362796086
1!
#258363004094
0!
#258363108098
1!
#258363212562
0!
#258363524574
1!
#258363628578
0!
#258363732582
1!
#258364044594
0!
#258364148598
1!
#258364253062
0!
#258364357066
1!
#258364461070
0!
#258364877086
1!
#258365085094
0!
#258365189098
1!
#258365300500
0!
#258365404504
1!
#258365508508
0!
#258365612512
1!
#258365716516
0!
#258365820520
1!
#258366132532
0!
#258366236536
1!
#258366340999
0!
#258366965024
1!
#258367069028
0!
#258367277036
1!
#258367381500
0!
#258367901520
1!
#258368213532
0!
#258368317536
1!
#258368422000
0!
#258368526004
1!
#258368630008
0!
#258368734012
1!
#258368838016
0!
#258369046024
1!
#258369254032
0!
#258369358036
1!
#258369462500
0!
#258369670508
1!
#258369982520
0!
#258370086524
1!
#258370294532
0!
#258370398536
1!
#258370503000
0!
#258370607004
1!
#258370919016
0!
#258371127024
1!
#258371335032
0!
#258371439036
1!
#258371550437
0!
#258371654441
1!
#258371966453
0!
#258372174461
1!
#258372382469
0!
#258372486473
1!
#258372590937
0!
#258372694941
1!
#258372798945
0!
#258372902949
1!
#258373006953
0!
#258373110957
1!
#258373422969
0!
#258373526973
1!
#258373631437
0!
#258373839445
1!
#258374151457
0!
#258374255461
1!
#258374463469
0!
#258374567473
1!
#258374671937
0!
#258374775941
1!
#258374879945
0!
#258375295961
1!
#258375503969
0!
#258375607973
1!
#258375712437
0!
#258376336461
1!
#258376440465
0!
#258376648473
1!
#258376752937
0!
#258377064949
1!
#258377168953
0!
#258377272957
1!
#258377584969
0!
#258377688973
1!
#258377800375
0!
#258377904379
1!
#258378008383
0!
#258378112387
1!
#258378216391
0!
#258378424399
1!
#258378632407
0!
#258378736411
1!
#258378840874
0!
#258379048883
1!
#258379152887
0!
#258379360895
1!
#258379672907
0!
#258379776911
1!
#258379881375
0!
#258380193387
1!
#258380297391
0!
#258380505399
1!
#258380713407
0!
#258380817411
1!
#258380921875
0!
#258381025879
1!
#258381129883
0!
#258381233887
1!
#258381337891
0!
#258381545899
1!
#258381753907
0!
#258381857911
1!
#258381962375
0!
#258382274387
1!
#258382378391
0!
#258382482395
1!
#258382794407
0!
#258382898411
1!
#258383002875
0!
#258383106879
1!
#258383210883
0!
#258383314887
1!
#258383418891
0!
#258383626899
1!
#258383834907
0!
#258383938911
1!
#258384050312
0!
#258384154316
1!
#258384362324
0!
#258384466328
1!
#258384570332
0!
#258384674336
1!
#258384882344
0!
#258384986348
1!
#258385090812
0!
#258385194816
1!
#258385402824
0!
#258385610832
1!
#258385922844
0!
#258386026848
1!
#258386131312
0!
#258386235316
1!
#258386339320
0!
#258386547328
1!
#258386651332
0!
#258386755336
1!
#258386963344
0!
#258387067348
1!
#258387171812
0!
#258387795836
1!
#258387899840
0!
#258388107848
1!
#258388212312
0!
#258388420320
1!
#258388524324
0!
#258388628328
1!
#258388732332
0!
#258388836336
1!
#258389044344
0!
#258389148348
1!
#258389252812
0!
#258389356816
1!
#258389460820
0!
#258389876836
1!
#258390084844
0!
#258390188848
1!
#258390300562
0!
#258390612574
1!
#258390716578
0!
#258390820582
1!
#258391132594
0!
#258391236598
1!
#258391341062
0!
#258391445066
1!
#258391549070
0!
#258391653074
1!
#258391757078
0!
#258391861082
1!
#258392173094
0!
#258392277098
1!
#258392381562
0!
#258392797578
1!
#258392901582
0!
#258393005586
1!
#258393213594
0!
#258393317598
1!
#258393421875
0!
#258393629883
1!
#258393941895
0!
#258394045899
1!
#258394149903
0!
#258394357911
1!
#258394462187
0!
#258394670195
1!
#258394774199
0!
#258394878203
1!
#258395086211
0!
#258395398223
1!
#345857760500
0!
#345857864504
1!
#345857968508
0!
#345858488528
1!
#345858592532
0!
#345858696536
1!
#345858801000
0!
#345859113012
1!
#345859217016
0!
#345859321020
1!
#345859425024
0!
#345859529028
1!
#345859633032
0!
#345859737036
1!
#345859846250
0!
#345859950254
1!
#345860158262
0!
#345860262266
1!
#345860366270
0!
#345860470274
1!
#345860574278
0!
#345860782286
1!
#345860886750
0!
#345860990754
1!
#345861198762
0!
#345861614778
1!
#345861718782
0!
#345861822786
1!
#345861927250
0!
#345862031254
1!
#345862135258
0!
#345862239262
1!
#345862447270
0!
#345862655278
1!
#345862759282
0!
#345862863286
1!
#345862967750
0!
#345863071754
1!
#345863383766
0!
#345863695778
1!
#345863799782
0!
#345863903786
1!
#345864008250
0!
#345864112254
1!
#345864320262
0!
#345864528270
1!
#345864632274
0!
#345864736278
1!
#345864840282
0!
#345864944286
1!
#345865048750
0!
#345865152754
1!
#345865256758
0!
#345865360762
1!
#345865776778
0!
#345865984786
1!
#345866096187
0!
#345866304195
1!
#345866408199
0!
#345866720211
1!
#345866824215
0!
#345867032223
1!
#345867136687
0!
#345867240691
1!
#345867448699
0!
#345867552703
1!
#345867656707
0!
#345867760711
1!
#345867864715
0!
#345868072723
1!
#345868177187
0!
#345868385195
1!
#345868593203
0!
#345868697207
1!
#345868905215
0!
#345869113223
1!
#345869217687
0!
#345869425695
1!
#345869529699
0!
#345869737707
1!
#345869945715
0!
#345870153723
1!
#345870258187
0!
#345870674203
1!
#345870986215
0!
#345871194223
1!
#345871298687
0!
#345871402691
1!
#345871506695
0!
#345871818707
1!
#345872026715
0!
#345872234723
1!
#345872346125
0!
#345872554133
1!
#345872658137
0!
#345872866145
1!
#345873074153
0!
#345873282161
1!
#345873386625
0!
#345873490629
1!
#345873698637
0!
#345873906645
1!
#345874114653
0!
#345874322661
1!
#345874427125
0!
#345874739137
1!
#345874843141
0!
#345874947145
1!
#345875155153
0!
#345875363161
1!
#345875467625
0!
#345875571629
1!
#345875675633
0!
#345875779637
1!
#345875883641
0!
#345875987645
1!
#345876195653
0!
#345876403661
1!
#345876508125
0!
#345876716133
1!
#345876924141
0!
#345877028145
1!
#345877236153
0!
#345877444161
1!
#345877548625
0!
#345877652629
1!
#345877964641
0!
#345878068645
1!
#345878276653
0!
#345878484661
1!
#345878596062
0!
#345879012078
1!
#345879324090
0!
#345879532098
1!
#345879636562
0!
#345879740566
1!
#345879844570
0!
#345880052578
1!
#345880364590
0!
#345880572598
1!
#345880677062
0!
#345881197082
1!
#345881405090
0!
#345881613098
1!
#345881717562
0!
#345881925570
1!
#345882029574
0!
#345882341586
1!
#345882445590
0!
#345882653598
1!
#345882758062
0!
#345882862066
1!
#345882966070
0!
#345883070074
1!
#345883278082
0!
#345883694098
1!
#345883798562
0!
#345884006570
1!
#345884110574
0!
#345884214578
1!
#345884318582
0!
#345884734598
1!
#346919994437
0!
#346920514457
1!
#346920618461
0!
#346920722465
1!
#346920826469
0!
#346920930473
1!
#346921034937
0!
#346921138941
1!
#346921242945
0!
#346921346949
1!
#346921450953
0!
#346921658961
1!
#346921866969
0!
#346921970973
1!
#346922075437
0!
#346922283445
1!
#346922387449
0!
#346922595457
1!
#346922907469
0!
#346923011473
1!
#346923115687
0!
#346923219691
1!
#346923323695
0!
#346923531703
1!
#346923635707
0!
#346923739711
1!
#346923947719
0!
#346924051723
1!
#346924156187
0!
#346924364195
1!
#346924676207
0!
#346924780211
1!
#346924988219
0!
#346925092223
1!
#346925196687
0!
#346925300691
1!
#346925612703
0!
#346925820711
1!
#346926028719
0!
#346926132723
1!
#346926237187
0!
#346926341191
1!
#346926445195
0!
#346926861211
1!
#346927069219
0!
#346927173223
1!
#346927277687
0!
#346927589699
1!
#346927693703
0!
#346927797707
1!
#346928109719
0!
#346928213723
1!
#346928318187
0!
#346928422191
1!
#346928526195
0!
#346928942211
1!
#346929150219
0!
#346929254223
1!
#346929358437
0!
#346929566445
1!
#346929878457
0!
#346929982461
1!
#346930190469
0!
#346930294473
1!
#346930398937
0!
#346931022961
1!
#346931126965
0!
#346931334973
1!
#346931439437
0!
#346931543441
1!
#346931751449
0!
#346931959457
1!
#346932063461
0!
#346932167465
1!
#346932271469
0!
#346932375473
1!
#346932479937
0!
#346932583941
1!
#346932687945
0!
#346932791949
1!
#346932999957
0!
#346933103961
1!
#346933207965
0!
#346933415973
1!
#346933520437
0!
#346933624441
1!
#346933832449
0!
#346934248465
1!
#346934352469
0!
#346934456473
1!
#346934560937
0!
#346934664941
1!
#346934768945
0!
#346935288965
1!
#346935392969
0!
#346935496973
1!
#346935601187
0!
#346935809195
1!
#346936121207
0!
#346936329215
1!
#346936433219
0!
#346936537223
1!
#346936644312
0!
#346936748316
1!
#346936852320
0!
#346936956324
1!
#346937060328
0!
#346937372340
1!
#346937476344
0!
#346937580348
1!
#346937684812
0!
#346937892820
1!
#346937996824
0!
#346938100828
1!
#346938412840
0!
#346938620848
1!
#346938725312
0!
#346939349336
1!
#346939453340
0!
#346939661348
1!
#346939765812
0!
#346940285832
1!
#346940389836
0!
#346940493840
1!
#346940597844
0!
#346940701848
1!
#346940806312
0!
#346940910316
1!
#346941014320
0!
#346941118324
1!
#346941222328
0!
#346941430336
1!
#346941638344
0!
#346941742348
1!
#346941846562
0!
#346942054570
1!
#346942366582
0!
#346942470586
1!
#346942678594
0!
#346942782598
1!
#346942887062
0!
#346942991066
1!
#346943303078
0!
#346943511086
1!
#346943719094
0!
#346943823098
1!
#346943927562
0!
#346944031566
1!
#346944343578
0!
#346944551586
1!
#346944759594
0!
#346944863598
1!
#346944968062
0!
#346945072066
1!
#346945176070
0!
#346945280074
1!
#346945384078
0!
#346945488082
1!
#346945800094
0!
#346945904098
1!
#346946008562
0!
#346946216570
1!
#346946528582
0!
#346946632586
1!
#346946840594
0!
#346946944598
1!
#346947049062
0!
#346947153066
1!
#346947257070
0!
#346947673086
1!
#346947881094
0!
#346947985098
1!
#346948096187
0!
#346948720211
1!
#346948824215
0!
#346949032223
1!
#346949136687
0!
#346949448699
1!
#346949552703
0!
#346949760711
1!
#346949968719
0!
#346950072723
1!
#346950177187
0!
#346950281191
1!
#346950385195
0!
#346950801211
1!
#346951009219
0!
#346951113223
1!
#346951217687
0!
#346951529699
1!
#346951737707
0!
#346951841711
1!
#346952049719
0!
#346952153723
1!
#346952258187
0!
#346952362191
1!
#346952466195
0!
#346952882211
1!
#346953090219
0!
#346953194223
1!
#346953298687
0!
#346953402691
1!
#346953506695
0!
#346953610699
1!
#346953818707
0!
#346953922711
1!
#346954130719
0!
#346954234723
1!
#346954346125
0!
#346954970149
1!
#346955074153
0!
#346955282161
1!
#346955386625
0!
#346955490629
1!
#346955698637
0!
#346955802641
1!
#346955906645
0!
#346956010649
1!
#346956218657
0!
#346956322661
1!
#346956427125
0!
#346956531129
1!
#346956947145
0!
#346957051149
1!
#346957259157
0!
#346957363161
1!
#346957467625
0!
#346957675633
1!
#346957987645
0!
#346958091649
1!
#346958299657
0!
#346958403661
1!
#346958508125
0!
#346958820137
1!
#346958924141
0!
#346959132149
1!
#346959340157
0!
#346959444161
1!
#346959548625
0!
#346959652629
1!
#346959756633
0!
#346959964641
1!
#346960068645
0!
#346960172649
1!
#346960380657
0!
#346960484661
1!
#346960596062
0!
#346960700066
1!
#346960908074
0!
#346961116082
1!
#346961428094
0!
#346961532098
1!
#346961636562
0!
#346961740566
1!
#346961844570
0!
#346962052578
1!
#346962156582
0!
#346962260586
1!
#346962468594
0!
#346962572598
1!
#346962677062
0!
#346963301086
1!
#346963405090
0!
#346963613098
1!
#346963717562
0!
#346964029574
1!
#346964133578
0!
#346964445590
1!
#346964549594
0!
#346964653598
1!
#346964758062
0!
#346964862066
1!
#346964966070
0!
#346965486090
1!
#346965590094
0!
#346965694098
1!
#346965798562
0!
#346966006570
1!
#346966110574
0!
#346966318582
1!
#346966422586
0!
#346966526590
1!
#346966630594
0!
#346966734598
1!
#346966846000
0!
#346966950004
1!
#346967054008
0!
#346967158012
1!
#346967262016
0!
#346967366020
1!
#346967470024
0!
#346967574028
1!
#346967678032
0!
#346967782036
1!
#346967886500
0!
#346968094508
1!
#346968198512
0!
#346968406520
1!
#346968510524
0!
#346968614528
1!
#346968718532
0!
#346968822536
1!
#346968927000
0!
#346969031004
1!
#346969135008
0!
#346969655028
1!
#346969759032
0!
#346969863036
1!
#346969967500
0!
#346970279512
1!
#346970383516
0!
#346970487520
1!
#346970591524
0!
#346970695528
1!
#346970799532
0!
#346970903536
1!
#346971008000
0!
#346971112004
1!
#346971216008
0!
#346971632024
1!
#346971736028
0!
#346971944036
1!
#346972048500
0!
#346972672524
1!
#346972776528
0!
#346972984536
1!
#346973096125
0!
#346973408137
1!
#346973512141
0!
#346973616145
1!
#346973720149
0!
#346973824153
1!
#346973928157
0!
#346974032161
1!
#346974136625
0!
#346974240629
1!
#346974656645
0!
#346974760649
1!
#346974968657
0!
#346975072661
1!
#346975177125
0!
#346975281129
1!
#346975385133
0!
#346975489137
1!
#346975697145
0!
#346975801149
1!
#346976009157
0!
#346976113161
1!
#346976217625
0!
#346976425633
1!
#346976529637
0!
#346976841649
1!
#346977049657
0!
#346977153661
1!
#346977258125
0!
#346977362129
1!
#346977778145
0!
#346977882149
1!
#346978090157
0!
#346978194161
1!
#346978298625
0!
#346978610637
1!
#346978818645
0!
#346978922649
1!
#346979130657
0!
#346979234661
1!
#346979346062
0!
#346979970086
1!
#346980074090
0!
#346980282098
1!
#346980386562
0!
#346980906582
1!
#346981218594
0!
#346981322598
1!
#346981427062
0!
#346981531066
1!
#346981635070
0!
#346982051086
1!
#346982259094
0!
#346982363098
1!
#346982467562
0!
#346982675570
1!
#346982987582
0!
#346983091586
1!
#346983299594
0!
#346983403598
1!
#346983508062
0!
#346983612066
1!
#346983716070
0!
#346983924078
1!
#346984028082
0!
#346984132086
1!
#346984340094
0!
#346984444098
1!
#346984548562
0!
#346984652566
1!
#346984860574
0!
#346985172586
1!
#346985380594
0!
#346985484598
1!
#346985596000
0!
#346986220024
1!
#346986324028
0!
#346986532036
1!
#346986636500
0!
#346986948512
1!
#346987052516
0!
#346987260524
1!
#346987468532
0!
#346987572536
1!
#346987677000
0!
#346987781004
1!
#346987885008
0!
#346988093016
1!
#346988197020
0!
#346988301024
1!
#346988509032
0!
#346988613036
1!
#346988717500
0!
#346989029512
1!
#346989133516
0!
#346989237520
1!
#346989549532
0!
#346989653536
1!
#346989758000
0!
#346989862004
1!
#346989966008
0!
#346990070012
1!
#346990174016
0!
#346990382024
1!
#346990590032
0!
#346990694036
1!
#346990798500
0!
#346990902504
1!
#346991110512
0!
#346991214516
1!
#346991318520
0!
#346991422524
1!
#346991630532
0!
#346991734536
1!
#346991846250
0!
#346991950254
1!
#346992054258
0!
#346992470274
1!
#346992678282
0!
#346992782286
1!
#346992886750
0!
#346993094758
1!
#346993406770
0!
#346993510774
1!
#346993718782
0!
#346993822786
1!
#346993927250
0!
#346994551274
1!
#346994655278
0!
#346994863286
1!
#346994967750
0!
#346995071754
1!
#346995175758
0!
#346995591774
1!
#346995799782
0!
#346995903786
1!
#346996008250
0!
#346996320262
1!
#346996424266
0!
#346996528270
1!
#346996840282
0!
#346996944286
1!
#346997048750
0!
#346997152754
1!
#346997256758
0!
#346997672774
1!
#346997880782
0!
#346997984786
1!
#346998096000
0!
#346998200004
1!
#346998304008
0!
#346998408012
1!
#346998512016
0!
#346998616020
1!
#346998928032
0!
#346999032036
1!
#346999136500
0!
#346999760524
1!
#346999864528
0!
#347000072536
1!
#347000177000
0!
#347000697020
1!
#347001009032
0!
#347001113036
1!
#347001217500
0!
#347001321504
1!
#347001425508
0!
#347001529512
1!
#347001633516
0!
#347001841524
1!
#347002049532
0!
#347002153536
1!
#347002258000
0!
#347002466008
1!
#347002778020
0!
#347002882024
1!
#347003090032
0!
#347003194036
1!
#347003298500
0!
#347003402504
1!
#347003714516
0!
#347003922524
1!
#347004130532
0!
#347004234536
1!
#347004346250
0!
#347004450254
1!
#347004762266
0!
#347004970274
1!
#347005178282
0!
#347005282286
1!
#347005386750
0!
#347005490754
1!
#347005594758
0!
#347005698762
1!
#347005802766
0!
#347005906770
1!
#347006218782
0!
#347006322786
1!
#347006427250
0!
#347006635258
1!
#347006947270
0!
#347007051274
1!
#347007259282
0!
#347007363286
1!
#347007467750
0!
#347007571754
1!
#347007675758
0!
#347008091774
1!
#347008299782
0!
#347008403786
1!
#347008508250
0!
#347009132274
1!
#347009236278
0!
#347009444286
1!
#347009548750
0!
#347009860762
1!
#347009964766
0!
#347010068770
1!
#347010380782
0!
#347010484786
1!
#347010596187
0!
#347010700191
1!
#347010804195
0!
#347010908199
1!
#347011012203
0!
#347011220211
1!
#347011428219
0!
#347011532223
1!
#347011636687
0!
#347011844695
1!
#347011948699
0!
#347012156707
1!
#347012468719
0!
#347012572723
1!
#347012677187
0!
#347012989199
1!
#347013093203
0!
#347013301211
1!
#347013509219
0!
#347013613223
1!
#347013717687
0!
#347013821691
1!
#347013925695
0!
#347014029699
1!
#347014133703
0!
#347014341711
1!
#347014549719
0!
#347014653723
1!
#347014758187
0!
#347015070199
1!
#347015174203
0!
#347015278207
1!
#347015590219
0!
#347015694223
1!
#347015798687
0!
#347015902691
1!
#347016006695
0!
#347016110699
1!
#347016214703
0!
#347016422711
1!
#347016630719
0!
#347016734723
1!
#347016846125
0!
#347016950129
1!
#347017158137
0!
#347017262141
1!
#347017366145
0!
#347017470149
1!
#347017678157
0!
#347017782161
1!
#347017886625
0!
#347017990629
1!
#347018198637
0!
#347018406645
1!
#347018718657
0!
#347018822661
1!
#347018927125
0!
#347019031129
1!
#347019135133
0!
#347019343141
1!
#347019447145
0!
#347019551149
1!
#347019759157
0!
#347019863161
1!
#347019967625
0!
#347020591649
1!
#347020695653
0!
#347020903661
1!
#347021008125
0!
#347021216133
1!
#347021320137
0!
#347021424141
1!
#347021528145
0!
#347021632149
1!
#347021840157
0!
#347021944161
1!
#347022048625
0!
#347022152629
1!
#347022256633
0!
#347022672649
1!
#347022880657
0!
#347022984661
1!
#347023096062
0!
#347023408074
1!
#347023512078
0!
#347023616082
1!
#347023928094
0!
#347024032098
1!
#347024136562
0!
#347024240566
1!
#347024344570
0!
#347024448574
1!
#347024552578
0!
#347024656582
1!
#347024968594
0!
#347025072598
1!
#347025177062
0!
#347025593078
1!
#347025697082
0!
#347025801086
1!
#347026009094
0!
#347026113098
1!
#347026217562
0!
#347026425570
1!
#347026737582
0!
#347026841586
1!
#347026945590
0!
#347027153598
1!
#347027257875
0!
#347027465883
1!
#347027569887
0!
#347027673891
1!
#347027881899
0!
#347028193911
1!
#648941557125
0!
#648941661129
1!
#648941765132
0!
#648942285152
1!
#648942389156
0!
#648942493160
1!
#648942597625
0!
#648942909636
1!
#648943013640
0!
#648943117644
1!
#648943221648
0!
#648943325652
1!
#648943429656
0!
#648943533660
1!
#648943642562
0!
#648943746566
1!
#648943954574
0!
#648944058578
1!
#648944162582
0!
#648944266586
1!
#648944370590
0!
#648944578598
1!
#648944683062
0!
#648944787066
1!
#648944995074
0!
#648945411090
1!
#648945515094
0!
#648945619098
1!
#648945723562
0!
#648945827566
1!
#648945931570
0!
#648946035574
1!
#648946243582
0!
#648946451590
1!
#648946555594
0!
#648946659598
1!
#648946764062
0!
#648946868066
1!
#648947180078
0!
#648947492090
1!
#648947596094
0!
#648947700098
1!
#648947804562
0!
#648947908566
1!
#648948116574
0!
#648948324582
1!
#648948428586
0!
#648948532590
1!
#648948636594
0!
#648948740598
1!
#648948845062
0!
#648948949066
1!
#648949053070
0!
#648949157074
1!
#648949573090
0!
#648949781098
1!
#648949892500
0!
#648950100507
1!
#648950204511
0!
#648950516523
1!
#648950620527
0!
#648950828535
1!
#648950933000
0!
#648951037004
1!
#648951245011
0!
#648951349015
1!
#648951453019
0!
#648951557023
1!
#648951661027
0!
#648951869035
1!
#648951973500
0!
#648952181507
1!
#648952389515
0!
#648952493519
1!
#648952701527
0!
#648952909535
1!
#648953014000
0!
#648953222007
1!
#648953326011
0!
#648953534019
1!
#648953742027
0!
#648953950035
1!
#648954054500
0!
#648954470515
1!
#648954782527
0!
#648954990535
1!
#648955095000
0!
#648955199004
1!
#648955303007
0!
#648955615019
1!
#648955823027
0!
#648956031035
1!
#648956142437
0!
#648956350445
1!
#648956454449
0!
#648956662457
1!
#648956870465
0!
#648957078473
1!
#648957182937
0!
#648957286941
1!
#648957494949
0!
#648957702957
1!
#648957910965
0!
#648958118973
1!
#648958223437
0!
#648958535449
1!
#648958639453
0!
#648958743457
1!
#648958951465
0!
#648959159473
1!
#648959263937
0!
#648959367941
1!
#648959471945
0!
#648959575949
1!
#648959679953
0!
#648959783957
1!
#648959991965
0!
#648960199973
1!
#648960304437
0!
#648960512445
1!
#648960720453
0!
#648960824457
1!
#648961032465
0!
#648961240473
1!
#648961348187
0!
#648961452191
1!
#648961764203
0!
#648961868207
1!
#648962076215
0!
#648962284223
1!
#648962392500
0!
#648962808515
1!
#648963120527
0!
#648963328535
1!
#648963433000
0!
#648963537003
1!
#648963641007
0!
#648963849015
1!
#648964161027
0!
#648964369035
1!
#648964473500
0!
#648964993519
1!
#648965201527
0!
#648965409535
1!
#648965514000
0!
#648965722008
1!
#648965826011
0!
#648966138023
1!
#648966242027
0!
#648966450035
1!
#648966554500
0!
#648966658504
1!
#648966762507
0!
#648966866511
1!
#648967074519
0!
#648967490535
1!
#648967595000
0!
#648967803007
1!
#648967907011
0!
#648968011015
1!
#648968115019
0!
#648968531035
1!
#650003790875
0!
#650004310894
1!
#650004414898
0!
#650004518902
1!
#650004622906
0!
#650004726910
1!
#650004831375
0!
#650004935378
1!
#650005039383
0!
#650005143386
1!
#650005247390
0!
#650005455398
1!
#650005663406
0!
#650005767410
1!
#650005871875
0!
#650006079882
1!
#650006183886
0!
#650006391894
1!
#650006703906
0!
#650006807910
1!
#650006912125
0!
#650007016128
1!
#650007120133
0!
#650007328140
1!
#650007432144
0!
#650007536148
1!
#650007744156
0!
#650007848160
1!
#650007952625
0!
#650008160632
1!
#650008472644
0!
#650008576648
1!
#650008784656
0!
#650008888660
1!
#650008993125
0!
#650009097129
1!
#650009409140
0!
#650009617148
1!
#650009825156
0!
#650009929160
1!
#650010033625
0!
#650010137628
1!
#650010241632
0!
#650010657648
1!
#650010865656
0!
#650010969660
1!
#650011074125
0!
#650011386136
1!
#650011490140
0!
#650011594144
1!
#650011906156
0!
#650012010160
1!
#650012114625
0!
#650012218628
1!
#650012322633
0!
#650012738648
1!
#650012946656
0!
#650013050660
1!
#650013154875
0!
#650013362882
1!
#650013674894
0!
#650013778898
1!
#650013986906
0!
#650014090910
1!
#650014195375
0!
#650014819398
1!
#650014923402
0!
#650015131410
1!
#650015235875
0!
#650015339879
1!
#650015547886
0!
#650015755894
1!
#650015859898
0!
#650015963902
1!
#650016067906
0!
#650016171910
1!
#650016276375
0!
#650016380379
1!
#650016484382
0!
#650016588386
1!
#650016796394
0!
#650016900398
1!
#650017004402
0!
#650017212410
1!
#650017316875
0!
#650017420878
1!
#650017628886
0!
#650018044902
1!
#650018148906
0!
#650018252910
1!
#650018357375
0!
#650018461379
1!
#650018565382
0!
#650019085402
1!
#650019189406
0!
#650019293410
1!
#650019397625
0!
#650019605632
1!
#650019917644
0!
#650020125652
1!
#650020229656
0!
#650020333660
1!
#650020438125
0!
#650020542129
1!
#650020646132
0!
#650020750136
1!
#650020854140
0!
#650021166152
1!
#650021270156
0!
#650021374160
1!
#650021478625
0!
#650021686633
1!
#650021790636
0!
#650021894640
1!
#650022206652
0!
#650022414660
1!
#650022519125
0!
#650023143148
1!
#650023247152
0!
#650023455160
1!
#650023559625
0!
#650024079644
1!
#650024183648
0!
#650024287652
1!
#650024391656
0!
#650024495660
1!
#650024600125
0!
#650024704128
1!
#650024808132
0!
#650024912136
1!
#650025016140
0!
#650025224148
1!
#650025432156
0!
#650025536160
1!
#650025642562
0!
#650025850570
1!
#650026162582
0!
#650026266586
1!
#650026474594
0!
#650026578598
1!
#650026683062
0!
#650026787066
1!
#650027099078
0!
#650027307086
1!
#650027515094
0!
#650027619098
1!
#650027723562
0!
#650027827566
1!
#650028139578
0!
#650028347586
1!
#650028555594
0!
#650028659598
1!
#650028764062
0!
#650028868066
1!
#650028972070
0!
#650029076074
1!
#650029180078
0!
#650029284082
1!
#650029596094
0!
#650029700098
1!
#650029804562
0!
#650030012570
1!
#650030324582
0!
#650030428586
1!
#650030636594
0!
#650030740598
1!
#650030845062
0!
#650030949066
1!
#650031053070
0!
#650031469086
1!
#650031677094
0!
#650031781098
1!
#650031892500
0!
#650032516523
1!
#650032620527
0!
#650032828535
1!
#650032933000
0!
#650033245011
1!
#650033349015
0!
#650033557023
1!
#650033765031
0!
#650033869035
1!
#650033973500
0!
#650034077503
1!
#650034181507
0!
#650034597523
1!
#650034805531
0!
#650034909535
1!
#650035014000
0!
#650035326011
1!
#650035534019
0!
#650035638023
1!
#650035846031
0!
#650035950035
1!
#650036054500
0!
#650036158503
1!
#650036262507
0!
#650036678523
1!
#650036886531
0!
#650036990535
1!
#650037095000
0!
#650037199004
1!
#650037303007
0!
#650037407011
1!
#650037615019
0!
#650037719023
1!
#650037927031
0!
#650038031035
1!
#650038142437
0!
#650038766461
1!
#650038870465
0!
#650039078473
1!
#650039182937
0!
#650039286941
1!
#650039494949
0!
#650039598953
1!
#650039702957
0!
#650039806961
1!
#650040014969
0!
#650040118973
1!
#650040223437
0!
#650040327441
1!
#650040743457
0!
#650040847461
1!
#650041055469
0!
#650041159473
1!
#650041263937
0!
#650041471945
1!
#650041783957
0!
#650041887961
1!
#650042095969
0!
#650042199973
1!
#650042304437
0!
#650042616449
1!
#650042720453
0!
#650042928461
1!
#650043136469
0!
#650043240473
1!
#650043344937
0!
#650043448941
1!
#650043552945
0!
#650043760953
1!
#650043864957
0!
#650043968961
1!
#650044176969
0!
#650044280973
1!
#650044392687
0!
#650044496691
1!
#650044704699
0!
#650044912707
1!
#650045224719
0!
#650045328723
1!
#650045433187
0!
#650045537191
1!
#650045641195
0!
#650045849203
1!
#650045953207
0!
#650046057211
1!
#650046265219
0!
#650046369223
1!
#650046473687
0!
#650047097711
1!
#650047201715
0!
#650047409723
1!
#650047514187
0!
#650047826199
1!
#650047930203
0!
#650048242215
1!
#650048346219
0!
#650048450223
1!
#650048554687
0!
#650048658691
1!
#650048762695
0!
#650049282715
1!
#650049386719
0!
#650049490723
1!
#650049595187
0!
#650049803195
1!
#650049907199
0!
#650050115207
1!
#650050219211
0!
#650050323215
1!
#650050427219
0!
#650050531223
1!
#650050642625
0!
#650050746629
1!
#650050850632
0!
#650050954636
1!
#650051058640
0!
#650051162644
1!
#650051266648
0!
#650051370652
1!
#650051474656
0!
#650051578660
1!
#650051683125
0!
#650051891132
1!
#650051995136
0!
#650052203144
1!
#650052307148
0!
#650052411152
1!
#650052515156
0!
#650052619160
1!
#650052723625
0!
#650052827628
1!
#650052931632
0!
#650053451652
1!
#650053555656
0!
#650053659660
1!
#650053764125
0!
#650054076136
1!
#650054180140
0!
#650054284144
1!
#650054388148
0!
#650054492152
1!
#650054596156
0!
#650054700160
1!
#650054804625
0!
#650054908628
1!
#650055012632
0!
#650055428648
1!
#650055532652
0!
#650055740660
1!
#650055845125
0!
#650056469148
1!
#650056573152
0!
#650056781160
1!
#650056892437
0!
#650057204449
1!
#650057308453
0!
#650057412457
1!
#650057516461
0!
#650057620465
1!
#650057724469
0!
#650057828473
1!
#650057932937
0!
#650058036941
1!
#650058452957
0!
#650058556961
1!
#650058764969
0!
#650058868973
1!
#650058973437
0!
#650059077441
1!
#650059181445
0!
#650059285449
1!
#650059493457
0!
#650059597461
1!
#650059805469
0!
#650059909473
1!
#650060013937
0!
#650060221945
1!
#650060325949
0!
#650060637961
1!
#650060845969
0!
#650060949973
1!
#650061054437
0!
#650061158441
1!
#650061574457
0!
#650061678461
1!
#650061886469
0!
#650061990473
1!
#650062094937
0!
#650062406949
1!
#650062614957
0!
#650062718961
1!
#650062926969
0!
#650063030973
1!
#650063142687
0!
#650063766711
1!
#650063870715
0!
#650064078723
1!
#650064183187
0!
#650064703207
1!
#650065015219
0!
#650065119223
1!
#650065223500
0!
#650065327503
1!
#650065431507
0!
#650065847523
1!
#650066055531
0!
#650066159535
1!
#650066264000
0!
#650066472007
1!
#650066784019
0!
#650066888023
1!
#650067096031
0!
#650067200035
1!
#650067304500
0!
#650067408503
1!
#650067512507
0!
#650067720515
1!
#650067824519
0!
#650067928523
1!
#650068136531
0!
#650068240535
1!
#650068345000
0!
#650068449004
1!
#650068657011
0!
#650068969023
1!
#650069177031
0!
#650069281035
1!
#650069392437
0!
#650070016461
1!
#650070120465
0!
#650070328473
1!
#650070432937
0!
#650070744949
1!
#650070848953
0!
#650071056961
1!
#650071264969
0!
#650071368973
1!
#650071473437
0!
#650071577441
1!
#650071681445
0!
#650071889453
1!
#650071993457
0!
#650072097461
1!
#650072305469
0!
#650072409473
1!
#650072513937
0!
#650072825949
1!
#650072929953
0!
#650073033957
1!
#650073345969
0!
#650073449973
1!
#650073554437
0!
#650073658441
1!
#650073762445
0!
#650073866449
1!
#650073970453
0!
#650074178461
1!
#650074386469
0!
#650074490473
1!
#650074594937
0!
#650074698941
1!
#650074906949
0!
#650075010953
1!
#650075114957
0!
#650075218961
1!
#650075426969
0!
#650075530973
1!
#650075642687
0!
#650075746691
1!
#650075850695
0!
#650076266711
1!
#650076474719
0!
#650076578723
1!
#650076683187
0!
#650076891195
1!
#650077203207
0!
#650077307211
1!
#650077515219
0!
#650077619223
1!
#650077723687
0!
#650078347711
1!
#650078451715
0!
#650078659723
1!
#650078764187
0!
#650078868191
1!
#650078972195
0!
#650079388211
1!
#650079596219
0!
#650079700223
1!
#650079804687
0!
#650080116699
1!
#650080220703
0!
#650080324707
1!
#650080636719
0!
#650080740723
1!
#650080845187
0!
#650080949191
1!
#650081053195
0!
#650081469211
1!
#650081677219
0!
#650081781223
1!
#650081892625
0!
#650081996629
1!
#650082100632
0!
#650082204636
1!
#650082308640
0!
#650082412644
1!
#650082724656
0!
#650082828660
1!
#650082933125
0!
#650083557148
1!
#650083661152
0!
#650083869160
1!
#650083973625
0!
#650084493644
1!
#650084805656
0!
#650084909660
1!
#650085014125
0!
#650085118129
1!
#650085222132
0!
#650085326136
1!
#650085430140
0!
#650085638148
1!
#650085846156
0!
#650085950160
1!
#650086054625
0!
#650086262632
1!
#650086574644
0!
#650086678648
1!
#650086886656
0!
#650086990660
1!
#650087095125
0!
#650087199129
1!
#650087511140
0!
#650087719148
1!
#650087927156
0!
#650088031160
1!
#650088142562
0!
#650088246566
1!
#650088558578
0!
#650088766586
1!
#650088974594
0!
#650089078598
1!
#650089183062
0!
#650089287066
1!
#650089391070
0!
#650089495074
1!
#650089599078
0!
#650089703082
1!
#650090015094
0!
#650090119098
1!
#650090223562
0!
#650090431570
1!
#650090743582
0!
#650090847586
1!
#650091055594
0!
#650091159598
1!
#650091264062
0!
#650091368066
1!
#650091472070
0!
#650091888086
1!
#650092096094
0!
#650092200098
1!
#650092304562
0!
#650092928586
1!
#650093032590
0!
#650093240598
1!
#650093345062
0!
#650093657074
1!
#650093761078
0!
#650093865082
1!
#650094177094
0!
#650094281098
1!
#650094392500
0!
#650094496504
1!
#650094600507
0!
#650094704511
1!
#650094808515
0!
#650095016523
1!
#650095224531
0!
#650095328535
1!
#650095433000
0!
#650095641007
1!
#650095745011
0!
#650095953019
1!
#650096265031
0!
#650096369035
1!
#650096473500
0!
#650096785511
1!
#650096889515
0!
#650097097523
1!
#650097305531
0!
#650097409535
1!
#650097514000
0!
#650097618004
1!
#650097722007
0!
#650097826011
1!
#650097930015
0!
#650098138023
1!
#650098346031
0!
#650098450035
1!
#650098554500
0!
#650098866511
1!
#650098970515
0!
#650099074519
1!
#650099386531
0!
#650099490535
1!
#650099595000
0!
#650099699004
1!
#650099803007
0!
#650099907011
1!
#650100011015
0!
#650100219023
1!
#650100427031
0!
#650100531035
1!
#650100642437
0!
#650100746441
1!
#650100954449
0!
#650101058453
1!
#650101162457
0!
#650101266461
1!
#650101474469
0!
#650101578473
1!
#650101682937
0!
#650101786941
1!
#650101994949
0!
#650102202957
1!
#650102514969
0!
#650102618973
1!
#650102723437
0!
#650102827441
1!
#650102931445
0!
#650103139453
1!
#650103243457
0!
#650103347461
1!
#650103555469
0!
#650103659473
1!
#650103763937
0!
#650104387961
1!
#650104491965
0!
#650104699973
1!
#650104804437
0!
#650105012445
1!
#650105116449
0!
#650105220453
1!
#650105324457
0!
#650105428461
1!
#650105636469
0!
#650105740473
1!
#650105844937
0!
#650105948941
1!
#650106052945
0!
#650106468961
1!
#650106676969
0!
#650106780973
1!
#650106892687
0!
#650107204699
1!
#650107308703
0!
#650107412707
1!
#650107724719
0!
#650107828723
1!
#650107933187
0!
#650108037191
1!
#650108141195
0!
#650108245199
1!
#650108349203
0!
#650108453207
1!
#650108765219
0!
#650108869223
1!
#650108973687
0!
#650109389703
1!
#650109493707
0!
#650109597711
1!
#650109805719
0!
#650109909723
1!
#650110014187
0!
#650110222195
1!
#650110534207
0!
#650110638211
1!
#650110742215
0!
#650110950223
1!
#650111054500
0!
#650111262507
1!
#650111366511
0!
#650111470515
1!
#650111678523
0!
#650111990535
1!
#654778312500
0!
#654778416503
1!
#654778520507
0!
#654779040527
1!
#654779144531
0!
#654779248535
1!
#654779353000
0!
#654779665011
1!
#654779769015
0!
#654779873019
1!
#654779977023
0!
#654780081027
1!
#654780185031
0!
#654780289035
1!
#654780397937
0!
#654780501941
1!
#654780709949
0!
#654780813953
1!
#654780917957
0!
#654781021961
1!
#654781125965
0!
#654781333973
1!
#654781438437
0!
#654781542441
1!
#654781750449
0!
#654782166465
1!
#654782270469
0!
#654782374473
1!
#654782478937
0!
#654782582941
1!
#654782686945
0!
#654782790949
1!
#654782998957
0!
#654783206965
1!
#654783310969
0!
#654783414973
1!
#654783519437
0!
#654783623441
1!
#654783935453
0!
#654784247465
1!
#654784351469
0!
#654784455473
1!
#654784559937
0!
#654784663941
1!
#654784871949
0!
#654785079957
1!
#654785183961
0!
#654785287965
1!
#654785391969
0!
#654785495973
1!
#654785600437
0!
#654785704441
1!
#654785808445
0!
#654785912449
1!
#654786328465
0!
#654786536473
1!
#654786647875
0!
#654786855882
1!
#654786959886
0!
#654787271898
1!
#654787375902
0!
#654787583910
1!
#654787688375
0!
#654787792378
1!
#654788000386
0!
#654788104390
1!
#654788208394
0!
#654788312398
1!
#654788416402
0!
#654788624410
1!
#654788728875
0!
#654788936882
1!
#654789144890
0!
#654789248894
1!
#654789456902
0!
#654789664910
1!
#654789769375
0!
#654789977383
1!
#654790081386
0!
#654790289394
1!
#654790497402
0!
#654790705410
1!
#654790809875
0!
#654791225890
1!
#654791537902
0!
#654791745910
1!
#654791850375
0!
#654791954379
1!
#654792058382
0!
#654792370394
1!
#654792578402
0!
#654792786410
1!
#654792897812
0!
#654793105820
1!
#654793209824
0!
#654793417832
1!
#654793625840
0!
#654793833848
1!
#654793938312
0!
#654794042316
1!
#654794250324
0!
#654794458332
1!
#654794666340
0!
#654794874348
1!
#654794978812
0!
#654795290824
1!
#654795394828
0!
#654795498832
1!
#654795706840
0!
#654795914848
1!
#654796019312
0!
#654796123316
1!
#654796227320
0!
#654796331324
1!
#654796435328
0!
#654796539332
1!
#654796747340
0!
#654796955348
1!
#654797059812
0!
#654797267820
1!
#654797475828
0!
#654797579832
1!
#654797787840
0!
#654797995848
1!
#654798100312
0!
#654798204316
1!
#654798516328
0!
#654798620332
1!
#654798828340
0!
#654799036348
1!
#654799148062
0!
#654799564078
1!
#654799876090
0!
#654800084098
1!
#654800188562
0!
#654800292566
1!
#654800396570
0!
#654800604578
1!
#654800916590
0!
#654801124598
1!
#654801228875
0!
#654801748894
1!
#654801956902
0!
#654802164910
1!
#654802269375
0!
#654802477382
1!
#654802581386
0!
#654802893398
1!
#654802997402
0!
#654803205410
1!
#654803309875
0!
#654803413879
1!
#654803517882
0!
#654803621886
1!
#654803829894
0!
#654804245910
1!
#654804350375
0!
#654804558382
1!
#654804662386
0!
#654804766390
1!
#654804870394
0!
#654805286410
1!
#655840540500
0!
#655841060519
1!
#655841164523
0!
#655841268527
1!
#655841372531
0!
#655841476535
1!
#655841581000
0!
#655841685004
1!
#655841789007
0!
#655841893011
1!
#655841997015
0!
#655842205023
1!
#655842413031
0!
#655842517035
1!
#655842621500
0!
#655842829507
1!
#655842933511
0!
#655843141519
1!
#655843453531
0!
#655843557535
1!
#655843661875
0!
#655843765879
1!
#655843869882
0!
#655844077890
1!
#655844181894
0!
#655844285898
1!
#655844493906
0!
#655844597910
1!
#655844702375
0!
#655844910382
1!
#655845222394
0!
#655845326398
1!
#655845534406
0!
#655845638410
1!
#655845742875
0!
#655845846879
1!
#655846158890
0!
#655846366898
1!
#655846574906
0!
#655846678910
1!
#655846783375
0!
#655846887378
1!
#655846991382
0!
#655847407398
1!
#655847615406
0!
#655847719410
1!
#655847823875
0!
#655848135886
1!
#655848239890
0!
#655848343894
1!
#655848655906
0!
#655848759910
1!
#655848864375
0!
#655848968379
1!
#655849072382
0!
#655849488398
1!
#655849696406
0!
#655849800410
1!
#655849904625
0!
#655850112632
1!
#655850424644
0!
#655850528648
1!
#655850736656
0!
#655850840660
1!
#655850945125
0!
#655851569148
1!
#655851673152
0!
#655851881160
1!
#655851985625
0!
#655852089628
1!
#655852297636
0!
#655852505644
1!
#655852609648
0!
#655852713652
1!
#655852817656
0!
#655852921660
1!
#655853026125
0!
#655853130129
1!
#655853234132
0!
#655853338136
1!
#655853546144
0!
#655853650148
1!
#655853754152
0!
#655853962160
1!
#655854066625
0!
#655854170628
1!
#655854378636
0!
#655854794652
1!
#655854898656
0!
#655855002660
1!
#655855107125
0!
#655855211129
1!
#655855315132
0!
#655855835152
1!
#655855939156
0!
#655856043160
1!
#655856148000
0!
#655856356007
1!
#655856668019
0!
#655856876027
1!
#655856980031
0!
#655857084035
1!
#655857188500
0!
#655857292503
1!
#655857396507
0!
#655857500511
1!
#655857604515
0!
#655857916527
1!
#655858020531
0!
#655858124535
1!
#655858229000
0!
#655858437007
1!
#655858541011
0!
#655858645015
1!
#655858957027
0!
#655859165035
1!
#655859269500
0!
#655859893523
1!
#655859997527
0!
#655860205535
1!
#655860310000
0!
#655860830019
1!
#655860934023
0!
#655861038027
1!
#655861142031
0!
#655861246035
1!
#655861350500
0!
#655861454504
1!
#655861558507
0!
#655861662511
1!
#655861766515
0!
#655861974523
1!
#655862182531
0!
#655862286535
1!
#655862397937
0!
#655862605945
1!
#655862917957
0!
#655863021961
1!
#655863229969
0!
#655863333973
1!
#655863438437
0!
#655863542441
1!
#655863854453
0!
#655864062461
1!
#655864270469
0!
#655864374473
1!
#655864478937
0!
#655864582941
1!
#655864894953
0!
#655865102961
1!
#655865310969
0!
#655865414973
1!
#655865519437
0!
#655865623441
1!
#655865727445
0!
#655865831449
1!
#655865935453
0!
#655866039457
1!
#655866351469
0!
#655866455473
1!
#655866559937
0!
#655866767945
1!
#655867079957
0!
#655867183961
1!
#655867391969
0!
#655867495973
1!
#655867600437
0!
#655867704441
1!
#655867808445
0!
#655868224461
1!
#655868432469
0!
#655868536473
1!
#655868647875
0!
#655869271898
1!
#655869375902
0!
#655869583910
1!
#655869688375
0!
#655870000386
1!
#655870104390
0!
#655870312398
1!
#655870520406
0!
#655870624410
1!
#655870728875
0!
#655870832879
1!
#655870936882
0!
#655871352898
1!
#655871560906
0!
#655871664910
1!
#655871769375
0!
#655872081386
1!
#655872289394
0!
#655872393398
1!
#655872601406
0!
#655872705410
1!
#655872809875
0!
#655872913879
1!
#655873017882
0!
#655873433898
1!
#655873641906
0!
#655873745910
1!
#655873850375
0!
#655873954379
1!
#655874058382
0!
#655874162386
1!
#655874370394
0!
#655874474398
1!
#655874682406
0!
#655874786410
1!
#655874897812
0!
#655875521836
1!
#655875625840
0!
#655875833848
1!
#655875938312
0!
#655876042316
1!
#655876250324
0!
#655876354328
1!
#655876458332
0!
#655876562336
1!
#655876770344
0!
#655876874348
1!
#655876978812
0!
#655877082816
1!
#655877498832
0!
#655877602836
1!
#655877810844
0!
#655877914848
1!
#655878019312
0!
#655878227320
1!
#655878539332
0!
#655878643336
1!
#655878851344
0!
#655878955348
1!
#655879059812
0!
#655879371824
1!
#655879475828
0!
#655879683836
1!
#655879891844
0!
#655879995848
1!
#655880100312
0!
#655880204316
1!
#655880308320
0!
#655880516328
1!
#655880620332
0!
#655880724336
1!
#655880932344
0!
#655881036348
1!
#655881148062
0!
#655881252066
1!
#655881460074
0!
#655881668082
1!
#655881980094
0!
#655882084098
1!
#655882188562
0!
#655882292566
1!
#655882396570
0!
#655882604578
1!
#655882708582
0!
#655882812586
1!
#655883020594
0!
#655883124598
1!
#655883229062
0!
#655883853086
1!
#655883957090
0!
#655884165098
1!
#655884269562
0!
#655884581574
1!
#655884685578
0!
#655884997590
1!
#655885101594
0!
#655885205598
1!
#655885310062
0!
#655885414066
1!
#655885518070
0!
#655886038090
1!
#655886142094
0!
#655886246098
1!
#655886350562
0!
#655886558570
1!
#655886662574
0!
#655886870582
1!
#655886974586
0!
#655887078590
1!
#655887182594
0!
#655887286598
1!
#655887398000
0!
#655887502004
1!
#655887606007
0!
#655887710011
1!
#655887814015
0!
#655887918019
1!
#655888022023
0!
#655888126027
1!
#655888230031
0!
#655888334035
1!
#655888438500
0!
#655888646507
1!
#655888750511
0!
#655888958519
1!
#655889062523
0!
#655889166527
1!
#655889270531
0!
#655889374535
1!
#655889479000
0!
#655889583004
1!
#655889687007
0!
#655890207027
1!
#655890311031
0!
#655890415035
1!
#655890519500
0!
#655890831511
1!
#655890935515
0!
#655891039519
1!
#655891143523
0!
#655891247527
1!
#655891351531
0!
#655891455535
1!
#655891560000
0!
#655891664004
1!
#655891768007
0!
#655892184023
1!
#655892288027
0!
#655892496035
1!
#655892600500
0!
#655893224523
1!
#655893328527
0!
#655893536535
1!
#655893647812
0!
#655893959824
1!
#655894063828
0!
#655894167832
1!
#655894271836
0!
#655894375840
1!
#655894479844
0!
#655894583848
1!
#655894688312
0!
#655894792316
1!
#655895208332
0!
#655895312336
1!
#655895520344
0!
#655895624348
1!
#655895728812
0!
#655895832816
1!
#655895936820
0!
#655896040824
1!
#655896248832
0!
#655896352836
1!
#655896560844
0!
#655896664848
1!
#655896769312
0!
#655896977320
1!
#655897081324
0!
#655897393336
1!
#655897601344
0!
#655897705348
1!
#655897809812
0!
#655897913816
1!
#655898329832
0!
#655898433836
1!
#655898641844
0!
#655898745848
1!
#655898850312
0!
#655899162324
1!
#655899370332
0!
#655899474336
1!
#655899682344
0!
#655899786348
1!
#655899898062
0!
#655900522086
1!
#655900626090
0!
#655900834098
1!
#655900938562
0!
#655901458582
1!
#655901770594
0!
#655901874598
1!
#655901979062
0!
#655902083066
1!
#655902187070
0!
#655902603086
1!
#655902811094
0!
#655902915098
1!
#655903019562
0!
#655903227570
1!
#655903539582
0!
#655903643586
1!
#655903851594
0!
#655903955598
1!
#655904060062
0!
#655904164066
1!
#655904268070
0!
#655904476078
1!
#655904580082
0!
#655904684086
1!
#655904892094
0!
#655904996098
1!
#655905100375
0!
#655905204379
1!
#655905412386
0!
#655905724398
1!
#655905932406
0!
#655906036410
1!
#655906147812
0!
#655906771836
1!
#655906875840
0!
#655907083848
1!
#655907188312
0!
#655907500324
1!
#655907604328
0!
#655907812336
1!
#655908020344
0!
#655908124348
1!
#655908228812
0!
#655908332816
1!
#655908436820
0!
#655908644828
1!
#655908748832
0!
#655908852836
1!
#655909060844
0!
#655909164848
1!
#655909269312
0!
#655909581324
1!
#655909685328
0!
#655909789332
1!
#655910101344
0!
#655910205348
1!
#655910309812
0!
#655910413816
1!
#655910517820
0!
#655910621824
1!
#655910725828
0!
#655910933836
1!
#655911141844
0!
#655911245848
1!
#655911350312
0!
#655911454316
1!
#655911662324
0!
#655911766328
1!
#655911870332
0!
#655911974336
1!
#655912182344
0!
#655912286348
1!
#655912398062
0!
#655912502066
1!
#655912606070
0!
#655913022086
1!
#655913230094
0!
#655913334098
1!
#655913438562
0!
#655913646570
1!
#655913958582
0!
#655914062586
1!
#655914270594
0!
#655914374598
1!
#655914479062
0!
#655915103086
1!
#655915207090
0!
#655915415098
1!
#655915519562
0!
#655915623566
1!
#655915727570
0!
#655916143586
1!
#655916351594
0!
#655916455598
1!
#655916560062
0!
#655916872074
1!
#655916976078
0!
#655917080082
1!
#655917392094
0!
#655917496098
1!
#655917600562
0!
#655917704566
1!
#655917808570
0!
#655918224586
1!
#655918432594
0!
#655918536598
1!
#655918648000
0!
#655918752004
1!
#655918856007
0!
#655918960011
1!
#655919064015
0!
#655919168019
1!
#655919480031
0!
#655919584035
1!
#655919688500
0!
#655920312523
1!
#655920416527
0!
#655920624535
1!
#655920729000
0!
#655921249019
1!
#655921561031
0!
#655921665035
1!
#655921769500
0!
#655921873503
1!
#655921977508
0!
#655922081511
1!
#655922185515
0!
#655922393523
1!
#655922601531
0!
#655922705535
1!
#655922810000
0!
#655923018007
1!
#655923330019
0!
#655923434023
1!
#655923642031
0!
#655923746035
1!
#655923850500
0!
#655923954504
1!
#655924266515
0!
#655924474523
1!
#655924682531
0!
#655924786535
1!
#655924897937
0!
#655925001941
1!
#655925313953
0!
#655925521961
1!
#655925729969
0!
#655925833973
1!
#655925938437
0!
#655926042441
1!
#655926146445
0!
#655926250449
1!
#655926354453
0!
#655926458457
1!
#655926770469
0!
#655926874473
1!
#655926978937
0!
#655927186945
1!
#655927498957
0!
#655927602961
1!
#655927810969
0!
#655927914973
1!
#655928019437
0!
#655928123441
1!
#655928227445
0!
#655928643461
1!
#655928851469
0!
#655928955473
1!
#655929059937
0!
#655929683961
1!
#655929787965
0!
#655929995973
1!
#655930100437
0!
#655930412449
1!
#655930516453
0!
#655930620457
1!
#655930932469
0!
#655931036473
1!
#655931147875
0!
#655931251879
1!
#655931355882
0!
#655931459886
1!
#655931563890
0!
#655931771898
1!
#655931979906
0!
#655932083910
1!
#655932188375
0!
#655932396382
1!
#655932500386
0!
#655932708394
1!
#655933020406
0!
#655933124410
1!
#655933228875
0!
#655933540886
1!
#655933644890
0!
#655933852898
1!
#655934060906
0!
#655934164910
1!
#655934269375
0!
#655934373378
1!
#655934477383
0!
#655934581386
1!
#655934685390
0!
#655934893398
1!
#655935101406
0!
#655935205410
1!
#655935309875
0!
#655935621886
1!
#655935725890
0!
#655935829894
1!
#655936141906
0!
#655936245910
1!
#655936350375
0!
#655936454379
1!
#655936558382
0!
#655936662386
1!
#655936766390
0!
#655936974398
1!
#655937182406
0!
#655937286410
1!
#655937397812
0!
#655937501816
1!
#655937709824
0!
#655937813828
1!
#655937917832
0!
#655938021836
1!
#655938229844
0!
#655938333848
1!
#655938438312
0!
#655938542316
1!
#655938750324
0!
#655938958332
1!
#655939270344
0!
#655939374348
1!
#655939478812
0!
#655939582816
1!
#655939686820
0!
#655939894828
1!
#655939998832
0!
#655940102836
1!
#655940310844
0!
#655940414848
1!
#655940519312
0!
#655941143336
1!
#655941247340
0!
#655941455348
1!
#655941559812
0!
#655941767820
1!
#655941871824
0!
#655941975828
1!
#655942079832
0!
#655942183836
1!
#655942391844
0!
#655942495848
1!
#655942600312
0!
#655942704316
1!
#655942808320
0!
#655943224336
1!
#655943432344
0!
#655943536348
1!
#655943648062
0!
#655943960074
1!
#655944064078
0!
#655944168082
1!
#655944480094
0!
#655944584098
1!
#655944688562
0!
#655944792566
1!
#655944896570
0!
#655945000574
1!
#655945104578
0!
#655945208582
1!
#655945520594
0!
#655945624598
1!
#655945729062
0!
#655946145078
1!
#655946249082
0!
#655946353086
1!
#655946561094
0!
#655946665098
1!
#655946769562
0!
#655946977570
1!
#655947289582
0!
#655947393586
1!
#655947497590
0!
#655947705598
1!
#655947809875
0!
#655948017882
1!
#655948121886
0!
#655948225890
1!
#655948433898
0!
#655948745910
1!
#777878559750
0!
#777878663754
1!
#777878767757
0!
#777879287777
1!
#777879391781
0!
#777879495785
1!
#777879600250
0!
#777879912261
1!
#777880016265
0!
#777880120269
1!
#777880224273
0!
#777880328277
1!
#777880432281
0!
#777880536285
1!
#777880645187
0!
#777880749191
1!
#777880957199
0!
#777881061203
1!
#777881165207
0!
#777881269211
1!
#777881373215
0!
#777881581223
1!
#777881685687
0!
#777881789691
1!
#777881997699
0!
#777882413715
1!
#777882517719
0!
#777882621723
1!
#777882726187
0!
#777882830191
1!
#777882934195
0!
#777883038199
1!
#777883246207
0!
#777883454215
1!
#777883558219
0!
#777883662223
1!
#777883766687
0!
#777883870691
1!
#777884182703
0!
#777884494715
1!
#777884598719
0!
#777884702723
1!
#777884807187
0!
#777884911191
1!
#777885119199
0!
#777885327207
1!
#777885431211
0!
#777885535215
1!
#777885639219
0!
#777885743223
1!
#777885847687
0!
#777885951691
1!
#777886055695
0!
#777886159699
1!
#777886575715
0!
#777886783723
1!
#777886895125
0!
#777887103132
1!
#777887207136
0!
#777887519148
1!
#777887623152
0!
#777887831160
1!
#777887935625
0!
#777888039629
1!
#777888247636
0!
#777888351640
1!
#777888455644
0!
#777888559648
1!
#777888663652
0!
#777888871660
1!
#777888976125
0!
#777889184132
1!
#777889392140
0!
#777889496144
1!
#777889704152
0!
#777889912160
1!
#777890016625
0!
#777890224632
1!
#777890328636
0!
#777890536644
1!
#777890744652
0!
#777890952660
1!
#777891057125
0!
#777891473140
1!
#777891785152
0!
#777891993160
1!
#777892097625
0!
#777892201629
1!
#777892305632
0!
#777892617644
1!
#777892825652
0!
#777893033660
1!
#777893145062
0!
#777893353070
1!
#777893457074
0!
#777893665082
1!
#777893873090
0!
#777894081098
1!
#777894185562
0!
#777894289566
1!
#777894497574
0!
#777894705582
1!
#777894913590
0!
#777895121598
1!
#777895226062
0!
#777895538074
1!
#777895642078
0!
#777895746082
1!
#777895954090
0!
#777896162098
1!
#777896266375
0!
#777896370378
1!
#777896474383
0!
#777896578386
1!
#777896682390
0!
#777896786394
1!
#777896994402
0!
#777897202410
1!
#777897306875
0!
#777897514882
1!
#777897722890
0!
#777897826894
1!
#777898034902
0!
#777898242910
1!
#777898347375
0!
#777898451379
1!
#777898763390
0!
#777898867394
1!
#777899075402
0!
#777899283410
1!
#777899395125
0!
#777899811140
1!
#777900123152
0!
#777900331160
1!
#777900435625
0!
#777900539628
1!
#777900643632
0!
#777900851640
1!
#777901163652
0!
#777901371660
1!
#777901476125
0!
#777901996144
1!
#777902204152
0!
#777902412160
1!
#777902516625
0!
#777902724632
1!
#777902828636
0!
#777903140648
1!
#777903244652
0!
#777903452660
1!
#777903557125
0!
#777903661129
1!
#777903765132
0!
#777903869136
1!
#777904077144
0!
#777904493160
1!
#777904597625
0!
#777904805632
1!
#777904909636
0!
#777905013640
1!
#777905117644
0!
#777905533660
1!
#778940793500
0!
#778941313519
1!
#778941417523
0!
#778941521527
1!
#778941625531
0!
#778941729535
1!
#778941834000
0!
#778941938003
1!
#778942042007
0!
#778942146011
1!
#778942250015
0!
#778942458023
1!
#778942666031
0!
#778942770035
1!
#778942874500
0!
#778943082507
1!
#778943186511
0!
#778943394519
1!
#778943706531
0!
#778943810535
1!
#778943914750
0!
#778944018753
1!
#778944122757
0!
#778944330765
1!
#778944434769
0!
#778944538773
1!
#778944746781
0!
#778944850785
1!
#778944955250
0!
#778945163257
1!
#778945475269
0!
#778945579273
1!
#778945787281
0!
#778945891285
1!
#778945995750
0!
#778946099754
1!
#778946411765
0!
#778946619773
1!
#778946827781
0!
#778946931785
1!
#778947036250
0!
#778947140253
1!
#778947244257
0!
#778947660273
1!
#778947868281
0!
#778947972285
1!
#778948076750
0!
#778948388761
1!
#778948492765
0!
#778948596769
1!
#778948908781
0!
#778949012785
1!
#778949117250
0!
#778949221253
1!
#778949325257
0!
#778949741273
1!
#778949949281
0!
#778950053285
1!
#778950157500
0!
#778950365507
1!
#778950677519
0!
#778950781523
1!
#778950989531
0!
#778951093535
1!
#778951198000
0!
#778951822023
1!
#778951926027
0!
#778952134035
1!
#778952238500
0!
#778952342504
1!
#778952550511
0!
#778952758519
1!
#778952862523
0!
#778952966527
1!
#778953070531
0!
#778953174535
1!
#778953279000
0!
#778953383004
1!
#778953487007
0!
#778953591011
1!
#778953799019
0!
#778953903023
1!
#778954007027
0!
#778954215035
1!
#778954319500
0!
#778954423503
1!
#778954631511
0!
#778955047527
1!
#778955151531
0!
#778955255535
1!
#778955360000
0!
#778955464004
1!
#778955568007
0!
#778956088027
1!
#778956192031
0!
#778956296035
1!
#778956400250
0!
#778956608257
1!
#778956920269
0!
#778957128277
1!
#778957232281
0!
#778957336285
1!
#778957440750
0!
#778957544754
1!
#778957648757
0!
#778957752761
1!
#778957856765
0!
#778958168777
1!
#778958272781
0!
#778958376785
1!
#778958481250
0!
#778958689257
1!
#778958793261
0!
#778958897265
1!
#778959209277
0!
#778959417285
1!
#778959521750
0!
#778960145773
1!
#778960249777
0!
#778960457785
1!
#778960562250
0!
#778961082269
1!
#778961186273
0!
#778961290277
1!
#778961394281
0!
#778961498285
1!
#778961602750
0!
#778961706753
1!
#778961810757
0!
#778961914761
1!
#778962018765
0!
#778962226773
1!
#778962434781
0!
#778962538785
1!
#778962645187
0!
#778962853195
1!
#778963165207
0!
#778963269211
1!
#778963477219
0!
#778963581223
1!
#778963685687
0!
#778963789691
1!
#778964101703
0!
#778964309711
1!
#778964517719
0!
#778964621723
1!
#778964726187
0!
#778964830191
1!
#778965142203
0!
#778965350211
1!
#778965558219
0!
#778965662223
1!
#778965766687
0!
#778965870691
1!
#778965974695
0!
#778966078699
1!
#778966182703
0!
#778966286707
1!
#778966598719
0!
#778966702723
1!
#778966807187
0!
#778967015195
1!
#778967327207
0!
#778967431211
1!
#778967639219
0!
#778967743223
1!
#778967847687
0!
#778967951691
1!
#778968055695
0!
#778968471711
1!
#778968679719
0!
#778968783723
1!
#778968895125
0!
#778969519148
1!
#778969623152
0!
#778969831160
1!
#778969935625
0!
#778970247636
1!
#778970351640
0!
#778970559648
1!
#778970767656
0!
#778970871660
1!
#778970976125
0!
#778971080128
1!
#778971184133
0!
#778971600148
1!
#778971808156
0!
#778971912160
1!
#778972016625
0!
#778972328636
1!
#778972536644
0!
#778972640648
1!
#778972848656
0!
#778972952660
1!
#778973057125
0!
#778973161129
1!
#778973265132
0!
#778973681148
1!
#778973889156
0!
#778973993160
1!
#778974097625
0!
#778974201628
1!
#778974305632
0!
#778974409636
1!
#778974617644
0!
#778974721648
1!
#778974929656
0!
#778975033660
1!
#778975145062
0!
#778975769086
1!
#778975873090
0!
#778976081098
1!
#778976185562
0!
#778976289566
1!
#778976497574
0!
#778976601578
1!
#778976705582
0!
#778976809586
1!
#778977017594
0!
#778977121598
1!
#778977226062
0!
#778977330066
1!
#778977746082
0!
#778977850086
1!
#778978058094
0!
#778978162098
1!
#778978266562
0!
#778978474570
1!
#778978786582
0!
#778978890586
1!
#778979098594
0!
#778979202598
1!
#778979307062
0!
#778979619074
1!
#778979723078
0!
#778979931086
1!
#778980139094
0!
#778980243098
1!
#778980347562
0!
#778980451566
1!
#778980555570
0!
#778980763578
1!
#778980867582
0!
#778980971586
1!
#778981179594
0!
#778981283598
1!
#778981395312
0!
#778981499316
1!
#778981707324
0!
#778981915332
1!
#778982227344
0!
#778982331348
1!
#778982435812
0!
#778982539816
1!
#778982643820
0!
#778982851828
1!
#778982955832
0!
#778983059836
1!
#778983267844
0!
#778983371848
1!
#778983476312
0!
#778984100336
1!
#778984204340
0!
#778984412348
1!
#778984516812
0!
#778984828824
1!
#778984932828
0!
#778985244840
1!
#778985348844
0!
#778985452848
1!
#778985557312
0!
#778985661316
1!
#778985765320
0!
#778986285340
1!
#778986389344
0!
#778986493348
1!
#778986597812
0!
#778986805820
1!
#778986909824
0!
#778987117832
1!
#778987221836
0!
#778987325840
1!
#778987429844
0!
#778987533848
1!
#778987645250
0!
#778987749253
1!
#778987853257
0!
#778987957261
1!
#778988061265
0!
#778988165269
1!
#778988269273
0!
#778988373277
1!
#778988477281
0!
#778988581285
1!
#778988685750
0!
#778988893757
1!
#778988997761
0!
#778989205769
1!
#778989309773
0!
#778989413777
1!
#778989517781
0!
#778989621785
1!
#778989726250
0!
#778989830253
1!
#778989934258
0!
#778990454277
1!
#778990558281
0!
#778990662285
1!
#778990766750
0!
#778991078761
1!
#778991182765
0!
#778991286769
1!
#778991390773
0!
#778991494777
1!
#778991598781
0!
#778991702785
1!
#778991807250
0!
#778991911254
1!
#778992015257
0!
#778992431273
1!
#778992535277
0!
#778992743285
1!
#778992847750
0!
#778993471773
1!
#778993575777
0!
#778993783785
1!
#778993895062
0!
#778994207074
1!
#778994311078
0!
#778994415082
1!
#778994519086
0!
#778994623090
1!
#778994727094
0!
#778994831098
1!
#778994935562
0!
#778995039566
1!
#778995455582
0!
#778995559586
1!
#778995767594
0!
#778995871598
1!
#778995976062
0!
#778996080066
1!
#778996184070
0!
#778996288074
1!
#778996496082
0!
#778996600086
1!
#778996808094
0!
#778996912098
1!
#778997016562
0!
#778997224570
1!
#778997328574
0!
#778997640586
1!
#778997848594
0!
#778997952598
1!
#778998057062
0!
#778998161066
1!
#778998577082
0!
#778998681086
1!
#778998889094
0!
#778998993098
1!
#778999097562
0!
#778999409574
1!
#778999617582
0!
#778999721586
1!
#778999929594
0!
#779000033598
1!
#779000145125
0!
#779000769148
1!
#779000873152
0!
#779001081160
1!
#779001185625
0!
#779001705644
1!
#779002017656
0!
#779002121660
1!
#779002226125
0!
#779002330128
1!
#779002434133
0!
#779002850148
1!
#779003058156
0!
#779003162160
1!
#779003266625
0!
#779003474632
1!
#779003786644
0!
#779003890648
1!
#779004098656
0!
#779004202660
1!
#779004307125
0!
#779004411129
1!
#779004515132
0!
#779004723140
1!
#779004827144
0!
#779004931148
1!
#779005139156
0!
#779005243160
1!
#779005347625
0!
#779005451628
1!
#779005659636
0!
#779005971648
1!
#779006179656
0!
#779006283660
1!
#779006395062
0!
#779007019086
1!
#779007123090
0!
#779007331098
1!
#779007435562
0!
#779007747574
1!
#779007851578
0!
#779008059586
1!
#779008267594
0!
#779008371598
1!
#779008476062
0!
#779008580066
1!
#779008684070
0!
#779008892078
1!
#779008996082
0!
#779009100086
1!
#779009308094
0!
#779009412098
1!
#779009516562
0!
#779009828574
1!
#779009932578
0!
#779010036582
1!
#779010348594
0!
#779010452598
1!
#779010557062
0!
#779010661066
1!
#779010765070
0!
#779010869074
1!
#779010973078
0!
#779011181086
1!
#779011389094
0!
#779011493098
1!
#779011597562
0!
#779011701566
1!
#779011909574
0!
#779012013578
1!
#779012117582
0!
#779012221586
1!
#779012429594
0!
#779012533598
1!
#779012645312
0!
#779012749316
1!
#779012853320
0!
#779013269336
1!
#779013477344
0!
#779013581348
1!
#779013685812
0!
#779013893820
1!
#779014205832
0!
#779014309836
1!
#779014517844
0!
#779014621848
1!
#779014726312
0!
#779015350336
1!
#779015454340
0!
#779015662348
1!
#779015766812
0!
#779015870816
1!
#779015974820
0!
#779016390836
1!
#779016598844
0!
#779016702848
1!
#779016807312
0!
#779017119324
1!
#779017223328
0!
#779017327332
1!
#779017639344
0!
#779017743348
1!
#779017847812
0!
#779017951816
1!
#779018055820
0!
#779018471836
1!
#779018679844
0!
#779018783848
1!
#779018895250
0!
#779018999253
1!
#779019103257
0!
#779019207261
1!
#779019311265
0!
#779019415269
1!
#779019727281
0!
#779019831285
1!
#779019935750
0!
#779020559773
1!
#779020663777
0!
#779020871785
1!
#779020976250
0!
#779021496269
1!
#779021808281
0!
#779021912285
1!
#779022016750
0!
#779022120754
1!
#779022224757
0!
#779022328761
1!
#779022432765
0!
#779022640773
1!
#779022848781
0!
#779022952785
1!
#779023057250
0!
#779023265257
1!
#779023577269
0!
#779023681273
1!
#779023889281
0!
#779023993285
1!
#779024097750
0!
#779024201753
1!
#779024513765
0!
#779024721773
1!
#779024929781
0!
#779025033785
1!
#779025145187
0!
#779025249191
1!
#779025561203
0!
#779025769211
1!
#779025977219
0!
#779026081223
1!
#779026185687
0!
#779026289691
1!
#779026393695
0!
#779026497699
1!
#779026601703
0!
#779026705707
1!
#779027017719
0!
#779027121723
1!
#779027226187
0!
#779027434195
1!
#779027746207
0!
#779027850211
1!
#779028058219
0!
#779028162223
1!
#779028266687
0!
#779028370691
1!
#779028474695
0!
#779028890711
1!
#779029098719
0!
#779029202723
1!
#779029307187
0!
#779029931211
1!
#779030035215
0!
#779030243223
1!
#779030347687
0!
#779030659699
1!
#779030763703
0!
#779030867707
1!
#779031179719
0!
#779031283723
1!
#779031395125
0!
#779031499129
1!
#779031603132
0!
#779031707136
1!
#779031811140
0!
#779032019148
1!
#779032227156
0!
#779032331160
1!
#779032435625
0!
#779032643632
1!
#779032747636
0!
#779032955644
1!
#779033267656
0!
#779033371660
1!
#779033476125
0!
#779033788136
1!
#779033892140
0!
#779034100148
1!
#779034308156
0!
#779034412160
1!
#779034516625
0!
#779034620629
1!
#779034724632
0!
#779034828636
1!
#779034932640
0!
#779035140648
1!
#779035348656
0!
#779035452660
1!
#779035557125
0!
#779035869136
1!
#779035973140
0!
#779036077144
1!
#779036389156
0!
#779036493160
1!
#779036597625
0!
#779036701628
1!
#779036805632
0!
#779036909636
1!
#779037013640
0!
#779037221648
1!
#779037429656
0!
#779037533660
1!
#779037645062
0!
#779037749066
1!
#779037957074
0!
#779038061078
1!
#779038165082
0!
#779038269086
1!
#779038477094
0!
#779038581098
1!
#779038685562
0!
#779038789566
1!
#779038997574
0!
#779039205582
1!
#779039517594
0!
#779039621598
1!
#779039726062
0!
#779039830066
1!
#779039934070
0!
#779040142078
1!
#779040246082
0!
#779040350086
1!
#779040558094
0!
#779040662098
1!
#779040766562
0!
#779041390586
1!
#779041494590
0!
#779041702598
1!
#779041807062
0!
#779042015070
1!
#779042119074
0!
#779042223078
1!
#779042327082
0!
#779042431086
1!
#779042639094
0!
#779042743098
1!
#779042847562
0!
#779042951566
1!
#779043055570
0!
#779043471586
1!
#779043679594
0!
#779043783598
1!
#779043895312
0!
#779044207324
1!
#779044311328
0!
#779044415332
1!
#779044727344
0!
#779044831348
1!
#779044935812
0!
#779045039816
1!
#779045143820
0!
#779045247824
1!
#779045351828
0!
#779045455832
1!
#779045767844
0!
#779045871848
1!
#779045976312
0!
#779046392328
1!
#779046496332
0!
#779046600336
1!
#779046808344
0!
#779046912348
1!
#779047016812
0!
#779047224820
1!
#779047536832
0!
#779047640836
1!
#779047744840
0!
#779047952848
1!
#779048057125
0!
#779048265132
1!
#779048369136
0!
#779048473140
1!
#779048681148
0!
#779048993160
1!
#866733446750
1!
